Command line invocation:
    /Applications/Xcode.app/Contents/Developer/usr/bin/xcodebuild -project PasteAsFile.xcodeproj -scheme PasteAsFile -configuration Release -derivedDataPath /tmp/pasteasfile-build/xcode-signed CODE_SIGN_STYLE=Manual "CODE_SIGN_IDENTITY=Apple Development: <AppleID-masque> (6DF5D67K87)" DEVELOPMENT_TEAM=7JX62UTF63 build

Build settings from command line:
    CODE_SIGN_IDENTITY = Apple Development: <AppleID-masque> (6DF5D67K87)
    CODE_SIGN_STYLE = Manual
    DEVELOPMENT_TEAM = 7JX62UTF63

--- xcodebuild: WARNING: Using the first of multiple matching destinations:
{ platform:macOS, arch:arm64, id:00006041-001C08D93EF9801C, name:My Mac }
{ platform:macOS, arch:x86_64, id:00006041-001C08D93EF9801C, name:My Mac }
{ platform:macOS, name:Any Mac }
note: Using codesigning identity override: Apple Development: <AppleID-masque> (6DF5D67K87)
ComputePackagePrebuildTargetDependencyGraph

Prepare packages

CreateBuildRequest

SendProjectDescription

CreateBuildOperation

ComputeTargetDependencyGraph
note: Building targets in dependency order
note: Target dependency graph (2 targets)
    Target 'PasteAsFile' in project 'PasteAsFile'
        ➜ Explicit dependency on target 'PasteAsFileFinder' in project 'PasteAsFile'
    Target 'PasteAsFileFinder' in project 'PasteAsFile' (no dependencies)

GatherProvisioningInputs

CreateBuildDescription

ExecuteExternalTool /Applications/Xcode.app/Contents/Developer/Toolchains/XcodeDefault.xctoolchain/usr/bin/swiftc --version

ExecuteExternalTool /Applications/Xcode.app/Contents/Developer/Toolchains/XcodeDefault.xctoolchain/usr/bin/clang -v -E -dM -isysroot /Applications/Xcode.app/Contents/Developer/Platforms/MacOSX.platform/Developer/SDKs/MacOSX27.0.sdk -x c -c /dev/null

ExecuteExternalTool /Applications/Xcode.app/Contents/Developer/Toolchains/XcodeDefault.xctoolchain/usr/bin/ld -version_details

Build description signature: ec2b8ee7e43ec67454bed57668ae0122
Build description path: /tmp/pasteasfile-build/xcode-signed/Build/Intermediates.noindex/XCBuildData/ec2b8ee7e43ec67454bed57668ae0122.xcbuilddata
CreateBuildDirectory /tmp/pasteasfile-build/xcode-signed/SDKExplicitPrecompiledModules
    cd /Users/bf/Library/CloudStorage/GoogleDrive-bernynoussi@gmail.com/Mon\ Drive/Formation/Collège\ BDEB/ETE_2026/420-A60-BB\ ALGORITHMES\ D\'APPRENTISSAGE\ PROFOND/Examen\ Final/PasteAsFile/PasteAsFile.xcodeproj
    builtin-create-build-directory /tmp/pasteasfile-build/xcode-signed/SDKExplicitPrecompiledModules

CreateBuildDirectory /tmp/pasteasfile-build/xcode-signed/ModuleCache.noindex
    cd /Users/bf/Library/CloudStorage/GoogleDrive-bernynoussi@gmail.com/Mon\ Drive/Formation/Collège\ BDEB/ETE_2026/420-A60-BB\ ALGORITHMES\ D\'APPRENTISSAGE\ PROFOND/Examen\ Final/PasteAsFile/PasteAsFile.xcodeproj
    builtin-create-build-directory /tmp/pasteasfile-build/xcode-signed/ModuleCache.noindex

CreateBuildDirectory /tmp/pasteasfile-build/xcode-signed/CompilationCache.noindex
    cd /Users/bf/Library/CloudStorage/GoogleDrive-bernynoussi@gmail.com/Mon\ Drive/Formation/Collège\ BDEB/ETE_2026/420-A60-BB\ ALGORITHMES\ D\'APPRENTISSAGE\ PROFOND/Examen\ Final/PasteAsFile/PasteAsFile.xcodeproj
    builtin-create-build-directory /tmp/pasteasfile-build/xcode-signed/CompilationCache.noindex

CreateBuildDirectory /tmp/pasteasfile-build/xcode-signed/Build/Products
    cd /Users/bf/Library/CloudStorage/GoogleDrive-bernynoussi@gmail.com/Mon\ Drive/Formation/Collège\ BDEB/ETE_2026/420-A60-BB\ ALGORITHMES\ D\'APPRENTISSAGE\ PROFOND/Examen\ Final/PasteAsFile/PasteAsFile.xcodeproj
    builtin-create-build-directory /tmp/pasteasfile-build/xcode-signed/Build/Products

CreateBuildDirectory /tmp/pasteasfile-build/xcode-signed/Build/Intermediates.noindex
    cd /Users/bf/Library/CloudStorage/GoogleDrive-bernynoussi@gmail.com/Mon\ Drive/Formation/Collège\ BDEB/ETE_2026/420-A60-BB\ ALGORITHMES\ D\'APPRENTISSAGE\ PROFOND/Examen\ Final/PasteAsFile/PasteAsFile.xcodeproj
    builtin-create-build-directory /tmp/pasteasfile-build/xcode-signed/Build/Intermediates.noindex

ClangStatCache /Applications/Xcode.app/Contents/Developer/Toolchains/XcodeDefault.xctoolchain/usr/bin/clang-stat-cache /Applications/Xcode.app/Contents/Developer/Platforms/MacOSX.platform/Developer/SDKs/MacOSX27.0.sdk /tmp/pasteasfile-build/xcode-signed/SDKStatCaches.noindex/macosx27.0-26A425-7231f6df4def33e022ae2eb8f782df1a.sdkstatcache
    cd /Users/bf/Library/CloudStorage/GoogleDrive-bernynoussi@gmail.com/Mon\ Drive/Formation/Collège\ BDEB/ETE_2026/420-A60-BB\ ALGORITHMES\ D\'APPRENTISSAGE\ PROFOND/Examen\ Final/PasteAsFile/PasteAsFile.xcodeproj
    /Applications/Xcode.app/Contents/Developer/Toolchains/XcodeDefault.xctoolchain/usr/bin/clang-stat-cache /Applications/Xcode.app/Contents/Developer/Platforms/MacOSX.platform/Developer/SDKs/MacOSX27.0.sdk -o /tmp/pasteasfile-build/xcode-signed/SDKStatCaches.noindex/macosx27.0-26A425-7231f6df4def33e022ae2eb8f782df1a.sdkstatcache

CreateBuildDirectory /tmp/pasteasfile-build/xcode-signed/Build/Intermediates.noindex/SwiftExplicitPrecompiledModules
    cd /Users/bf/Library/CloudStorage/GoogleDrive-bernynoussi@gmail.com/Mon\ Drive/Formation/Collège\ BDEB/ETE_2026/420-A60-BB\ ALGORITHMES\ D\'APPRENTISSAGE\ PROFOND/Examen\ Final/PasteAsFile/PasteAsFile.xcodeproj
    builtin-create-build-directory /tmp/pasteasfile-build/xcode-signed/Build/Intermediates.noindex/SwiftExplicitPrecompiledModules

CreateBuildDirectory /tmp/pasteasfile-build/xcode-signed/Build/Intermediates.noindex/PrecompiledHeaders
    cd /Users/bf/Library/CloudStorage/GoogleDrive-bernynoussi@gmail.com/Mon\ Drive/Formation/Collège\ BDEB/ETE_2026/420-A60-BB\ ALGORITHMES\ D\'APPRENTISSAGE\ PROFOND/Examen\ Final/PasteAsFile/PasteAsFile.xcodeproj
    builtin-create-build-directory /tmp/pasteasfile-build/xcode-signed/Build/Intermediates.noindex/PrecompiledHeaders

CreateBuildDirectory /tmp/pasteasfile-build/xcode-signed/Build/Intermediates.noindex/ExplicitPrecompiledModules
    cd /Users/bf/Library/CloudStorage/GoogleDrive-bernynoussi@gmail.com/Mon\ Drive/Formation/Collège\ BDEB/ETE_2026/420-A60-BB\ ALGORITHMES\ D\'APPRENTISSAGE\ PROFOND/Examen\ Final/PasteAsFile/PasteAsFile.xcodeproj
    builtin-create-build-directory /tmp/pasteasfile-build/xcode-signed/Build/Intermediates.noindex/ExplicitPrecompiledModules

CreateBuildDirectory /tmp/pasteasfile-build/xcode-signed/Build/Intermediates.noindex/EagerLinkingTBDs/Release
    cd /Users/bf/Library/CloudStorage/GoogleDrive-bernynoussi@gmail.com/Mon\ Drive/Formation/Collège\ BDEB/ETE_2026/420-A60-BB\ ALGORITHMES\ D\'APPRENTISSAGE\ PROFOND/Examen\ Final/PasteAsFile/PasteAsFile.xcodeproj
    builtin-create-build-directory /tmp/pasteasfile-build/xcode-signed/Build/Intermediates.noindex/EagerLinkingTBDs/Release

WriteAuxiliaryFile /tmp/pasteasfile-build/xcode-signed/Build/Intermediates.noindex/PasteAsFile.build/Release/PasteAsFile-7784b8919344372dd65da9ef1d65dc4a-VFS/all-product-headers.yaml
    cd /Users/bf/Library/CloudStorage/GoogleDrive-bernynoussi@gmail.com/Mon\ Drive/Formation/Collège\ BDEB/ETE_2026/420-A60-BB\ ALGORITHMES\ D\'APPRENTISSAGE\ PROFOND/Examen\ Final/PasteAsFile/PasteAsFile.xcodeproj
    write-file /tmp/pasteasfile-build/xcode-signed/Build/Intermediates.noindex/PasteAsFile.build/Release/PasteAsFile-7784b8919344372dd65da9ef1d65dc4a-VFS/all-product-headers.yaml

CreateBuildDirectory /tmp/pasteasfile-build/xcode-signed/Build/Products/Release
    cd /Users/bf/Library/CloudStorage/GoogleDrive-bernynoussi@gmail.com/Mon\ Drive/Formation/Collège\ BDEB/ETE_2026/420-A60-BB\ ALGORITHMES\ D\'APPRENTISSAGE\ PROFOND/Examen\ Final/PasteAsFile/PasteAsFile.xcodeproj
    builtin-create-build-directory /tmp/pasteasfile-build/xcode-signed/Build/Products/Release

WriteAuxiliaryFile /tmp/pasteasfile-build/xcode-signed/Build/Intermediates.noindex/PasteAsFile.build/Release/PasteAsFileFinder.build/PasteAsFileFinder-all-target-headers.hmap (in target 'PasteAsFileFinder' from project 'PasteAsFile')
    cd /Users/bf/Library/CloudStorage/GoogleDrive-bernynoussi@gmail.com/Mon\ Drive/Formation/Collège\ BDEB/ETE_2026/420-A60-BB\ ALGORITHMES\ D\'APPRENTISSAGE\ PROFOND/Examen\ Final/PasteAsFile
    write-file /tmp/pasteasfile-build/xcode-signed/Build/Intermediates.noindex/PasteAsFile.build/Release/PasteAsFileFinder.build/PasteAsFileFinder-all-target-headers.hmap

WriteAuxiliaryFile /tmp/pasteasfile-build/xcode-signed/Build/Intermediates.noindex/PasteAsFile.build/Release/PasteAsFileFinder.build/PasteAsFileFinder-generated-files.hmap (in target 'PasteAsFileFinder' from project 'PasteAsFile')
    cd /Users/bf/Library/CloudStorage/GoogleDrive-bernynoussi@gmail.com/Mon\ Drive/Formation/Collège\ BDEB/ETE_2026/420-A60-BB\ ALGORITHMES\ D\'APPRENTISSAGE\ PROFOND/Examen\ Final/PasteAsFile
    write-file /tmp/pasteasfile-build/xcode-signed/Build/Intermediates.noindex/PasteAsFile.build/Release/PasteAsFileFinder.build/PasteAsFileFinder-generated-files.hmap

WriteAuxiliaryFile /tmp/pasteasfile-build/xcode-signed/Build/Intermediates.noindex/PasteAsFile.build/Release/PasteAsFileFinder.build/PasteAsFileFinder-project-headers.hmap (in target 'PasteAsFileFinder' from project 'PasteAsFile')
    cd /Users/bf/Library/CloudStorage/GoogleDrive-bernynoussi@gmail.com/Mon\ Drive/Formation/Collège\ BDEB/ETE_2026/420-A60-BB\ ALGORITHMES\ D\'APPRENTISSAGE\ PROFOND/Examen\ Final/PasteAsFile
    write-file /tmp/pasteasfile-build/xcode-signed/Build/Intermediates.noindex/PasteAsFile.build/Release/PasteAsFileFinder.build/PasteAsFileFinder-project-headers.hmap

WriteAuxiliaryFile /tmp/pasteasfile-build/xcode-signed/Build/Intermediates.noindex/PasteAsFile.build/Release/PasteAsFileFinder.build/PasteAsFileFinder-all-non-framework-target-headers.hmap (in target 'PasteAsFileFinder' from project 'PasteAsFile')
    cd /Users/bf/Library/CloudStorage/GoogleDrive-bernynoussi@gmail.com/Mon\ Drive/Formation/Collège\ BDEB/ETE_2026/420-A60-BB\ ALGORITHMES\ D\'APPRENTISSAGE\ PROFOND/Examen\ Final/PasteAsFile
    write-file /tmp/pasteasfile-build/xcode-signed/Build/Intermediates.noindex/PasteAsFile.build/Release/PasteAsFileFinder.build/PasteAsFileFinder-all-non-framework-target-headers.hmap

WriteAuxiliaryFile /tmp/pasteasfile-build/xcode-signed/Build/Intermediates.noindex/PasteAsFile.build/Release/PasteAsFileFinder.build/PasteAsFileFinder.DependencyStaticMetadataFileList (in target 'PasteAsFileFinder' from project 'PasteAsFile')
    cd /Users/bf/Library/CloudStorage/GoogleDrive-bernynoussi@gmail.com/Mon\ Drive/Formation/Collège\ BDEB/ETE_2026/420-A60-BB\ ALGORITHMES\ D\'APPRENTISSAGE\ PROFOND/Examen\ Final/PasteAsFile
    write-file /tmp/pasteasfile-build/xcode-signed/Build/Intermediates.noindex/PasteAsFile.build/Release/PasteAsFileFinder.build/PasteAsFileFinder.DependencyStaticMetadataFileList

WriteAuxiliaryFile /tmp/pasteasfile-build/xcode-signed/Build/Intermediates.noindex/PasteAsFile.build/Release/PasteAsFileFinder.build/PasteAsFileFinder.DependencyMetadataFileList (in target 'PasteAsFileFinder' from project 'PasteAsFile')
    cd /Users/bf/Library/CloudStorage/GoogleDrive-bernynoussi@gmail.com/Mon\ Drive/Formation/Collège\ BDEB/ETE_2026/420-A60-BB\ ALGORITHMES\ D\'APPRENTISSAGE\ PROFOND/Examen\ Final/PasteAsFile
    write-file /tmp/pasteasfile-build/xcode-signed/Build/Intermediates.noindex/PasteAsFile.build/Release/PasteAsFileFinder.build/PasteAsFileFinder.DependencyMetadataFileList

WriteAuxiliaryFile /tmp/pasteasfile-build/xcode-signed/Build/Intermediates.noindex/PasteAsFile.build/Release/PasteAsFileFinder.build/PasteAsFileFinder.hmap (in target 'PasteAsFileFinder' from project 'PasteAsFile')
    cd /Users/bf/Library/CloudStorage/GoogleDrive-bernynoussi@gmail.com/Mon\ Drive/Formation/Collège\ BDEB/ETE_2026/420-A60-BB\ ALGORITHMES\ D\'APPRENTISSAGE\ PROFOND/Examen\ Final/PasteAsFile
    write-file /tmp/pasteasfile-build/xcode-signed/Build/Intermediates.noindex/PasteAsFile.build/Release/PasteAsFileFinder.build/PasteAsFileFinder.hmap

WriteAuxiliaryFile /tmp/pasteasfile-build/xcode-signed/Build/Intermediates.noindex/PasteAsFile.build/Release/PasteAsFileFinder.build/PasteAsFileFinder-own-target-headers.hmap (in target 'PasteAsFileFinder' from project 'PasteAsFile')
    cd /Users/bf/Library/CloudStorage/GoogleDrive-bernynoussi@gmail.com/Mon\ Drive/Formation/Collège\ BDEB/ETE_2026/420-A60-BB\ ALGORITHMES\ D\'APPRENTISSAGE\ PROFOND/Examen\ Final/PasteAsFile
    write-file /tmp/pasteasfile-build/xcode-signed/Build/Intermediates.noindex/PasteAsFile.build/Release/PasteAsFileFinder.build/PasteAsFileFinder-own-target-headers.hmap

WriteAuxiliaryFile /tmp/pasteasfile-build/xcode-signed/Build/Intermediates.noindex/PasteAsFile.build/Release/PasteAsFileFinder.build/DerivedSources/Entitlements.plist (in target 'PasteAsFileFinder' from project 'PasteAsFile')
    cd /Users/bf/Library/CloudStorage/GoogleDrive-bernynoussi@gmail.com/Mon\ Drive/Formation/Collège\ BDEB/ETE_2026/420-A60-BB\ ALGORITHMES\ D\'APPRENTISSAGE\ PROFOND/Examen\ Final/PasteAsFile
    write-file /tmp/pasteasfile-build/xcode-signed/Build/Intermediates.noindex/PasteAsFile.build/Release/PasteAsFileFinder.build/DerivedSources/Entitlements.plist

WriteAuxiliaryFile /tmp/pasteasfile-build/xcode-signed/Build/Intermediates.noindex/PasteAsFile.build/Release/PasteAsFileFinder.build/Objects-normal/x86_64/PasteAsFileFinder.SwiftConstValuesFileList (in target 'PasteAsFileFinder' from project 'PasteAsFile')
    cd /Users/bf/Library/CloudStorage/GoogleDrive-bernynoussi@gmail.com/Mon\ Drive/Formation/Collège\ BDEB/ETE_2026/420-A60-BB\ ALGORITHMES\ D\'APPRENTISSAGE\ PROFOND/Examen\ Final/PasteAsFile
    write-file /tmp/pasteasfile-build/xcode-signed/Build/Intermediates.noindex/PasteAsFile.build/Release/PasteAsFileFinder.build/Objects-normal/x86_64/PasteAsFileFinder.SwiftConstValuesFileList

WriteAuxiliaryFile /tmp/pasteasfile-build/xcode-signed/Build/Intermediates.noindex/PasteAsFile.build/Release/PasteAsFileFinder.build/Objects-normal/x86_64/PasteAsFileFinder-OutputFileMap.json (in target 'PasteAsFileFinder' from project 'PasteAsFile')
    cd /Users/bf/Library/CloudStorage/GoogleDrive-bernynoussi@gmail.com/Mon\ Drive/Formation/Collège\ BDEB/ETE_2026/420-A60-BB\ ALGORITHMES\ D\'APPRENTISSAGE\ PROFOND/Examen\ Final/PasteAsFile
    write-file /tmp/pasteasfile-build/xcode-signed/Build/Intermediates.noindex/PasteAsFile.build/Release/PasteAsFileFinder.build/Objects-normal/x86_64/PasteAsFileFinder-OutputFileMap.json

WriteAuxiliaryFile /tmp/pasteasfile-build/xcode-signed/Build/Intermediates.noindex/PasteAsFile.build/Release/PasteAsFileFinder.build/Objects-normal/x86_64/PasteAsFileFinder.LinkFileList (in target 'PasteAsFileFinder' from project 'PasteAsFile')
    cd /Users/bf/Library/CloudStorage/GoogleDrive-bernynoussi@gmail.com/Mon\ Drive/Formation/Collège\ BDEB/ETE_2026/420-A60-BB\ ALGORITHMES\ D\'APPRENTISSAGE\ PROFOND/Examen\ Final/PasteAsFile
    write-file /tmp/pasteasfile-build/xcode-signed/Build/Intermediates.noindex/PasteAsFile.build/Release/PasteAsFileFinder.build/Objects-normal/x86_64/PasteAsFileFinder.LinkFileList

WriteAuxiliaryFile /tmp/pasteasfile-build/xcode-signed/Build/Intermediates.noindex/PasteAsFile.build/Release/PasteAsFileFinder.build/Objects-normal/arm64/PasteAsFileFinder_const_extract_protocols.json (in target 'PasteAsFileFinder' from project 'PasteAsFile')
    cd /Users/bf/Library/CloudStorage/GoogleDrive-bernynoussi@gmail.com/Mon\ Drive/Formation/Collège\ BDEB/ETE_2026/420-A60-BB\ ALGORITHMES\ D\'APPRENTISSAGE\ PROFOND/Examen\ Final/PasteAsFile
    write-file /tmp/pasteasfile-build/xcode-signed/Build/Intermediates.noindex/PasteAsFile.build/Release/PasteAsFileFinder.build/Objects-normal/arm64/PasteAsFileFinder_const_extract_protocols.json

WriteAuxiliaryFile /tmp/pasteasfile-build/xcode-signed/Build/Intermediates.noindex/PasteAsFile.build/Release/PasteAsFileFinder.build/Objects-normal/x86_64/PasteAsFileFinder_const_extract_protocols.json (in target 'PasteAsFileFinder' from project 'PasteAsFile')
    cd /Users/bf/Library/CloudStorage/GoogleDrive-bernynoussi@gmail.com/Mon\ Drive/Formation/Collège\ BDEB/ETE_2026/420-A60-BB\ ALGORITHMES\ D\'APPRENTISSAGE\ PROFOND/Examen\ Final/PasteAsFile
    write-file /tmp/pasteasfile-build/xcode-signed/Build/Intermediates.noindex/PasteAsFile.build/Release/PasteAsFileFinder.build/Objects-normal/x86_64/PasteAsFileFinder_const_extract_protocols.json

WriteAuxiliaryFile /tmp/pasteasfile-build/xcode-signed/Build/Intermediates.noindex/PasteAsFile.build/Release/PasteAsFileFinder.build/Objects-normal/arm64/PasteAsFileFinder.LinkFileList (in target 'PasteAsFileFinder' from project 'PasteAsFile')
    cd /Users/bf/Library/CloudStorage/GoogleDrive-bernynoussi@gmail.com/Mon\ Drive/Formation/Collège\ BDEB/ETE_2026/420-A60-BB\ ALGORITHMES\ D\'APPRENTISSAGE\ PROFOND/Examen\ Final/PasteAsFile
    write-file /tmp/pasteasfile-build/xcode-signed/Build/Intermediates.noindex/PasteAsFile.build/Release/PasteAsFileFinder.build/Objects-normal/arm64/PasteAsFileFinder.LinkFileList

WriteAuxiliaryFile /tmp/pasteasfile-build/xcode-signed/Build/Intermediates.noindex/PasteAsFile.build/Release/PasteAsFileFinder.build/Objects-normal/x86_64/PasteAsFileFinder.SwiftFileList (in target 'PasteAsFileFinder' from project 'PasteAsFile')
    cd /Users/bf/Library/CloudStorage/GoogleDrive-bernynoussi@gmail.com/Mon\ Drive/Formation/Collège\ BDEB/ETE_2026/420-A60-BB\ ALGORITHMES\ D\'APPRENTISSAGE\ PROFOND/Examen\ Final/PasteAsFile
    write-file /tmp/pasteasfile-build/xcode-signed/Build/Intermediates.noindex/PasteAsFile.build/Release/PasteAsFileFinder.build/Objects-normal/x86_64/PasteAsFileFinder.SwiftFileList

WriteAuxiliaryFile /tmp/pasteasfile-build/xcode-signed/Build/Intermediates.noindex/PasteAsFile.build/Release/PasteAsFileFinder.build/Objects-normal/arm64/PasteAsFileFinder.SwiftFileList (in target 'PasteAsFileFinder' from project 'PasteAsFile')
    cd /Users/bf/Library/CloudStorage/GoogleDrive-bernynoussi@gmail.com/Mon\ Drive/Formation/Collège\ BDEB/ETE_2026/420-A60-BB\ ALGORITHMES\ D\'APPRENTISSAGE\ PROFOND/Examen\ Final/PasteAsFile
    write-file /tmp/pasteasfile-build/xcode-signed/Build/Intermediates.noindex/PasteAsFile.build/Release/PasteAsFileFinder.build/Objects-normal/arm64/PasteAsFileFinder.SwiftFileList

WriteAuxiliaryFile /tmp/pasteasfile-build/xcode-signed/Build/Intermediates.noindex/PasteAsFile.build/Release/PasteAsFileFinder.build/Objects-normal/arm64/PasteAsFileFinder-OutputFileMap.json (in target 'PasteAsFileFinder' from project 'PasteAsFile')
    cd /Users/bf/Library/CloudStorage/GoogleDrive-bernynoussi@gmail.com/Mon\ Drive/Formation/Collège\ BDEB/ETE_2026/420-A60-BB\ ALGORITHMES\ D\'APPRENTISSAGE\ PROFOND/Examen\ Final/PasteAsFile
    write-file /tmp/pasteasfile-build/xcode-signed/Build/Intermediates.noindex/PasteAsFile.build/Release/PasteAsFileFinder.build/Objects-normal/arm64/PasteAsFileFinder-OutputFileMap.json

WriteAuxiliaryFile /tmp/pasteasfile-build/xcode-signed/Build/Intermediates.noindex/PasteAsFile.build/Release/PasteAsFileFinder.build/Objects-normal/arm64/PasteAsFileFinder.SwiftConstValuesFileList (in target 'PasteAsFileFinder' from project 'PasteAsFile')
    cd /Users/bf/Library/CloudStorage/GoogleDrive-bernynoussi@gmail.com/Mon\ Drive/Formation/Collège\ BDEB/ETE_2026/420-A60-BB\ ALGORITHMES\ D\'APPRENTISSAGE\ PROFOND/Examen\ Final/PasteAsFile
    write-file /tmp/pasteasfile-build/xcode-signed/Build/Intermediates.noindex/PasteAsFile.build/Release/PasteAsFileFinder.build/Objects-normal/arm64/PasteAsFileFinder.SwiftConstValuesFileList

WriteAuxiliaryFile /tmp/pasteasfile-build/xcode-signed/Build/Intermediates.noindex/PasteAsFile.build/Release/PasteAsFile.build/PasteAsFile.hmap (in target 'PasteAsFile' from project 'PasteAsFile')
    cd /Users/bf/Library/CloudStorage/GoogleDrive-bernynoussi@gmail.com/Mon\ Drive/Formation/Collège\ BDEB/ETE_2026/420-A60-BB\ ALGORITHMES\ D\'APPRENTISSAGE\ PROFOND/Examen\ Final/PasteAsFile
    write-file /tmp/pasteasfile-build/xcode-signed/Build/Intermediates.noindex/PasteAsFile.build/Release/PasteAsFile.build/PasteAsFile.hmap

WriteAuxiliaryFile /tmp/pasteasfile-build/xcode-signed/Build/Intermediates.noindex/PasteAsFile.build/Release/PasteAsFile.build/PasteAsFile.DependencyStaticMetadataFileList (in target 'PasteAsFile' from project 'PasteAsFile')
    cd /Users/bf/Library/CloudStorage/GoogleDrive-bernynoussi@gmail.com/Mon\ Drive/Formation/Collège\ BDEB/ETE_2026/420-A60-BB\ ALGORITHMES\ D\'APPRENTISSAGE\ PROFOND/Examen\ Final/PasteAsFile
    write-file /tmp/pasteasfile-build/xcode-signed/Build/Intermediates.noindex/PasteAsFile.build/Release/PasteAsFile.build/PasteAsFile.DependencyStaticMetadataFileList

WriteAuxiliaryFile /tmp/pasteasfile-build/xcode-signed/Build/Intermediates.noindex/PasteAsFile.build/Release/PasteAsFile.build/PasteAsFile.DependencyMetadataFileList (in target 'PasteAsFile' from project 'PasteAsFile')
    cd /Users/bf/Library/CloudStorage/GoogleDrive-bernynoussi@gmail.com/Mon\ Drive/Formation/Collège\ BDEB/ETE_2026/420-A60-BB\ ALGORITHMES\ D\'APPRENTISSAGE\ PROFOND/Examen\ Final/PasteAsFile
    write-file /tmp/pasteasfile-build/xcode-signed/Build/Intermediates.noindex/PasteAsFile.build/Release/PasteAsFile.build/PasteAsFile.DependencyMetadataFileList

WriteAuxiliaryFile /tmp/pasteasfile-build/xcode-signed/Build/Intermediates.noindex/PasteAsFile.build/Release/PasteAsFile.build/PasteAsFile-project-headers.hmap (in target 'PasteAsFile' from project 'PasteAsFile')
    cd /Users/bf/Library/CloudStorage/GoogleDrive-bernynoussi@gmail.com/Mon\ Drive/Formation/Collège\ BDEB/ETE_2026/420-A60-BB\ ALGORITHMES\ D\'APPRENTISSAGE\ PROFOND/Examen\ Final/PasteAsFile
    write-file /tmp/pasteasfile-build/xcode-signed/Build/Intermediates.noindex/PasteAsFile.build/Release/PasteAsFile.build/PasteAsFile-project-headers.hmap

WriteAuxiliaryFile /tmp/pasteasfile-build/xcode-signed/Build/Intermediates.noindex/PasteAsFile.build/Release/PasteAsFile.build/PasteAsFile-own-target-headers.hmap (in target 'PasteAsFile' from project 'PasteAsFile')
    cd /Users/bf/Library/CloudStorage/GoogleDrive-bernynoussi@gmail.com/Mon\ Drive/Formation/Collège\ BDEB/ETE_2026/420-A60-BB\ ALGORITHMES\ D\'APPRENTISSAGE\ PROFOND/Examen\ Final/PasteAsFile
    write-file /tmp/pasteasfile-build/xcode-signed/Build/Intermediates.noindex/PasteAsFile.build/Release/PasteAsFile.build/PasteAsFile-own-target-headers.hmap

WriteAuxiliaryFile /tmp/pasteasfile-build/xcode-signed/Build/Intermediates.noindex/PasteAsFile.build/Release/PasteAsFile.build/PasteAsFile-generated-files.hmap (in target 'PasteAsFile' from project 'PasteAsFile')
    cd /Users/bf/Library/CloudStorage/GoogleDrive-bernynoussi@gmail.com/Mon\ Drive/Formation/Collège\ BDEB/ETE_2026/420-A60-BB\ ALGORITHMES\ D\'APPRENTISSAGE\ PROFOND/Examen\ Final/PasteAsFile
    write-file /tmp/pasteasfile-build/xcode-signed/Build/Intermediates.noindex/PasteAsFile.build/Release/PasteAsFile.build/PasteAsFile-generated-files.hmap

WriteAuxiliaryFile /tmp/pasteasfile-build/xcode-signed/Build/Intermediates.noindex/PasteAsFile.build/Release/PasteAsFile.build/PasteAsFile-all-target-headers.hmap (in target 'PasteAsFile' from project 'PasteAsFile')
    cd /Users/bf/Library/CloudStorage/GoogleDrive-bernynoussi@gmail.com/Mon\ Drive/Formation/Collège\ BDEB/ETE_2026/420-A60-BB\ ALGORITHMES\ D\'APPRENTISSAGE\ PROFOND/Examen\ Final/PasteAsFile
    write-file /tmp/pasteasfile-build/xcode-signed/Build/Intermediates.noindex/PasteAsFile.build/Release/PasteAsFile.build/PasteAsFile-all-target-headers.hmap

WriteAuxiliaryFile /tmp/pasteasfile-build/xcode-signed/Build/Intermediates.noindex/PasteAsFile.build/Release/PasteAsFile.build/PasteAsFile-all-non-framework-target-headers.hmap (in target 'PasteAsFile' from project 'PasteAsFile')
    cd /Users/bf/Library/CloudStorage/GoogleDrive-bernynoussi@gmail.com/Mon\ Drive/Formation/Collège\ BDEB/ETE_2026/420-A60-BB\ ALGORITHMES\ D\'APPRENTISSAGE\ PROFOND/Examen\ Final/PasteAsFile
    write-file /tmp/pasteasfile-build/xcode-signed/Build/Intermediates.noindex/PasteAsFile.build/Release/PasteAsFile.build/PasteAsFile-all-non-framework-target-headers.hmap

WriteAuxiliaryFile /tmp/pasteasfile-build/xcode-signed/Build/Intermediates.noindex/PasteAsFile.build/Release/PasteAsFile.build/Objects-normal/x86_64/PasteAsFile_const_extract_protocols.json (in target 'PasteAsFile' from project 'PasteAsFile')
    cd /Users/bf/Library/CloudStorage/GoogleDrive-bernynoussi@gmail.com/Mon\ Drive/Formation/Collège\ BDEB/ETE_2026/420-A60-BB\ ALGORITHMES\ D\'APPRENTISSAGE\ PROFOND/Examen\ Final/PasteAsFile
    write-file /tmp/pasteasfile-build/xcode-signed/Build/Intermediates.noindex/PasteAsFile.build/Release/PasteAsFile.build/Objects-normal/x86_64/PasteAsFile_const_extract_protocols.json

WriteAuxiliaryFile /tmp/pasteasfile-build/xcode-signed/Build/Intermediates.noindex/PasteAsFile.build/Release/PasteAsFile.build/Objects-normal/x86_64/PasteAsFile.SwiftFileList (in target 'PasteAsFile' from project 'PasteAsFile')
    cd /Users/bf/Library/CloudStorage/GoogleDrive-bernynoussi@gmail.com/Mon\ Drive/Formation/Collège\ BDEB/ETE_2026/420-A60-BB\ ALGORITHMES\ D\'APPRENTISSAGE\ PROFOND/Examen\ Final/PasteAsFile
    write-file /tmp/pasteasfile-build/xcode-signed/Build/Intermediates.noindex/PasteAsFile.build/Release/PasteAsFile.build/Objects-normal/x86_64/PasteAsFile.SwiftFileList

WriteAuxiliaryFile /tmp/pasteasfile-build/xcode-signed/Build/Intermediates.noindex/PasteAsFile.build/Release/PasteAsFile.build/Objects-normal/x86_64/PasteAsFile.SwiftConstValuesFileList (in target 'PasteAsFile' from project 'PasteAsFile')
    cd /Users/bf/Library/CloudStorage/GoogleDrive-bernynoussi@gmail.com/Mon\ Drive/Formation/Collège\ BDEB/ETE_2026/420-A60-BB\ ALGORITHMES\ D\'APPRENTISSAGE\ PROFOND/Examen\ Final/PasteAsFile
    write-file /tmp/pasteasfile-build/xcode-signed/Build/Intermediates.noindex/PasteAsFile.build/Release/PasteAsFile.build/Objects-normal/x86_64/PasteAsFile.SwiftConstValuesFileList

WriteAuxiliaryFile /tmp/pasteasfile-build/xcode-signed/Build/Intermediates.noindex/PasteAsFile.build/Release/PasteAsFile.build/Objects-normal/x86_64/PasteAsFile.LinkFileList (in target 'PasteAsFile' from project 'PasteAsFile')
    cd /Users/bf/Library/CloudStorage/GoogleDrive-bernynoussi@gmail.com/Mon\ Drive/Formation/Collège\ BDEB/ETE_2026/420-A60-BB\ ALGORITHMES\ D\'APPRENTISSAGE\ PROFOND/Examen\ Final/PasteAsFile
    write-file /tmp/pasteasfile-build/xcode-signed/Build/Intermediates.noindex/PasteAsFile.build/Release/PasteAsFile.build/Objects-normal/x86_64/PasteAsFile.LinkFileList

WriteAuxiliaryFile /tmp/pasteasfile-build/xcode-signed/Build/Intermediates.noindex/PasteAsFile.build/Release/PasteAsFile.build/Objects-normal/x86_64/PasteAsFile-OutputFileMap.json (in target 'PasteAsFile' from project 'PasteAsFile')
    cd /Users/bf/Library/CloudStorage/GoogleDrive-bernynoussi@gmail.com/Mon\ Drive/Formation/Collège\ BDEB/ETE_2026/420-A60-BB\ ALGORITHMES\ D\'APPRENTISSAGE\ PROFOND/Examen\ Final/PasteAsFile
    write-file /tmp/pasteasfile-build/xcode-signed/Build/Intermediates.noindex/PasteAsFile.build/Release/PasteAsFile.build/Objects-normal/x86_64/PasteAsFile-OutputFileMap.json

WriteAuxiliaryFile /tmp/pasteasfile-build/xcode-signed/Build/Intermediates.noindex/PasteAsFile.build/Release/PasteAsFile.build/Objects-normal/arm64/PasteAsFile.SwiftFileList (in target 'PasteAsFile' from project 'PasteAsFile')
    cd /Users/bf/Library/CloudStorage/GoogleDrive-bernynoussi@gmail.com/Mon\ Drive/Formation/Collège\ BDEB/ETE_2026/420-A60-BB\ ALGORITHMES\ D\'APPRENTISSAGE\ PROFOND/Examen\ Final/PasteAsFile
    write-file /tmp/pasteasfile-build/xcode-signed/Build/Intermediates.noindex/PasteAsFile.build/Release/PasteAsFile.build/Objects-normal/arm64/PasteAsFile.SwiftFileList

WriteAuxiliaryFile /tmp/pasteasfile-build/xcode-signed/Build/Intermediates.noindex/PasteAsFile.build/Release/PasteAsFile.build/Objects-normal/arm64/PasteAsFile.SwiftConstValuesFileList (in target 'PasteAsFile' from project 'PasteAsFile')
    cd /Users/bf/Library/CloudStorage/GoogleDrive-bernynoussi@gmail.com/Mon\ Drive/Formation/Collège\ BDEB/ETE_2026/420-A60-BB\ ALGORITHMES\ D\'APPRENTISSAGE\ PROFOND/Examen\ Final/PasteAsFile
    write-file /tmp/pasteasfile-build/xcode-signed/Build/Intermediates.noindex/PasteAsFile.build/Release/PasteAsFile.build/Objects-normal/arm64/PasteAsFile.SwiftConstValuesFileList

WriteAuxiliaryFile /tmp/pasteasfile-build/xcode-signed/Build/Intermediates.noindex/PasteAsFile.build/Release/PasteAsFile.build/Objects-normal/arm64/PasteAsFile_const_extract_protocols.json (in target 'PasteAsFile' from project 'PasteAsFile')
    cd /Users/bf/Library/CloudStorage/GoogleDrive-bernynoussi@gmail.com/Mon\ Drive/Formation/Collège\ BDEB/ETE_2026/420-A60-BB\ ALGORITHMES\ D\'APPRENTISSAGE\ PROFOND/Examen\ Final/PasteAsFile
    write-file /tmp/pasteasfile-build/xcode-signed/Build/Intermediates.noindex/PasteAsFile.build/Release/PasteAsFile.build/Objects-normal/arm64/PasteAsFile_const_extract_protocols.json

WriteAuxiliaryFile /tmp/pasteasfile-build/xcode-signed/Build/Intermediates.noindex/PasteAsFile.build/Release/PasteAsFile.build/Objects-normal/arm64/PasteAsFile-OutputFileMap.json (in target 'PasteAsFile' from project 'PasteAsFile')
    cd /Users/bf/Library/CloudStorage/GoogleDrive-bernynoussi@gmail.com/Mon\ Drive/Formation/Collège\ BDEB/ETE_2026/420-A60-BB\ ALGORITHMES\ D\'APPRENTISSAGE\ PROFOND/Examen\ Final/PasteAsFile
    write-file /tmp/pasteasfile-build/xcode-signed/Build/Intermediates.noindex/PasteAsFile.build/Release/PasteAsFile.build/Objects-normal/arm64/PasteAsFile-OutputFileMap.json

WriteAuxiliaryFile /tmp/pasteasfile-build/xcode-signed/Build/Intermediates.noindex/PasteAsFile.build/Release/PasteAsFile.build/Objects-normal/arm64/PasteAsFile.LinkFileList (in target 'PasteAsFile' from project 'PasteAsFile')
    cd /Users/bf/Library/CloudStorage/GoogleDrive-bernynoussi@gmail.com/Mon\ Drive/Formation/Collège\ BDEB/ETE_2026/420-A60-BB\ ALGORITHMES\ D\'APPRENTISSAGE\ PROFOND/Examen\ Final/PasteAsFile
    write-file /tmp/pasteasfile-build/xcode-signed/Build/Intermediates.noindex/PasteAsFile.build/Release/PasteAsFile.build/Objects-normal/arm64/PasteAsFile.LinkFileList

WriteAuxiliaryFile /tmp/pasteasfile-build/xcode-signed/Build/Intermediates.noindex/PasteAsFile.build/Release/PasteAsFile.build/DerivedSources/Entitlements.plist (in target 'PasteAsFile' from project 'PasteAsFile')
    cd /Users/bf/Library/CloudStorage/GoogleDrive-bernynoussi@gmail.com/Mon\ Drive/Formation/Collège\ BDEB/ETE_2026/420-A60-BB\ ALGORITHMES\ D\'APPRENTISSAGE\ PROFOND/Examen\ Final/PasteAsFile
    write-file /tmp/pasteasfile-build/xcode-signed/Build/Intermediates.noindex/PasteAsFile.build/Release/PasteAsFile.build/DerivedSources/Entitlements.plist

MkDir /tmp/pasteasfile-build/xcode-signed/Build/Products/Release/PasteAsFileFinder.appex/Contents (in target 'PasteAsFileFinder' from project 'PasteAsFile')
    cd /Users/bf/Library/CloudStorage/GoogleDrive-bernynoussi@gmail.com/Mon\ Drive/Formation/Collège\ BDEB/ETE_2026/420-A60-BB\ ALGORITHMES\ D\'APPRENTISSAGE\ PROFOND/Examen\ Final/PasteAsFile
    /bin/mkdir -p /tmp/pasteasfile-build/xcode-signed/Build/Products/Release/PasteAsFileFinder.appex/Contents

MkDir /tmp/pasteasfile-build/xcode-signed/Build/Products/Release/PasteAsFileFinder.appex (in target 'PasteAsFileFinder' from project 'PasteAsFile')
    cd /Users/bf/Library/CloudStorage/GoogleDrive-bernynoussi@gmail.com/Mon\ Drive/Formation/Collège\ BDEB/ETE_2026/420-A60-BB\ ALGORITHMES\ D\'APPRENTISSAGE\ PROFOND/Examen\ Final/PasteAsFile
    /bin/mkdir -p /tmp/pasteasfile-build/xcode-signed/Build/Products/Release/PasteAsFileFinder.appex

MkDir /tmp/pasteasfile-build/xcode-signed/Build/Products/Release/PasteAsFileFinder.appex/Contents/MacOS (in target 'PasteAsFileFinder' from project 'PasteAsFile')
    cd /Users/bf/Library/CloudStorage/GoogleDrive-bernynoussi@gmail.com/Mon\ Drive/Formation/Collège\ BDEB/ETE_2026/420-A60-BB\ ALGORITHMES\ D\'APPRENTISSAGE\ PROFOND/Examen\ Final/PasteAsFile
    /bin/mkdir -p /tmp/pasteasfile-build/xcode-signed/Build/Products/Release/PasteAsFileFinder.appex/Contents/MacOS

MkDir /tmp/pasteasfile-build/xcode-signed/Build/Products/Release/PasteAsFile.app/Contents/MacOS (in target 'PasteAsFile' from project 'PasteAsFile')
    cd /Users/bf/Library/CloudStorage/GoogleDrive-bernynoussi@gmail.com/Mon\ Drive/Formation/Collège\ BDEB/ETE_2026/420-A60-BB\ ALGORITHMES\ D\'APPRENTISSAGE\ PROFOND/Examen\ Final/PasteAsFile
    /bin/mkdir -p /tmp/pasteasfile-build/xcode-signed/Build/Products/Release/PasteAsFile.app/Contents/MacOS

MkDir /tmp/pasteasfile-build/xcode-signed/Build/Products/Release/PasteAsFile.app/Contents/PlugIns (in target 'PasteAsFile' from project 'PasteAsFile')
    cd /Users/bf/Library/CloudStorage/GoogleDrive-bernynoussi@gmail.com/Mon\ Drive/Formation/Collège\ BDEB/ETE_2026/420-A60-BB\ ALGORITHMES\ D\'APPRENTISSAGE\ PROFOND/Examen\ Final/PasteAsFile
    /bin/mkdir -p /tmp/pasteasfile-build/xcode-signed/Build/Products/Release/PasteAsFile.app/Contents/PlugIns

MkDir /tmp/pasteasfile-build/xcode-signed/Build/Products/Release/PasteAsFile.app/Contents (in target 'PasteAsFile' from project 'PasteAsFile')
    cd /Users/bf/Library/CloudStorage/GoogleDrive-bernynoussi@gmail.com/Mon\ Drive/Formation/Collège\ BDEB/ETE_2026/420-A60-BB\ ALGORITHMES\ D\'APPRENTISSAGE\ PROFOND/Examen\ Final/PasteAsFile
    /bin/mkdir -p /tmp/pasteasfile-build/xcode-signed/Build/Products/Release/PasteAsFile.app/Contents

MkDir /tmp/pasteasfile-build/xcode-signed/Build/Products/Release/PasteAsFile.app (in target 'PasteAsFile' from project 'PasteAsFile')
    cd /Users/bf/Library/CloudStorage/GoogleDrive-bernynoussi@gmail.com/Mon\ Drive/Formation/Collège\ BDEB/ETE_2026/420-A60-BB\ ALGORITHMES\ D\'APPRENTISSAGE\ PROFOND/Examen\ Final/PasteAsFile
    /bin/mkdir -p /tmp/pasteasfile-build/xcode-signed/Build/Products/Release/PasteAsFile.app

ProcessProductPackaging /Users/bf/Library/CloudStorage/GoogleDrive-bernynoussi@gmail.com/Mon\ Drive/Formation/Collège\ BDEB/ETE_2026/420-A60-BB\ ALGORITHMES\ D\'APPRENTISSAGE\ PROFOND/Examen\ Final/PasteAsFile/PasteAsFileFinder/PasteAsFileFinder.entitlements /tmp/pasteasfile-build/xcode-signed/Build/Intermediates.noindex/PasteAsFile.build/Release/PasteAsFileFinder.build/PasteAsFileFinder.appex.xcent (in target 'PasteAsFileFinder' from project 'PasteAsFile')
    cd /Users/bf/Library/CloudStorage/GoogleDrive-bernynoussi@gmail.com/Mon\ Drive/Formation/Collège\ BDEB/ETE_2026/420-A60-BB\ ALGORITHMES\ D\'APPRENTISSAGE\ PROFOND/Examen\ Final/PasteAsFile
    
    Entitlements:
    
    {
    "com.apple.security.app-sandbox" = 1;
    "com.apple.security.files.user-selected.read-write" = 1;
    "com.apple.security.get-task-allow" = 1;
}
    
    builtin-productPackagingUtility /Users/bf/Library/CloudStorage/GoogleDrive-bernynoussi@gmail.com/Mon\ Drive/Formation/Collège\ BDEB/ETE_2026/420-A60-BB\ ALGORITHMES\ D\'APPRENTISSAGE\ PROFOND/Examen\ Final/PasteAsFile/PasteAsFileFinder/PasteAsFileFinder.entitlements -entitlements -format xml -o /tmp/pasteasfile-build/xcode-signed/Build/Intermediates.noindex/PasteAsFile.build/Release/PasteAsFileFinder.build/PasteAsFileFinder.appex.xcent

ProcessProductPackagingDER /tmp/pasteasfile-build/xcode-signed/Build/Intermediates.noindex/PasteAsFile.build/Release/PasteAsFileFinder.build/PasteAsFileFinder.appex.xcent /tmp/pasteasfile-build/xcode-signed/Build/Intermediates.noindex/PasteAsFile.build/Release/PasteAsFileFinder.build/PasteAsFileFinder.appex.xcent.der (in target 'PasteAsFileFinder' from project 'PasteAsFile')
    cd /Users/bf/Library/CloudStorage/GoogleDrive-bernynoussi@gmail.com/Mon\ Drive/Formation/Collège\ BDEB/ETE_2026/420-A60-BB\ ALGORITHMES\ D\'APPRENTISSAGE\ PROFOND/Examen\ Final/PasteAsFile
    /usr/bin/derq query -f xml -i /tmp/pasteasfile-build/xcode-signed/Build/Intermediates.noindex/PasteAsFile.build/Release/PasteAsFileFinder.build/PasteAsFileFinder.appex.xcent -o /tmp/pasteasfile-build/xcode-signed/Build/Intermediates.noindex/PasteAsFile.build/Release/PasteAsFileFinder.build/PasteAsFileFinder.appex.xcent.der --raw

ProcessInfoPlistFile /tmp/pasteasfile-build/xcode-signed/Build/Products/Release/PasteAsFileFinder.appex/Contents/Info.plist /Users/bf/Library/CloudStorage/GoogleDrive-bernynoussi@gmail.com/Mon\ Drive/Formation/Collège\ BDEB/ETE_2026/420-A60-BB\ ALGORITHMES\ D\'APPRENTISSAGE\ PROFOND/Examen\ Final/PasteAsFile/PasteAsFileFinder/Info.plist (in target 'PasteAsFileFinder' from project 'PasteAsFile')
    cd /Users/bf/Library/CloudStorage/GoogleDrive-bernynoussi@gmail.com/Mon\ Drive/Formation/Collège\ BDEB/ETE_2026/420-A60-BB\ ALGORITHMES\ D\'APPRENTISSAGE\ PROFOND/Examen\ Final/PasteAsFile
    builtin-infoPlistUtility /Users/bf/Library/CloudStorage/GoogleDrive-bernynoussi@gmail.com/Mon\ Drive/Formation/Collège\ BDEB/ETE_2026/420-A60-BB\ ALGORITHMES\ D\'APPRENTISSAGE\ PROFOND/Examen\ Final/PasteAsFile/PasteAsFileFinder/Info.plist -producttype com.apple.product-type.app-extension -expandbuildsettings -platform macosx -o /tmp/pasteasfile-build/xcode-signed/Build/Products/Release/PasteAsFileFinder.appex/Contents/Info.plist

SwiftDriver PasteAsFileFinder normal x86_64 com.apple.xcode.tools.swift.compiler (in target 'PasteAsFileFinder' from project 'PasteAsFile')
    cd /Users/bf/Library/CloudStorage/GoogleDrive-bernynoussi@gmail.com/Mon\ Drive/Formation/Collège\ BDEB/ETE_2026/420-A60-BB\ ALGORITHMES\ D\'APPRENTISSAGE\ PROFOND/Examen\ Final/PasteAsFile
    builtin-SwiftDriver -- /Applications/Xcode.app/Contents/Developer/Toolchains/XcodeDefault.xctoolchain/usr/bin/swiftc -module-name PasteAsFileFinder -O -whole-module-optimization @/tmp/pasteasfile-build/xcode-signed/Build/Intermediates.noindex/PasteAsFile.build/Release/PasteAsFileFinder.build/Objects-normal/x86_64/PasteAsFileFinder.SwiftFileList -enable-bare-slash-regex -enable-experimental-feature DebugDescriptionMacro -sdk /Applications/Xcode.app/Contents/Developer/Platforms/MacOSX.platform/Developer/SDKs/MacOSX27.0.sdk -target x86_64-apple-macos13.0 -g -module-cache-path /tmp/pasteasfile-build/xcode-signed/ModuleCache.noindex -Xfrontend -serialize-debugging-options -application-extension -swift-version 5 -I /tmp/pasteasfile-build/xcode-signed/Build/Products/Release -F /tmp/pasteasfile-build/xcode-signed/Build/Products/Release -emit-localized-strings -emit-localized-strings-path /tmp/pasteasfile-build/xcode-signed/Build/Intermediates.noindex/PasteAsFile.build/Release/PasteAsFileFinder.build/Objects-normal/x86_64 -c -num-threads 16 -Xcc -ivfsstatcache -Xcc /tmp/pasteasfile-build/xcode-signed/SDKStatCaches.noindex/macosx27.0-26A425-7231f6df4def33e022ae2eb8f782df1a.sdkstatcache -output-file-map /tmp/pasteasfile-build/xcode-signed/Build/Intermediates.noindex/PasteAsFile.build/Release/PasteAsFileFinder.build/Objects-normal/x86_64/PasteAsFileFinder-OutputFileMap.json -save-temps -no-color-diagnostics -explicit-module-build -module-cache-path /tmp/pasteasfile-build/xcode-signed/Build/Intermediates.noindex/SwiftExplicitPrecompiledModules -clang-scanner-module-cache-path /tmp/pasteasfile-build/xcode-signed/ModuleCache.noindex -sdk-module-cache-path /tmp/pasteasfile-build/xcode-signed/SDKExplicitPrecompiledModules -emit-dependencies -emit-module -emit-module-path /tmp/pasteasfile-build/xcode-signed/Build/Intermediates.noindex/PasteAsFile.build/Release/PasteAsFileFinder.build/Objects-normal/x86_64/PasteAsFileFinder.swiftmodule -serialize-diagnostics -dependency-scan-serialize-diagnostics-path /tmp/pasteasfile-build/xcode-signed/Build/Intermediates.noindex/PasteAsFile.build/Release/PasteAsFileFinder.build/Objects-normal/x86_64/PasteAsFileFinder-dependency-scan.dia -validate-clang-modules-once -clang-build-session-file /tmp/pasteasfile-build/xcode-signed/ModuleCache.noindex/Session.modulevalidation -Xcc -fmodules-prune-interval\=86400 -Xcc -fmodules-prune-after\=345600 -emit-const-values -const-gather-protocols-list /tmp/pasteasfile-build/xcode-signed/Build/Intermediates.noindex/PasteAsFile.build/Release/PasteAsFileFinder.build/Objects-normal/x86_64/PasteAsFileFinder_const_extract_protocols.json -Xcc -iquote -Xcc /tmp/pasteasfile-build/xcode-signed/Build/Intermediates.noindex/PasteAsFile.build/Release/PasteAsFileFinder.build/PasteAsFileFinder-generated-files.hmap -Xcc -I/tmp/pasteasfile-build/xcode-signed/Build/Intermediates.noindex/PasteAsFile.build/Release/PasteAsFileFinder.build/PasteAsFileFinder-own-target-headers.hmap -Xcc -I/tmp/pasteasfile-build/xcode-signed/Build/Intermediates.noindex/PasteAsFile.build/Release/PasteAsFileFinder.build/PasteAsFileFinder-all-target-headers.hmap -Xcc -iquote -Xcc /tmp/pasteasfile-build/xcode-signed/Build/Intermediates.noindex/PasteAsFile.build/Release/PasteAsFileFinder.build/PasteAsFileFinder-project-headers.hmap -Xcc -I/tmp/pasteasfile-build/xcode-signed/Build/Products/Release/include -Xcc -I/tmp/pasteasfile-build/xcode-signed/Build/Intermediates.noindex/PasteAsFile.build/Release/PasteAsFileFinder.build/DerivedSources-normal/x86_64 -Xcc -I/tmp/pasteasfile-build/xcode-signed/Build/Intermediates.noindex/PasteAsFile.build/Release/PasteAsFileFinder.build/DerivedSources/x86_64 -Xcc -I/tmp/pasteasfile-build/xcode-signed/Build/Intermediates.noindex/PasteAsFile.build/Release/PasteAsFileFinder.build/DerivedSources -emit-objc-header -emit-objc-header-path /tmp/pasteasfile-build/xcode-signed/Build/Intermediates.noindex/PasteAsFile.build/Release/PasteAsFileFinder.build/Objects-normal/x86_64/PasteAsFileFinder-Swift.h -working-directory /Users/bf/Library/CloudStorage/GoogleDrive-bernynoussi@gmail.com/Mon\ Drive/Formation/Collège\ BDEB/ETE_2026/420-A60-BB\ ALGORITHMES\ D\'APPRENTISSAGE\ PROFOND/Examen\ Final/PasteAsFile -no-emit-module-separately-wmo

SwiftDriver PasteAsFileFinder normal arm64 com.apple.xcode.tools.swift.compiler (in target 'PasteAsFileFinder' from project 'PasteAsFile')
    cd /Users/bf/Library/CloudStorage/GoogleDrive-bernynoussi@gmail.com/Mon\ Drive/Formation/Collège\ BDEB/ETE_2026/420-A60-BB\ ALGORITHMES\ D\'APPRENTISSAGE\ PROFOND/Examen\ Final/PasteAsFile
    builtin-SwiftDriver -- /Applications/Xcode.app/Contents/Developer/Toolchains/XcodeDefault.xctoolchain/usr/bin/swiftc -module-name PasteAsFileFinder -O -whole-module-optimization @/tmp/pasteasfile-build/xcode-signed/Build/Intermediates.noindex/PasteAsFile.build/Release/PasteAsFileFinder.build/Objects-normal/arm64/PasteAsFileFinder.SwiftFileList -enable-bare-slash-regex -enable-experimental-feature DebugDescriptionMacro -sdk /Applications/Xcode.app/Contents/Developer/Platforms/MacOSX.platform/Developer/SDKs/MacOSX27.0.sdk -target arm64-apple-macos13.0 -g -module-cache-path /tmp/pasteasfile-build/xcode-signed/ModuleCache.noindex -Xfrontend -serialize-debugging-options -application-extension -swift-version 5 -I /tmp/pasteasfile-build/xcode-signed/Build/Products/Release -F /tmp/pasteasfile-build/xcode-signed/Build/Products/Release -emit-localized-strings -emit-localized-strings-path /tmp/pasteasfile-build/xcode-signed/Build/Intermediates.noindex/PasteAsFile.build/Release/PasteAsFileFinder.build/Objects-normal/arm64 -c -num-threads 16 -Xcc -ivfsstatcache -Xcc /tmp/pasteasfile-build/xcode-signed/SDKStatCaches.noindex/macosx27.0-26A425-7231f6df4def33e022ae2eb8f782df1a.sdkstatcache -output-file-map /tmp/pasteasfile-build/xcode-signed/Build/Intermediates.noindex/PasteAsFile.build/Release/PasteAsFileFinder.build/Objects-normal/arm64/PasteAsFileFinder-OutputFileMap.json -save-temps -no-color-diagnostics -explicit-module-build -module-cache-path /tmp/pasteasfile-build/xcode-signed/Build/Intermediates.noindex/SwiftExplicitPrecompiledModules -clang-scanner-module-cache-path /tmp/pasteasfile-build/xcode-signed/ModuleCache.noindex -sdk-module-cache-path /tmp/pasteasfile-build/xcode-signed/SDKExplicitPrecompiledModules -emit-dependencies -emit-module -emit-module-path /tmp/pasteasfile-build/xcode-signed/Build/Intermediates.noindex/PasteAsFile.build/Release/PasteAsFileFinder.build/Objects-normal/arm64/PasteAsFileFinder.swiftmodule -serialize-diagnostics -dependency-scan-serialize-diagnostics-path /tmp/pasteasfile-build/xcode-signed/Build/Intermediates.noindex/PasteAsFile.build/Release/PasteAsFileFinder.build/Objects-normal/arm64/PasteAsFileFinder-dependency-scan.dia -validate-clang-modules-once -clang-build-session-file /tmp/pasteasfile-build/xcode-signed/ModuleCache.noindex/Session.modulevalidation -Xcc -fmodules-prune-interval\=86400 -Xcc -fmodules-prune-after\=345600 -emit-const-values -const-gather-protocols-list /tmp/pasteasfile-build/xcode-signed/Build/Intermediates.noindex/PasteAsFile.build/Release/PasteAsFileFinder.build/Objects-normal/arm64/PasteAsFileFinder_const_extract_protocols.json -Xcc -iquote -Xcc /tmp/pasteasfile-build/xcode-signed/Build/Intermediates.noindex/PasteAsFile.build/Release/PasteAsFileFinder.build/PasteAsFileFinder-generated-files.hmap -Xcc -I/tmp/pasteasfile-build/xcode-signed/Build/Intermediates.noindex/PasteAsFile.build/Release/PasteAsFileFinder.build/PasteAsFileFinder-own-target-headers.hmap -Xcc -I/tmp/pasteasfile-build/xcode-signed/Build/Intermediates.noindex/PasteAsFile.build/Release/PasteAsFileFinder.build/PasteAsFileFinder-all-target-headers.hmap -Xcc -iquote -Xcc /tmp/pasteasfile-build/xcode-signed/Build/Intermediates.noindex/PasteAsFile.build/Release/PasteAsFileFinder.build/PasteAsFileFinder-project-headers.hmap -Xcc -I/tmp/pasteasfile-build/xcode-signed/Build/Products/Release/include -Xcc -I/tmp/pasteasfile-build/xcode-signed/Build/Intermediates.noindex/PasteAsFile.build/Release/PasteAsFileFinder.build/DerivedSources-normal/arm64 -Xcc -I/tmp/pasteasfile-build/xcode-signed/Build/Intermediates.noindex/PasteAsFile.build/Release/PasteAsFileFinder.build/DerivedSources/arm64 -Xcc -I/tmp/pasteasfile-build/xcode-signed/Build/Intermediates.noindex/PasteAsFile.build/Release/PasteAsFileFinder.build/DerivedSources -emit-objc-header -emit-objc-header-path /tmp/pasteasfile-build/xcode-signed/Build/Intermediates.noindex/PasteAsFile.build/Release/PasteAsFileFinder.build/Objects-normal/arm64/PasteAsFileFinder-Swift.h -working-directory /Users/bf/Library/CloudStorage/GoogleDrive-bernynoussi@gmail.com/Mon\ Drive/Formation/Collège\ BDEB/ETE_2026/420-A60-BB\ ALGORITHMES\ D\'APPRENTISSAGE\ PROFOND/Examen\ Final/PasteAsFile -no-emit-module-separately-wmo

SwiftDriver\ Compilation PasteAsFileFinder normal x86_64 com.apple.xcode.tools.swift.compiler (in target 'PasteAsFileFinder' from project 'PasteAsFile')
    cd /Users/bf/Library/CloudStorage/GoogleDrive-bernynoussi@gmail.com/Mon\ Drive/Formation/Collège\ BDEB/ETE_2026/420-A60-BB\ ALGORITHMES\ D\'APPRENTISSAGE\ PROFOND/Examen\ Final/PasteAsFile
    builtin-Swift-Compilation -- /Applications/Xcode.app/Contents/Developer/Toolchains/XcodeDefault.xctoolchain/usr/bin/swiftc -module-name PasteAsFileFinder -O -whole-module-optimization @/tmp/pasteasfile-build/xcode-signed/Build/Intermediates.noindex/PasteAsFile.build/Release/PasteAsFileFinder.build/Objects-normal/x86_64/PasteAsFileFinder.SwiftFileList -enable-bare-slash-regex -enable-experimental-feature DebugDescriptionMacro -sdk /Applications/Xcode.app/Contents/Developer/Platforms/MacOSX.platform/Developer/SDKs/MacOSX27.0.sdk -target x86_64-apple-macos13.0 -g -module-cache-path /tmp/pasteasfile-build/xcode-signed/ModuleCache.noindex -Xfrontend -serialize-debugging-options -application-extension -swift-version 5 -I /tmp/pasteasfile-build/xcode-signed/Build/Products/Release -F /tmp/pasteasfile-build/xcode-signed/Build/Products/Release -emit-localized-strings -emit-localized-strings-path /tmp/pasteasfile-build/xcode-signed/Build/Intermediates.noindex/PasteAsFile.build/Release/PasteAsFileFinder.build/Objects-normal/x86_64 -c -num-threads 16 -Xcc -ivfsstatcache -Xcc /tmp/pasteasfile-build/xcode-signed/SDKStatCaches.noindex/macosx27.0-26A425-7231f6df4def33e022ae2eb8f782df1a.sdkstatcache -output-file-map /tmp/pasteasfile-build/xcode-signed/Build/Intermediates.noindex/PasteAsFile.build/Release/PasteAsFileFinder.build/Objects-normal/x86_64/PasteAsFileFinder-OutputFileMap.json -save-temps -no-color-diagnostics -explicit-module-build -module-cache-path /tmp/pasteasfile-build/xcode-signed/Build/Intermediates.noindex/SwiftExplicitPrecompiledModules -clang-scanner-module-cache-path /tmp/pasteasfile-build/xcode-signed/ModuleCache.noindex -sdk-module-cache-path /tmp/pasteasfile-build/xcode-signed/SDKExplicitPrecompiledModules -emit-dependencies -emit-module -emit-module-path /tmp/pasteasfile-build/xcode-signed/Build/Intermediates.noindex/PasteAsFile.build/Release/PasteAsFileFinder.build/Objects-normal/x86_64/PasteAsFileFinder.swiftmodule -serialize-diagnostics -dependency-scan-serialize-diagnostics-path /tmp/pasteasfile-build/xcode-signed/Build/Intermediates.noindex/PasteAsFile.build/Release/PasteAsFileFinder.build/Objects-normal/x86_64/PasteAsFileFinder-dependency-scan.dia -validate-clang-modules-once -clang-build-session-file /tmp/pasteasfile-build/xcode-signed/ModuleCache.noindex/Session.modulevalidation -Xcc -fmodules-prune-interval\=86400 -Xcc -fmodules-prune-after\=345600 -emit-const-values -const-gather-protocols-list /tmp/pasteasfile-build/xcode-signed/Build/Intermediates.noindex/PasteAsFile.build/Release/PasteAsFileFinder.build/Objects-normal/x86_64/PasteAsFileFinder_const_extract_protocols.json -Xcc -iquote -Xcc /tmp/pasteasfile-build/xcode-signed/Build/Intermediates.noindex/PasteAsFile.build/Release/PasteAsFileFinder.build/PasteAsFileFinder-generated-files.hmap -Xcc -I/tmp/pasteasfile-build/xcode-signed/Build/Intermediates.noindex/PasteAsFile.build/Release/PasteAsFileFinder.build/PasteAsFileFinder-own-target-headers.hmap -Xcc -I/tmp/pasteasfile-build/xcode-signed/Build/Intermediates.noindex/PasteAsFile.build/Release/PasteAsFileFinder.build/PasteAsFileFinder-all-target-headers.hmap -Xcc -iquote -Xcc /tmp/pasteasfile-build/xcode-signed/Build/Intermediates.noindex/PasteAsFile.build/Release/PasteAsFileFinder.build/PasteAsFileFinder-project-headers.hmap -Xcc -I/tmp/pasteasfile-build/xcode-signed/Build/Products/Release/include -Xcc -I/tmp/pasteasfile-build/xcode-signed/Build/Intermediates.noindex/PasteAsFile.build/Release/PasteAsFileFinder.build/DerivedSources-normal/x86_64 -Xcc -I/tmp/pasteasfile-build/xcode-signed/Build/Intermediates.noindex/PasteAsFile.build/Release/PasteAsFileFinder.build/DerivedSources/x86_64 -Xcc -I/tmp/pasteasfile-build/xcode-signed/Build/Intermediates.noindex/PasteAsFile.build/Release/PasteAsFileFinder.build/DerivedSources -emit-objc-header -emit-objc-header-path /tmp/pasteasfile-build/xcode-signed/Build/Intermediates.noindex/PasteAsFile.build/Release/PasteAsFileFinder.build/Objects-normal/x86_64/PasteAsFileFinder-Swift.h -working-directory /Users/bf/Library/CloudStorage/GoogleDrive-bernynoussi@gmail.com/Mon\ Drive/Formation/Collège\ BDEB/ETE_2026/420-A60-BB\ ALGORITHMES\ D\'APPRENTISSAGE\ PROFOND/Examen\ Final/PasteAsFile -no-emit-module-separately-wmo

SwiftDriver\ Compilation PasteAsFileFinder normal arm64 com.apple.xcode.tools.swift.compiler (in target 'PasteAsFileFinder' from project 'PasteAsFile')
    cd /Users/bf/Library/CloudStorage/GoogleDrive-bernynoussi@gmail.com/Mon\ Drive/Formation/Collège\ BDEB/ETE_2026/420-A60-BB\ ALGORITHMES\ D\'APPRENTISSAGE\ PROFOND/Examen\ Final/PasteAsFile
    builtin-Swift-Compilation -- /Applications/Xcode.app/Contents/Developer/Toolchains/XcodeDefault.xctoolchain/usr/bin/swiftc -module-name PasteAsFileFinder -O -whole-module-optimization @/tmp/pasteasfile-build/xcode-signed/Build/Intermediates.noindex/PasteAsFile.build/Release/PasteAsFileFinder.build/Objects-normal/arm64/PasteAsFileFinder.SwiftFileList -enable-bare-slash-regex -enable-experimental-feature DebugDescriptionMacro -sdk /Applications/Xcode.app/Contents/Developer/Platforms/MacOSX.platform/Developer/SDKs/MacOSX27.0.sdk -target arm64-apple-macos13.0 -g -module-cache-path /tmp/pasteasfile-build/xcode-signed/ModuleCache.noindex -Xfrontend -serialize-debugging-options -application-extension -swift-version 5 -I /tmp/pasteasfile-build/xcode-signed/Build/Products/Release -F /tmp/pasteasfile-build/xcode-signed/Build/Products/Release -emit-localized-strings -emit-localized-strings-path /tmp/pasteasfile-build/xcode-signed/Build/Intermediates.noindex/PasteAsFile.build/Release/PasteAsFileFinder.build/Objects-normal/arm64 -c -num-threads 16 -Xcc -ivfsstatcache -Xcc /tmp/pasteasfile-build/xcode-signed/SDKStatCaches.noindex/macosx27.0-26A425-7231f6df4def33e022ae2eb8f782df1a.sdkstatcache -output-file-map /tmp/pasteasfile-build/xcode-signed/Build/Intermediates.noindex/PasteAsFile.build/Release/PasteAsFileFinder.build/Objects-normal/arm64/PasteAsFileFinder-OutputFileMap.json -save-temps -no-color-diagnostics -explicit-module-build -module-cache-path /tmp/pasteasfile-build/xcode-signed/Build/Intermediates.noindex/SwiftExplicitPrecompiledModules -clang-scanner-module-cache-path /tmp/pasteasfile-build/xcode-signed/ModuleCache.noindex -sdk-module-cache-path /tmp/pasteasfile-build/xcode-signed/SDKExplicitPrecompiledModules -emit-dependencies -emit-module -emit-module-path /tmp/pasteasfile-build/xcode-signed/Build/Intermediates.noindex/PasteAsFile.build/Release/PasteAsFileFinder.build/Objects-normal/arm64/PasteAsFileFinder.swiftmodule -serialize-diagnostics -dependency-scan-serialize-diagnostics-path /tmp/pasteasfile-build/xcode-signed/Build/Intermediates.noindex/PasteAsFile.build/Release/PasteAsFileFinder.build/Objects-normal/arm64/PasteAsFileFinder-dependency-scan.dia -validate-clang-modules-once -clang-build-session-file /tmp/pasteasfile-build/xcode-signed/ModuleCache.noindex/Session.modulevalidation -Xcc -fmodules-prune-interval\=86400 -Xcc -fmodules-prune-after\=345600 -emit-const-values -const-gather-protocols-list /tmp/pasteasfile-build/xcode-signed/Build/Intermediates.noindex/PasteAsFile.build/Release/PasteAsFileFinder.build/Objects-normal/arm64/PasteAsFileFinder_const_extract_protocols.json -Xcc -iquote -Xcc /tmp/pasteasfile-build/xcode-signed/Build/Intermediates.noindex/PasteAsFile.build/Release/PasteAsFileFinder.build/PasteAsFileFinder-generated-files.hmap -Xcc -I/tmp/pasteasfile-build/xcode-signed/Build/Intermediates.noindex/PasteAsFile.build/Release/PasteAsFileFinder.build/PasteAsFileFinder-own-target-headers.hmap -Xcc -I/tmp/pasteasfile-build/xcode-signed/Build/Intermediates.noindex/PasteAsFile.build/Release/PasteAsFileFinder.build/PasteAsFileFinder-all-target-headers.hmap -Xcc -iquote -Xcc /tmp/pasteasfile-build/xcode-signed/Build/Intermediates.noindex/PasteAsFile.build/Release/PasteAsFileFinder.build/PasteAsFileFinder-project-headers.hmap -Xcc -I/tmp/pasteasfile-build/xcode-signed/Build/Products/Release/include -Xcc -I/tmp/pasteasfile-build/xcode-signed/Build/Intermediates.noindex/PasteAsFile.build/Release/PasteAsFileFinder.build/DerivedSources-normal/arm64 -Xcc -I/tmp/pasteasfile-build/xcode-signed/Build/Intermediates.noindex/PasteAsFile.build/Release/PasteAsFileFinder.build/DerivedSources/arm64 -Xcc -I/tmp/pasteasfile-build/xcode-signed/Build/Intermediates.noindex/PasteAsFile.build/Release/PasteAsFileFinder.build/DerivedSources -emit-objc-header -emit-objc-header-path /tmp/pasteasfile-build/xcode-signed/Build/Intermediates.noindex/PasteAsFile.build/Release/PasteAsFileFinder.build/Objects-normal/arm64/PasteAsFileFinder-Swift.h -working-directory /Users/bf/Library/CloudStorage/GoogleDrive-bernynoussi@gmail.com/Mon\ Drive/Formation/Collège\ BDEB/ETE_2026/420-A60-BB\ ALGORITHMES\ D\'APPRENTISSAGE\ PROFOND/Examen\ Final/PasteAsFile -no-emit-module-separately-wmo

SwiftExplicitDependencyGeneratePcm arm64 /tmp/pasteasfile-build/xcode-signed/SDKExplicitPrecompiledModules/DeveloperToolsSupport-7YDD1VQCGYLXKFR7EA6JH5FMA.pcm

SwiftExplicitDependencyGeneratePcm arm64 /tmp/pasteasfile-build/xcode-signed/SDKExplicitPrecompiledModules/_Builtin_stdarg-D2MM6OQCQ608B3GB9MY0LB7EG.pcm

SwiftExplicitDependencyGeneratePcm arm64 /tmp/pasteasfile-build/xcode-signed/SDKExplicitPrecompiledModules/ptrauth-5RN82MAGMKA6K2DMZHCPXN6V4.pcm

SwiftExplicitDependencyGeneratePcm arm64 /tmp/pasteasfile-build/xcode-signed/SDKExplicitPrecompiledModules/_Builtin_stddef-AY4A8SN3PBOCWYIS979UP234W.pcm

SwiftExplicitDependencyGeneratePcm arm64 /tmp/pasteasfile-build/xcode-signed/SDKExplicitPrecompiledModules/ptrcheck-3TERJT24EZB4DXIVVAKPHKT5B.pcm

SwiftExplicitDependencyGeneratePcm arm64 /tmp/pasteasfile-build/xcode-signed/SDKExplicitPrecompiledModules/_SwiftConcurrencyShims-45OEY92CWNFBR2XBAIE8FY0VT.pcm

SwiftExplicitDependencyGeneratePcm arm64 /tmp/pasteasfile-build/xcode-signed/SDKExplicitPrecompiledModules/_Builtin_stdbool-EHCA956FGLUL765N278X9HLYH.pcm

SwiftExplicitDependencyGeneratePcm arm64 /tmp/pasteasfile-build/xcode-signed/SDKExplicitPrecompiledModules/_Builtin_float-832U5PMOZMZJQZ9HO2974NMGX.pcm

SwiftExplicitDependencyGeneratePcm x86_64 /tmp/pasteasfile-build/xcode-signed/SDKExplicitPrecompiledModules/_AvailabilityInternal-3SB1IG4OYM8R0IG1GZPC5TEXL.pcm

SwiftExplicitDependencyGeneratePcm x86_64 /tmp/pasteasfile-build/xcode-signed/SDKExplicitPrecompiledModules/SwiftShims-2ZRZS47IUHS07SW8F0SP628CS.pcm

SwiftExplicitDependencyGeneratePcm arm64 /tmp/pasteasfile-build/xcode-signed/SDKExplicitPrecompiledModules/_AvailabilityInternal-7GOVNVG9ATXT9PMGW5J5AYJ7I.pcm

SwiftExplicitDependencyGeneratePcm x86_64 /tmp/pasteasfile-build/xcode-signed/SDKExplicitPrecompiledModules/_Builtin_float-7O70V7MPWWA6CLGNMK4MSX0EL.pcm

SwiftExplicitDependencyGeneratePcm arm64 /tmp/pasteasfile-build/xcode-signed/SDKExplicitPrecompiledModules/SwiftShims-3BYD0X7N8FEUENBYE43MUH9DH.pcm

SwiftExplicitDependencyGeneratePcm x86_64 /tmp/pasteasfile-build/xcode-signed/SDKExplicitPrecompiledModules/_Builtin_stdarg-HAOJ91HDSDZCGQRDRZ082QKP.pcm

SwiftExplicitDependencyGeneratePcm x86_64 /tmp/pasteasfile-build/xcode-signed/SDKExplicitPrecompiledModules/ptrauth-DU8NL2ZHQUU41I7I071ABVS8D.pcm

SwiftExplicitDependencyGeneratePcm x86_64 /tmp/pasteasfile-build/xcode-signed/SDKExplicitPrecompiledModules/ptrcheck-67BIH8ME8R79OPL6818NKVWGG.pcm

SwiftExplicitDependencyGeneratePcm x86_64 /tmp/pasteasfile-build/xcode-signed/SDKExplicitPrecompiledModules/DeveloperToolsSupport-A7BVVGF5EDAAM0TOEDN974Z9E.pcm

SwiftExplicitDependencyGeneratePcm x86_64 /tmp/pasteasfile-build/xcode-signed/SDKExplicitPrecompiledModules/_Builtin_stddef-A1KPAXW57B3MALYC0GQQMJO3I.pcm

SwiftExplicitDependencyGeneratePcm x86_64 /tmp/pasteasfile-build/xcode-signed/SDKExplicitPrecompiledModules/_SwiftConcurrencyShims-8DFLECOJ70T2SKXT0QI12WFX0.pcm

SwiftExplicitDependencyGeneratePcm x86_64 /tmp/pasteasfile-build/xcode-signed/SDKExplicitPrecompiledModules/_Builtin_stdbool-DQM13QIIJVYLWH1D099PF6MSC.pcm

SwiftExplicitDependencyGeneratePcm x86_64 /tmp/pasteasfile-build/xcode-signed/SDKExplicitPrecompiledModules/_DarwinFoundation1-17OW767O97JOTDHHS4I3Z3DIF.pcm

SwiftExplicitDependencyGeneratePcm arm64 /tmp/pasteasfile-build/xcode-signed/SDKExplicitPrecompiledModules/_DarwinFoundation1-4ZQHX0003V94JWOTTWVSTS2T7.pcm

SwiftExplicitDependencyGeneratePcm x86_64 /tmp/pasteasfile-build/xcode-signed/SDKExplicitPrecompiledModules/_Builtin_limits-CMPH8GRZZ750QY1YK0O5MO0VS.pcm

SwiftExplicitDependencyGeneratePcm x86_64 /tmp/pasteasfile-build/xcode-signed/SDKExplicitPrecompiledModules/_DarwinFoundation2-BX4JYK4E1ZMXMZWHNYBU64SBB.pcm

SwiftExplicitDependencyGeneratePcm arm64 /tmp/pasteasfile-build/xcode-signed/SDKExplicitPrecompiledModules/_DarwinFoundation2-DIQF2M4BHAKA766J4Q8KBNJID.pcm

SwiftExplicitDependencyGeneratePcm arm64 /tmp/pasteasfile-build/xcode-signed/SDKExplicitPrecompiledModules/_Builtin_limits-149V4P9C1NINECDUSP8LHVW6Z.pcm

SwiftExplicitDependencyGeneratePcm x86_64 /tmp/pasteasfile-build/xcode-signed/SDKExplicitPrecompiledModules/string_h-7VLNCAG5RN9IW01Z24F56BRTF.pcm

SwiftExplicitDependencyGeneratePcm x86_64 /tmp/pasteasfile-build/xcode-signed/SDKExplicitPrecompiledModules/sys_types-DSYZZ84JDHULXSNERXA6IWD49.pcm

SwiftExplicitDependencyGeneratePcm x86_64 /tmp/pasteasfile-build/xcode-signed/SDKExplicitPrecompiledModules/_Builtin_stdint-CR24OHQ59ZU8UKUL28G7VAQVA.pcm

SwiftExplicitDependencyGeneratePcm x86_64 /tmp/pasteasfile-build/xcode-signed/SDKExplicitPrecompiledModules/_Builtin_tgmath-87ST7BTUSOYBZW3Q1UT9Q64TD.pcm

SwiftExplicitDependencyGeneratePcm arm64 /tmp/pasteasfile-build/xcode-signed/SDKExplicitPrecompiledModules/string_h-CAFVCX3HH36NVRQE0W5OOSOTL.pcm

SwiftExplicitDependencyGeneratePcm arm64 /tmp/pasteasfile-build/xcode-signed/SDKExplicitPrecompiledModules/_Builtin_tgmath-82XTUHMAEMSF81FJD8367SO9I.pcm

SwiftExplicitDependencyGeneratePcm arm64 /tmp/pasteasfile-build/xcode-signed/SDKExplicitPrecompiledModules/_Builtin_stdint-O02LRLEZ7XQAOJC528MK43XR.pcm

SwiftExplicitDependencyGeneratePcm arm64 /tmp/pasteasfile-build/xcode-signed/SDKExplicitPrecompiledModules/sys_types-53GBNN7QA1R7VLZY5BVSFCMLM.pcm

SwiftExplicitDependencyGeneratePcm x86_64 /tmp/pasteasfile-build/xcode-signed/SDKExplicitPrecompiledModules/_DarwinFoundation3-9OXACGB03FXIBCKQ6OX7MIPA0.pcm

SwiftExplicitDependencyGeneratePcm x86_64 /tmp/pasteasfile-build/xcode-signed/SDKExplicitPrecompiledModules/libDER-BWR41NGIAC2O0MQDRZ2RFY9XT.pcm

SwiftExplicitDependencyGeneratePcm x86_64 /tmp/pasteasfile-build/xcode-signed/SDKExplicitPrecompiledModules/_Builtin_stdatomic-9W4BRM66DW784WVWD9OKGAD3Q.pcm

SwiftExplicitDependencyGeneratePcm arm64 /tmp/pasteasfile-build/xcode-signed/SDKExplicitPrecompiledModules/_Builtin_intrinsics-5TWBHKEPCDFHO30ILBRPBFOOK.pcm

SwiftExplicitDependencyGeneratePcm arm64 /tmp/pasteasfile-build/xcode-signed/SDKExplicitPrecompiledModules/libDER-4XMOFFA1XGLAD572IA163K0TO.pcm

SwiftExplicitDependencyGeneratePcm arm64 /tmp/pasteasfile-build/xcode-signed/SDKExplicitPrecompiledModules/_Builtin_stdatomic-ADDFMSVW121M5I3HNNTHETE4L.pcm

SwiftExplicitDependencyGeneratePcm arm64 /tmp/pasteasfile-build/xcode-signed/SDKExplicitPrecompiledModules/_DarwinFoundation3-6CCVJ6ZMO9IYNITZ703L6RU91.pcm

SwiftExplicitDependencyGeneratePcm x86_64 /tmp/pasteasfile-build/xcode-signed/SDKExplicitPrecompiledModules/_Builtin_intrinsics-EFQ772ZDYM0K0OWV7OMPHBWE1.pcm

SwiftExplicitDependencyGeneratePcm x86_64 /tmp/pasteasfile-build/xcode-signed/SDKExplicitPrecompiledModules/_Builtin_inttypes-9RX70HED2GXCK8FJPMQXSTWL6.pcm

SwiftExplicitDependencyGeneratePcm arm64 /tmp/pasteasfile-build/xcode-signed/SDKExplicitPrecompiledModules/_Builtin_inttypes-14LD0IXO8WOZW4EC9178PB9VV.pcm

SwiftExplicitDependencyGeneratePcm x86_64 /tmp/pasteasfile-build/xcode-signed/SDKExplicitPrecompiledModules/Darwin-5FUCOJS62T9Q7MG1BBBDP9NGR.pcm

SwiftExplicitDependencyGeneratePcm arm64 /tmp/pasteasfile-build/xcode-signed/SDKExplicitPrecompiledModules/Darwin-EJ8X9EVZYE0EXJY1TZYSCI2YK.pcm

SwiftExplicitDependencyGeneratePcm arm64 /tmp/pasteasfile-build/xcode-signed/SDKExplicitPrecompiledModules/simd-6SETBGL76U716NJ9N1JA249GS.pcm

SwiftExplicitDependencyGeneratePcm x86_64 /tmp/pasteasfile-build/xcode-signed/SDKExplicitPrecompiledModules/simd-3IC5Y0HBPDPR56BCQPRPTG1OX.pcm

SwiftExplicitDependencyGeneratePcm x86_64 /tmp/pasteasfile-build/xcode-signed/SDKExplicitPrecompiledModules/MachO-E58EHF4H9ZK892LHGWSAQB9T.pcm

SwiftExplicitDependencyGeneratePcm x86_64 /tmp/pasteasfile-build/xcode-signed/SDKExplicitPrecompiledModules/libkern-5892I0L43JO245ENZ7URJ8RAO.pcm

SwiftExplicitDependencyGeneratePcm x86_64 /tmp/pasteasfile-build/xcode-signed/SDKExplicitPrecompiledModules/CUPS-2WHRSU73UE4X7GMWKPYVSNHF4.pcm

SwiftExplicitDependencyGeneratePcm x86_64 /tmp/pasteasfile-build/xcode-signed/SDKExplicitPrecompiledModules/launch-7DAACERVQZC66E8NEZCIPBW6I.pcm

SwiftExplicitDependencyGeneratePcm arm64 /tmp/pasteasfile-build/xcode-signed/SDKExplicitPrecompiledModules/MachO-XKWDI66YULHDPC5A8EW8EDSN.pcm

SwiftExplicitDependencyGeneratePcm arm64 /tmp/pasteasfile-build/xcode-signed/SDKExplicitPrecompiledModules/libkern-3CFW7RNQ40CI35T1XUK2OILM3.pcm

SwiftExplicitDependencyGeneratePcm arm64 /tmp/pasteasfile-build/xcode-signed/SDKExplicitPrecompiledModules/CUPS-3XG90KAP35O2HVEWQ5XEA9QLA.pcm

SwiftExplicitDependencyGeneratePcm arm64 /tmp/pasteasfile-build/xcode-signed/SDKExplicitPrecompiledModules/launch-2H3QSPVXC2YF1SDYO2PBDBJQG.pcm

SwiftExplicitDependencyGeneratePcm x86_64 /tmp/pasteasfile-build/xcode-signed/SDKExplicitPrecompiledModules/ObjectiveC-DGLUXC6IKFW2PDWCW1ES3J6D4.pcm

SwiftExplicitDependencyGeneratePcm arm64 /tmp/pasteasfile-build/xcode-signed/SDKExplicitPrecompiledModules/ObjectiveC-42ST9G3J4I98U23I2GO71P2Y5.pcm

SwiftExplicitDependencyGeneratePcm arm64 /tmp/pasteasfile-build/xcode-signed/SDKExplicitPrecompiledModules/Spatial-9WZXUB20CAIP744TDRPJQSO0Q.pcm

SwiftExplicitDependencyGeneratePcm x86_64 /tmp/pasteasfile-build/xcode-signed/SDKExplicitPrecompiledModules/os_object-1GGPGC89W10J01TB5Q2CKWF1F.pcm

SwiftExplicitDependencyGeneratePcm arm64 /tmp/pasteasfile-build/xcode-signed/SDKExplicitPrecompiledModules/os_object-8VIZYHETYZ3AD4MH1XYOY8UK5.pcm

SwiftExplicitDependencyGeneratePcm x86_64 /tmp/pasteasfile-build/xcode-signed/SDKExplicitPrecompiledModules/os_workgroup-2EXZXTZHTXP27J6BO1WD0H3IC.pcm

SwiftExplicitDependencyGeneratePcm arm64 /tmp/pasteasfile-build/xcode-signed/SDKExplicitPrecompiledModules/os_workgroup-DCHYNQYQX4JOEEIJRFT65KAXE.pcm

SwiftExplicitDependencyGeneratePcm x86_64 /tmp/pasteasfile-build/xcode-signed/SDKExplicitPrecompiledModules/Dispatch-EFI5FXEGSQ0XBXGE6ZLC6I07X.pcm

SwiftExplicitDependencyGeneratePcm arm64 /tmp/pasteasfile-build/xcode-signed/SDKExplicitPrecompiledModules/Dispatch-25LOOYKB9F0YIP4R6A6UO877R.pcm

SwiftExplicitDependencyGeneratePcm x86_64 /tmp/pasteasfile-build/xcode-signed/SDKExplicitPrecompiledModules/Spatial-BB34CV4DM2CJPZJEFDJXB4G1A.pcm

SwiftExplicitDependencyGeneratePcm x86_64 /tmp/pasteasfile-build/xcode-signed/SDKExplicitPrecompiledModules/CoreFoundation-77SORUNKFW0G3V2SSEFLS8ABI.pcm

SwiftExplicitDependencyGeneratePcm x86_64 /tmp/pasteasfile-build/xcode-signed/SDKExplicitPrecompiledModules/XPC-D99KWUX78OMEBR5XG701NIN8Y.pcm

SwiftExplicitDependencyGeneratePcm arm64 /tmp/pasteasfile-build/xcode-signed/SDKExplicitPrecompiledModules/CoreFoundation-ESI7963IPSJSJO1ULR79SNC7M.pcm

SwiftExplicitDependencyGeneratePcm arm64 /tmp/pasteasfile-build/xcode-signed/SDKExplicitPrecompiledModules/XPC-E8WES6IIIAZP6EU932Q227KEB.pcm

SwiftExplicitDependencyGeneratePcm x86_64 /tmp/pasteasfile-build/xcode-signed/SDKExplicitPrecompiledModules/os-E8LMHVSAQ065CDHXTN1X3NS31.pcm

SwiftExplicitDependencyGeneratePcm x86_64 /tmp/pasteasfile-build/xcode-signed/SDKExplicitPrecompiledModules/ColorSync-7GFYANK0KH6D3NMG3ED6PCLBK.pcm

SwiftExplicitDependencyGeneratePcm x86_64 /tmp/pasteasfile-build/xcode-signed/SDKExplicitPrecompiledModules/Security-O33RXZQ1MPZ0DSD4T78LH58L.pcm

SwiftExplicitDependencyGeneratePcm x86_64 /tmp/pasteasfile-build/xcode-signed/SDKExplicitPrecompiledModules/IOKit-7O3UFT7P6PQ053A4QCV7ETIWV.pcm

SwiftExplicitDependencyGeneratePcm x86_64 /tmp/pasteasfile-build/xcode-signed/SDKExplicitPrecompiledModules/CFNetwork-9EBWHPOWF3ALWQ3ADXHF5U0BI.pcm

SwiftExplicitDependencyGeneratePcm arm64 /tmp/pasteasfile-build/xcode-signed/SDKExplicitPrecompiledModules/os-6OMSS1ITHFCTHTDR76M5DTV70.pcm

SwiftExplicitDependencyGeneratePcm arm64 /tmp/pasteasfile-build/xcode-signed/SDKExplicitPrecompiledModules/Security-F3OM6ESPWURJF75JKG8PFSTZT.pcm

SwiftExplicitDependencyGeneratePcm arm64 /tmp/pasteasfile-build/xcode-signed/SDKExplicitPrecompiledModules/IOKit-10XV0KROWNTJI07FRPAMQ1OFQ.pcm

SwiftExplicitDependencyGeneratePcm arm64 /tmp/pasteasfile-build/xcode-signed/SDKExplicitPrecompiledModules/CFNetwork-45DRI0P5HA7EHO4JKXB76I4CE.pcm

SwiftExplicitDependencyGeneratePcm arm64 /tmp/pasteasfile-build/xcode-signed/SDKExplicitPrecompiledModules/ColorSync-4FH7V58W6YE6DW68RZ3BNGQ8N.pcm

SwiftExplicitDependencyGeneratePcm x86_64 /tmp/pasteasfile-build/xcode-signed/SDKExplicitPrecompiledModules/CoreGraphics-C21QPG618ZMNFIR457XD2MFEA.pcm

SwiftExplicitDependencyGeneratePcm x86_64 /tmp/pasteasfile-build/xcode-signed/SDKExplicitPrecompiledModules/DiskArbitration-9DZBFDAOZC927ILUPZRHN1J7B.pcm

SwiftExplicitDependencyGeneratePcm arm64 /tmp/pasteasfile-build/xcode-signed/SDKExplicitPrecompiledModules/CoreGraphics-2P9UKH2GHS5XR7NWHOLRI9OHX.pcm

SwiftExplicitDependencyGeneratePcm arm64 /tmp/pasteasfile-build/xcode-signed/SDKExplicitPrecompiledModules/DiskArbitration-7TU0I4GY6O14R9U9G23YMNL9H.pcm

SwiftExplicitDependencyGeneratePcm x86_64 /tmp/pasteasfile-build/xcode-signed/SDKExplicitPrecompiledModules/CoreServices-A5ENE23P8T7NQKJTW6NCYEAIX.pcm

SwiftExplicitDependencyGeneratePcm x86_64 /tmp/pasteasfile-build/xcode-signed/SDKExplicitPrecompiledModules/CoreText-2B5YUB7MU9RVSUNVI2AU8ZU4Y.pcm

SwiftExplicitDependencyGeneratePcm x86_64 /tmp/pasteasfile-build/xcode-signed/SDKExplicitPrecompiledModules/ImageIO-4B3G30ML1TTCBI2KJXRBRDDDU.pcm

SwiftExplicitDependencyGeneratePcm arm64 /tmp/pasteasfile-build/xcode-signed/SDKExplicitPrecompiledModules/CoreServices-6GQ717I80LXF7ZWTEQIE1SN9M.pcm

SwiftExplicitDependencyGeneratePcm arm64 /tmp/pasteasfile-build/xcode-signed/SDKExplicitPrecompiledModules/CoreText-853HRWOWLAWT509W5J3WD2Z3J.pcm

SwiftExplicitDependencyGeneratePcm arm64 /tmp/pasteasfile-build/xcode-signed/SDKExplicitPrecompiledModules/ImageIO-528O83RY6K2FFIQFPMGLSNED6.pcm

SwiftExplicitDependencyGeneratePcm x86_64 /tmp/pasteasfile-build/xcode-signed/SDKExplicitPrecompiledModules/Foundation-AHH7PFW3TARHYPCP9R99WFN67.pcm

SwiftExplicitDependencyGeneratePcm arm64 /tmp/pasteasfile-build/xcode-signed/SDKExplicitPrecompiledModules/Foundation-2GLIHZXG0ROLMNOZCLHXO7E0P.pcm

SwiftExplicitDependencyGeneratePcm x86_64 /tmp/pasteasfile-build/xcode-signed/SDKExplicitPrecompiledModules/Accessibility-ED7M3AUENKFP50L3N2HIIJN47.pcm

SwiftExplicitDependencyGeneratePcm x86_64 /tmp/pasteasfile-build/xcode-signed/SDKExplicitPrecompiledModules/OSLog-2USAYB2LY8SQ2BZJK5ZR4X8UG.pcm

SwiftExplicitDependencyGeneratePcm x86_64 /tmp/pasteasfile-build/xcode-signed/SDKExplicitPrecompiledModules/DataDetection-A2REQ53WS10IB5TIVEJUP20FM.pcm

SwiftExplicitDependencyGeneratePcm x86_64 /tmp/pasteasfile-build/xcode-signed/SDKExplicitPrecompiledModules/UniformTypeIdentifiers-7ESHSSW2UUSAPUWGS0NHK1FTU.pcm

SwiftExplicitDependencyGeneratePcm x86_64 /tmp/pasteasfile-build/xcode-signed/SDKExplicitPrecompiledModules/Symbols-EOO0KO5CTZMEKAUF8UF2R7V3I.pcm

SwiftExplicitDependencyGeneratePcm x86_64 /tmp/pasteasfile-build/xcode-signed/SDKExplicitPrecompiledModules/CoreData-3CSX25LP3V3VH761WR598AI0U.pcm

SwiftExplicitDependencyGeneratePcm x86_64 /tmp/pasteasfile-build/xcode-signed/SDKExplicitPrecompiledModules/ApplicationServices-E6BG4WDHEC100JH8PA609TP6Z.pcm

SwiftExplicitDependencyGeneratePcm x86_64 /tmp/pasteasfile-build/xcode-signed/SDKExplicitPrecompiledModules/IOSurface-G6FPJSFMR0MAPNE1IEPXT4WN.pcm

SwiftExplicitDependencyGeneratePcm x86_64 /tmp/pasteasfile-build/xcode-signed/SDKExplicitPrecompiledModules/CoreTransferable-6U1R7KYE32052SK3GJTJQBYVF.pcm

SwiftExplicitDependencyGeneratePcm arm64 /tmp/pasteasfile-build/xcode-signed/SDKExplicitPrecompiledModules/ApplicationServices-2MF9YJPZT3JDDJEZWGN4WGI11.pcm

SwiftExplicitDependencyGeneratePcm arm64 /tmp/pasteasfile-build/xcode-signed/SDKExplicitPrecompiledModules/UniformTypeIdentifiers-1KL5PFMKORV61GAER4YA6AL67.pcm

SwiftExplicitDependencyGeneratePcm arm64 /tmp/pasteasfile-build/xcode-signed/SDKExplicitPrecompiledModules/DataDetection-4Z9DGKA242395DVEBDJC2RY9L.pcm

SwiftExplicitDependencyGeneratePcm arm64 /tmp/pasteasfile-build/xcode-signed/SDKExplicitPrecompiledModules/Symbols-9P143GPJ5K1OU1WVDBSOCA475.pcm

SwiftExplicitDependencyGeneratePcm arm64 /tmp/pasteasfile-build/xcode-signed/SDKExplicitPrecompiledModules/CoreTransferable-3519WHZY2UK6YZE8G9B2U8ROM.pcm

SwiftExplicitDependencyGeneratePcm arm64 /tmp/pasteasfile-build/xcode-signed/SDKExplicitPrecompiledModules/Accessibility-3THARVZUPF2X27IPS5JXS7EF5.pcm

SwiftExplicitDependencyGeneratePcm arm64 /tmp/pasteasfile-build/xcode-signed/SDKExplicitPrecompiledModules/IOSurface-UXJS05ER0C47LTY7WZLQIK3Q.pcm

SwiftExplicitDependencyGeneratePcm arm64 /tmp/pasteasfile-build/xcode-signed/SDKExplicitPrecompiledModules/OSLog-4RB8I1505NDW959RTYVZOTC5D.pcm

SwiftExplicitDependencyGeneratePcm arm64 /tmp/pasteasfile-build/xcode-signed/SDKExplicitPrecompiledModules/CoreData-6HKT9QTQL5FLJJXP0LODUHA7L.pcm

SwiftExplicitDependencyGeneratePcm x86_64 /tmp/pasteasfile-build/xcode-signed/SDKExplicitPrecompiledModules/Metal-92S23Y8HZFQ0CDD7S2RL34ICB.pcm

SwiftExplicitDependencyGeneratePcm x86_64 /tmp/pasteasfile-build/xcode-signed/SDKExplicitPrecompiledModules/OpenGL-DW6WK0824VLE3T98PKCDA5CNW.pcm

SwiftExplicitDependencyGeneratePcm arm64 /tmp/pasteasfile-build/xcode-signed/SDKExplicitPrecompiledModules/Metal-54P2RK22Z70MUHXGEE7OVX0O4.pcm

SwiftExplicitDependencyGeneratePcm arm64 /tmp/pasteasfile-build/xcode-signed/SDKExplicitPrecompiledModules/OpenGL-49SYWUZ77GKJFS4XZLVQ1AI57.pcm

SwiftExplicitDependencyGeneratePcm x86_64 /tmp/pasteasfile-build/xcode-signed/SDKExplicitPrecompiledModules/CoreVideo-2XR2J0EQ277AB8HQZI4EG7HB0.pcm

SwiftExplicitDependencyGeneratePcm arm64 /tmp/pasteasfile-build/xcode-signed/SDKExplicitPrecompiledModules/CoreVideo-AUTWB9OP6H64R78HI46RDN8C6.pcm

SwiftExplicitDependencyGeneratePcm x86_64 /tmp/pasteasfile-build/xcode-signed/SDKExplicitPrecompiledModules/QuartzCore-8MZ1MOF1QI2EW7J4A38YDX0X0.pcm

SwiftExplicitDependencyGeneratePcm x86_64 /tmp/pasteasfile-build/xcode-signed/SDKExplicitPrecompiledModules/CoreImage-1LP8L5RM3TG9ZU7XNCWIJV2VS.pcm

SwiftExplicitDependencyGeneratePcm arm64 /tmp/pasteasfile-build/xcode-signed/SDKExplicitPrecompiledModules/CoreImage-AY7112VWURNYO9VVZLPVC5UIT.pcm

SwiftExplicitDependencyGeneratePcm arm64 /tmp/pasteasfile-build/xcode-signed/SDKExplicitPrecompiledModules/QuartzCore-GZBTMLULS0E15JP94JL8NTQ7.pcm

SwiftExplicitDependencyGeneratePcm x86_64 /tmp/pasteasfile-build/xcode-signed/SDKExplicitPrecompiledModules/SwiftUICore-2YUZ70R8CK2V1QEZS16YR68L5.pcm

SwiftExplicitDependencyGeneratePcm x86_64 /tmp/pasteasfile-build/xcode-signed/SDKExplicitPrecompiledModules/AppKit-60ZUOE7YUDVQMGKL6SQLYW0AH.pcm

SwiftExplicitDependencyGeneratePcm arm64 /tmp/pasteasfile-build/xcode-signed/SDKExplicitPrecompiledModules/SwiftUICore-9UJ3SERX1ZGAQLBG4GN3BUBA4.pcm

SwiftExplicitDependencyGeneratePcm arm64 /tmp/pasteasfile-build/xcode-signed/SDKExplicitPrecompiledModules/AppKit-B2T85H6AO36OGB1V7FLJ5IANI.pcm

SwiftExplicitDependencyGeneratePcm x86_64 /tmp/pasteasfile-build/xcode-signed/SDKExplicitPrecompiledModules/FinderSync-2YD2RHYHR9JDLWI4919954V0R.pcm

SwiftCompile normal x86_64 Compiling\ FinderSync.swift,\ PasteLogic.swift /Users/bf/Library/CloudStorage/GoogleDrive-bernynoussi@gmail.com/Mon\ Drive/Formation/Collège\ BDEB/ETE_2026/420-A60-BB\ ALGORITHMES\ D\'APPRENTISSAGE\ PROFOND/Examen\ Final/PasteAsFile/PasteAsFileFinder/FinderSync.swift /Users/bf/Library/CloudStorage/GoogleDrive-bernynoussi@gmail.com/Mon\ Drive/Formation/Collège\ BDEB/ETE_2026/420-A60-BB\ ALGORITHMES\ D\'APPRENTISSAGE\ PROFOND/Examen\ Final/PasteAsFile/PasteAsFileCore/PasteLogic.swift /Applications/Xcode.app/Contents/Developer/Toolchains/XcodeDefault.xctoolchain/usr/lib/swift/macosx/prebuilt-modules/27.0/Swift.swiftmodule/x86_64-apple-macos.swiftmodule /Applications/Xcode.app/Contents/Developer/Toolchains/XcodeDefault.xctoolchain/usr/lib/swift/macosx/prebuilt-modules/27.0/DataDetection.swiftmodule/x86_64-apple-macos.swiftmodule /Applications/Xcode.app/Contents/Developer/Toolchains/XcodeDefault.xctoolchain/usr/lib/swift/macosx/prebuilt-modules/27.0/OSLog.swiftmodule/x86_64-apple-macos.swiftmodule /Applications/Xcode.app/Contents/Developer/Toolchains/XcodeDefault.xctoolchain/usr/lib/swift/macosx/prebuilt-modules/27.0/simd.swiftmodule/x86_64-apple-macos.swiftmodule /Applications/Xcode.app/Contents/Developer/Toolchains/XcodeDefault.xctoolchain/usr/lib/swift/macosx/prebuilt-modules/27.0/CoreData.swiftmodule/x86_64-apple-macos.swiftmodule /Applications/Xcode.app/Contents/Developer/Toolchains/XcodeDefault.xctoolchain/usr/lib/swift/macosx/prebuilt-modules/27.0/CoreFoundation.swiftmodule/x86_64-apple-macos.swiftmodule /Applications/Xcode.app/Contents/Developer/Toolchains/XcodeDefault.xctoolchain/usr/lib/swift/macosx/prebuilt-modules/27.0/AppKit.swiftmodule/x86_64-apple-macos.swiftmodule /Applications/Xcode.app/Contents/Developer/Toolchains/XcodeDefault.xctoolchain/usr/lib/swift/macosx/prebuilt-modules/27.0/_DarwinFoundation2.swiftmodule/x86_64-apple-macos.swiftmodule /Applications/Xcode.app/Contents/Developer/Toolchains/XcodeDefault.xctoolchain/usr/lib/swift/macosx/prebuilt-modules/27.0/XPC.swiftmodule/x86_64-apple-macos.swiftmodule /Applications/Xcode.app/Contents/Developer/Toolchains/XcodeDefault.xctoolchain/usr/lib/swift/macosx/prebuilt-modules/27.0/CoreTransferable.swiftmodule/x86_64-apple-macos.swiftmodule /Applications/Xcode.app/Contents/Developer/Toolchains/XcodeDefault.xctoolchain/usr/lib/swift/macosx/prebuilt-modules/27.0/System.swiftmodule/x86_64-apple-macos.swiftmodule /Applications/Xcode.app/Contents/Developer/Toolchains/XcodeDefault.xctoolchain/usr/lib/swift/macosx/prebuilt-modules/27.0/_StringProcessing.swiftmodule/x86_64-apple-macos.swiftmodule /Applications/Xcode.app/Contents/Developer/Toolchains/XcodeDefault.xctoolchain/usr/lib/swift/macosx/prebuilt-modules/27.0/UniformTypeIdentifiers.swiftmodule/x86_64-apple-macos.swiftmodule /Applications/Xcode.app/Contents/Developer/Toolchains/XcodeDefault.xctoolchain/usr/lib/swift/macosx/prebuilt-modules/27.0/CoreText.swiftmodule/x86_64-apple-macos.swiftmodule /Applications/Xcode.app/Contents/Developer/Toolchains/XcodeDefault.xctoolchain/usr/lib/swift/macosx/prebuilt-modules/27.0/Symbols.swiftmodule/x86_64-apple-macos.swiftmodule /Applications/Xcode.app/Contents/Developer/Toolchains/XcodeDefault.xctoolchain/usr/lib/swift/macosx/prebuilt-modules/27.0/Accessibility.swiftmodule/x86_64-apple-macos.swiftmodule /Applications/Xcode.app/Contents/Developer/Toolchains/XcodeDefault.xctoolchain/usr/lib/swift/macosx/prebuilt-modules/27.0/QuartzCore.swiftmodule/x86_64-apple-macos.swiftmodule /Applications/Xcode.app/Contents/Developer/Toolchains/XcodeDefault.xctoolchain/usr/lib/swift/macosx/prebuilt-modules/27.0/DeveloperToolsSupport.swiftmodule/x86_64-apple-macos.swiftmodule /Applications/Xcode.app/Contents/Developer/Toolchains/XcodeDefault.xctoolchain/usr/lib/swift/macosx/prebuilt-modules/27.0/os.swiftmodule/x86_64-apple-macos.swiftmodule /Applications/Xcode.app/Contents/Developer/Toolchains/XcodeDefault.xctoolchain/usr/lib/swift/macosx/prebuilt-modules/27.0/Observation.swiftmodule/x86_64-apple-macos.swiftmodule /Applications/Xcode.app/Contents/Developer/Toolchains/XcodeDefault.xctoolchain/usr/lib/swift/macosx/prebuilt-modules/27.0/Combine.swiftmodule/x86_64-apple-macos.swiftmodule /Applications/Xcode.app/Contents/Developer/Toolchains/XcodeDefault.xctoolchain/usr/lib/swift/macosx/prebuilt-modules/27.0/CoreGraphics.swiftmodule/x86_64-apple-macos.swiftmodule /Applications/Xcode.app/Contents/Developer/Toolchains/XcodeDefault.xctoolchain/usr/lib/swift/macosx/prebuilt-modules/27.0/CoreImage.swiftmodule/x86_64-apple-macos.swiftmodule /Applications/Xcode.app/Contents/Developer/Toolchains/XcodeDefault.xctoolchain/usr/lib/swift/macosx/prebuilt-modules/27.0/_DarwinFoundation1.swiftmodule/x86_64-apple-macos.swiftmodule /Applications/Xcode.app/Contents/Developer/Toolchains/XcodeDefault.xctoolchain/usr/lib/swift/macosx/prebuilt-modules/27.0/SwiftUICore.swiftmodule/x86_64-apple-macos.swiftmodule /Applications/Xcode.app/Contents/Developer/Toolchains/XcodeDefault.xctoolchain/usr/lib/swift/macosx/prebuilt-modules/27.0/Dispatch.swiftmodule/x86_64-apple-macos.swiftmodule /Applications/Xcode.app/Contents/Developer/Toolchains/XcodeDefault.xctoolchain/usr/lib/swift/macosx/prebuilt-modules/27.0/_Concurrency.swiftmodule/x86_64-apple-macos.swiftmodule /Applications/Xcode.app/Contents/Developer/Toolchains/XcodeDefault.xctoolchain/usr/lib/swift/macosx/prebuilt-modules/27.0/_DarwinFoundation3.swiftmodule/x86_64-apple-macos.swiftmodule /Applications/Xcode.app/Contents/Developer/Toolchains/XcodeDefault.xctoolchain/usr/lib/swift/macosx/prebuilt-modules/27.0/Spatial.swiftmodule/x86_64-apple-macos.swiftmodule /Applications/Xcode.app/Contents/Developer/Toolchains/XcodeDefault.xctoolchain/usr/lib/swift/macosx/prebuilt-modules/27.0/ColorSync.swiftmodule/x86_64-apple-macos.swiftmodule /Applications/Xcode.app/Contents/Developer/Toolchains/XcodeDefault.xctoolchain/usr/lib/swift/macosx/prebuilt-modules/27.0/Foundation.swiftmodule/x86_64-apple-macos.swiftmodule /Applications/Xcode.app/Contents/Developer/Toolchains/XcodeDefault.xctoolchain/usr/lib/swift/macosx/prebuilt-modules/27.0/Metal.swiftmodule/x86_64-apple-macos.swiftmodule /Applications/Xcode.app/Contents/Developer/Toolchains/XcodeDefault.xctoolchain/usr/lib/swift/macosx/prebuilt-modules/27.0/IOKit.swiftmodule/x86_64-apple-macos.swiftmodule /Applications/Xcode.app/Contents/Developer/Toolchains/XcodeDefault.xctoolchain/usr/lib/swift/macosx/prebuilt-modules/27.0/CoreVideo.swiftmodule/x86_64-apple-macos.swiftmodule /Applications/Xcode.app/Contents/Developer/Toolchains/XcodeDefault.xctoolchain/usr/lib/swift/macosx/prebuilt-modules/27.0/ObjectiveC.swiftmodule/x86_64-apple-macos.swiftmodule /Applications/Xcode.app/Contents/Developer/Toolchains/XcodeDefault.xctoolchain/usr/lib/swift/macosx/prebuilt-modules/27.0/_Builtin_float.swiftmodule/x86_64-apple-macos.swiftmodule /Applications/Xcode.app/Contents/Developer/Toolchains/XcodeDefault.xctoolchain/usr/lib/swift/macosx/prebuilt-modules/27.0/Darwin.swiftmodule/x86_64-apple-macos.swiftmodule /Applications/Xcode.app/Contents/Developer/Toolchains/XcodeDefault.xctoolchain/usr/lib/swift/macosx/prebuilt-modules/27.0/ImageIO.swiftmodule/x86_64-apple-macos.swiftmodule /tmp/pasteasfile-build/xcode-signed/SDKExplicitPrecompiledModules/CoreFoundation-77SORUNKFW0G3V2SSEFLS8ABI.pcm /tmp/pasteasfile-build/xcode-signed/SDKExplicitPrecompiledModules/CFNetwork-9EBWHPOWF3ALWQ3ADXHF5U0BI.pcm /tmp/pasteasfile-build/xcode-signed/SDKExplicitPrecompiledModules/Spatial-BB34CV4DM2CJPZJEFDJXB4G1A.pcm /tmp/pasteasfile-build/xcode-signed/SDKExplicitPrecompiledModules/os-E8LMHVSAQ065CDHXTN1X3NS31.pcm /tmp/pasteasfile-build/xcode-signed/SDKExplicitPrecompiledModules/sys_types-DSYZZ84JDHULXSNERXA6IWD49.pcm /tmp/pasteasfile-build/xcode-signed/SDKExplicitPrecompiledModules/_Builtin_stdatomic-9W4BRM66DW784WVWD9OKGAD3Q.pcm /tmp/pasteasfile-build/xcode-signed/SDKExplicitPrecompiledModules/OpenGL-DW6WK0824VLE3T98PKCDA5CNW.pcm /tmp/pasteasfile-build/xcode-signed/SDKExplicitPrecompiledModules/Accessibility-ED7M3AUENKFP50L3N2HIIJN47.pcm /tmp/pasteasfile-build/xcode-signed/SDKExplicitPrecompiledModules/_DarwinFoundation3-9OXACGB03FXIBCKQ6OX7MIPA0.pcm /tmp/pasteasfile-build/xcode-signed/SDKExplicitPrecompiledModules/SwiftShims-2ZRZS47IUHS07SW8F0SP628CS.pcm /tmp/pasteasfile-build/xcode-signed/SDKExplicitPrecompiledModules/ObjectiveC-DGLUXC6IKFW2PDWCW1ES3J6D4.pcm /tmp/pasteasfile-build/xcode-signed/SDKExplicitPrecompiledModules/os_workgroup-2EXZXTZHTXP27J6BO1WD0H3IC.pcm /tmp/pasteasfile-build/xcode-signed/SDKExplicitPrecompiledModules/CoreServices-A5ENE23P8T7NQKJTW6NCYEAIX.pcm /tmp/pasteasfile-build/xcode-signed/SDKExplicitPrecompiledModules/UniformTypeIdentifiers-7ESHSSW2UUSAPUWGS0NHK1FTU.pcm /tmp/pasteasfile-build/xcode-signed/SDKExplicitPrecompiledModules/CoreData-3CSX25LP3V3VH761WR598AI0U.pcm /tmp/pasteasfile-build/xcode-signed/SDKExplicitPrecompiledModules/XPC-D99KWUX78OMEBR5XG701NIN8Y.pcm /tmp/pasteasfile-build/xcode-signed/SDKExplicitPrecompiledModules/_AvailabilityInternal-3SB1IG4OYM8R0IG1GZPC5TEXL.pcm /tmp/pasteasfile-build/xcode-signed/SDKExplicitPrecompiledModules/MachO-E58EHF4H9ZK892LHGWSAQB9T.pcm /tmp/pasteasfile-build/xcode-signed/SDKExplicitPrecompiledModules/_DarwinFoundation2-BX4JYK4E1ZMXMZWHNYBU64SBB.pcm /tmp/pasteasfile-build/xcode-signed/SDKExplicitPrecompiledModules/CoreText-2B5YUB7MU9RVSUNVI2AU8ZU4Y.pcm /tmp/pasteasfile-build/xcode-signed/SDKExplicitPrecompiledModules/simd-3IC5Y0HBPDPR56BCQPRPTG1OX.pcm /tmp/pasteasfile-build/xcode-signed/SDKExplicitPrecompiledModules/_Builtin_limits-CMPH8GRZZ750QY1YK0O5MO0VS.pcm /tmp/pasteasfile-build/xcode-signed/SDKExplicitPrecompiledModules/Metal-92S23Y8HZFQ0CDD7S2RL34ICB.pcm /tmp/pasteasfile-build/xcode-signed/SDKExplicitPrecompiledModules/string_h-7VLNCAG5RN9IW01Z24F56BRTF.pcm /tmp/pasteasfile-build/xcode-signed/SDKExplicitPrecompiledModules/ImageIO-4B3G30ML1TTCBI2KJXRBRDDDU.pcm /tmp/pasteasfile-build/xcode-signed/SDKExplicitPrecompiledModules/Darwin-5FUCOJS62T9Q7MG1BBBDP9NGR.pcm /tmp/pasteasfile-build/xcode-signed/SDKExplicitPrecompiledModules/DiskArbitration-9DZBFDAOZC927ILUPZRHN1J7B.pcm /tmp/pasteasfile-build/xcode-signed/SDKExplicitPrecompiledModules/libDER-BWR41NGIAC2O0MQDRZ2RFY9XT.pcm /tmp/pasteasfile-build/xcode-signed/SDKExplicitPrecompiledModules/ApplicationServices-E6BG4WDHEC100JH8PA609TP6Z.pcm /tmp/pasteasfile-build/xcode-signed/SDKExplicitPrecompiledModules/OSLog-2USAYB2LY8SQ2BZJK5ZR4X8UG.pcm /tmp/pasteasfile-build/xcode-signed/SDKExplicitPrecompiledModules/_Builtin_intrinsics-EFQ772ZDYM0K0OWV7OMPHBWE1.pcm /tmp/pasteasfile-build/xcode-signed/SDKExplicitPrecompiledModules/_Builtin_stdbool-DQM13QIIJVYLWH1D099PF6MSC.pcm /tmp/pasteasfile-build/xcode-signed/SDKExplicitPrecompiledModules/ptrauth-DU8NL2ZHQUU41I7I071ABVS8D.pcm /tmp/pasteasfile-build/xcode-signed/SDKExplicitPrecompiledModules/_SwiftConcurrencyShims-8DFLECOJ70T2SKXT0QI12WFX0.pcm /tmp/pasteasfile-build/xcode-signed/SDKExplicitPrecompiledModules/libkern-5892I0L43JO245ENZ7URJ8RAO.pcm /tmp/pasteasfile-build/xcode-signed/SDKExplicitPrecompiledModules/Dispatch-EFI5FXEGSQ0XBXGE6ZLC6I07X.pcm /tmp/pasteasfile-build/xcode-signed/SDKExplicitPrecompiledModules/FinderSync-2YD2RHYHR9JDLWI4919954V0R.pcm /tmp/pasteasfile-build/xcode-signed/SDKExplicitPrecompiledModules/_Builtin_float-7O70V7MPWWA6CLGNMK4MSX0EL.pcm /tmp/pasteasfile-build/xcode-signed/SDKExplicitPrecompiledModules/QuartzCore-8MZ1MOF1QI2EW7J4A38YDX0X0.pcm /tmp/pasteasfile-build/xcode-signed/SDKExplicitPrecompiledModules/Foundation-AHH7PFW3TARHYPCP9R99WFN67.pcm /tmp/pasteasfile-build/xcode-signed/SDKExplicitPrecompiledModules/DeveloperToolsSupport-A7BVVGF5EDAAM0TOEDN974Z9E.pcm /tmp/pasteasfile-build/xcode-signed/SDKExplicitPrecompiledModules/CoreGraphics-C21QPG618ZMNFIR457XD2MFEA.pcm /tmp/pasteasfile-build/xcode-signed/SDKExplicitPrecompiledModules/DataDetection-A2REQ53WS10IB5TIVEJUP20FM.pcm /tmp/pasteasfile-build/xcode-signed/SDKExplicitPrecompiledModules/CoreImage-1LP8L5RM3TG9ZU7XNCWIJV2VS.pcm /tmp/pasteasfile-build/xcode-signed/SDKExplicitPrecompiledModules/_Builtin_stddef-A1KPAXW57B3MALYC0GQQMJO3I.pcm /tmp/pasteasfile-build/xcode-signed/SDKExplicitPrecompiledModules/CUPS-2WHRSU73UE4X7GMWKPYVSNHF4.pcm /tmp/pasteasfile-build/xcode-signed/SDKExplicitPrecompiledModules/IOKit-7O3UFT7P6PQ053A4QCV7ETIWV.pcm /tmp/pasteasfile-build/xcode-signed/SDKExplicitPrecompiledModules/IOSurface-G6FPJSFMR0MAPNE1IEPXT4WN.pcm /tmp/pasteasfile-build/xcode-signed/SDKExplicitPrecompiledModules/_Builtin_stdint-CR24OHQ59ZU8UKUL28G7VAQVA.pcm /tmp/pasteasfile-build/xcode-signed/SDKExplicitPrecompiledModules/ptrcheck-67BIH8ME8R79OPL6818NKVWGG.pcm /tmp/pasteasfile-build/xcode-signed/SDKExplicitPrecompiledModules/CoreVideo-2XR2J0EQ277AB8HQZI4EG7HB0.pcm /tmp/pasteasfile-build/xcode-signed/SDKExplicitPrecompiledModules/ColorSync-7GFYANK0KH6D3NMG3ED6PCLBK.pcm /tmp/pasteasfile-build/xcode-signed/SDKExplicitPrecompiledModules/_Builtin_inttypes-9RX70HED2GXCK8FJPMQXSTWL6.pcm /tmp/pasteasfile-build/xcode-signed/SDKExplicitPrecompiledModules/CoreTransferable-6U1R7KYE32052SK3GJTJQBYVF.pcm /tmp/pasteasfile-build/xcode-signed/SDKExplicitPrecompiledModules/_Builtin_stdarg-HAOJ91HDSDZCGQRDRZ082QKP.pcm /tmp/pasteasfile-build/xcode-signed/SDKExplicitPrecompiledModules/_DarwinFoundation1-17OW767O97JOTDHHS4I3Z3DIF.pcm /tmp/pasteasfile-build/xcode-signed/SDKExplicitPrecompiledModules/_Builtin_tgmath-87ST7BTUSOYBZW3Q1UT9Q64TD.pcm /tmp/pasteasfile-build/xcode-signed/SDKExplicitPrecompiledModules/launch-7DAACERVQZC66E8NEZCIPBW6I.pcm /tmp/pasteasfile-build/xcode-signed/SDKExplicitPrecompiledModules/os_object-1GGPGC89W10J01TB5Q2CKWF1F.pcm /tmp/pasteasfile-build/xcode-signed/SDKExplicitPrecompiledModules/Security-O33RXZQ1MPZ0DSD4T78LH58L.pcm /tmp/pasteasfile-build/xcode-signed/SDKExplicitPrecompiledModules/Symbols-EOO0KO5CTZMEKAUF8UF2R7V3I.pcm /tmp/pasteasfile-build/xcode-signed/SDKExplicitPrecompiledModules/SwiftUICore-2YUZ70R8CK2V1QEZS16YR68L5.pcm /tmp/pasteasfile-build/xcode-signed/SDKExplicitPrecompiledModules/AppKit-60ZUOE7YUDVQMGKL6SQLYW0AH.pcm /tmp/pasteasfile-build/xcode-signed/Build/Intermediates.noindex/PasteAsFile.build/Release/PasteAsFileFinder.build/Objects-normal/x86_64/PasteAsFileFinder-dependencies-2.json (in target 'PasteAsFileFinder' from project 'PasteAsFile')

SwiftCompile normal x86_64 (in target 'PasteAsFileFinder' from project 'PasteAsFile')
    cd /Users/bf/Library/CloudStorage/GoogleDrive-bernynoussi@gmail.com/Mon\ Drive/Formation/Collège\ BDEB/ETE_2026/420-A60-BB\ ALGORITHMES\ D\'APPRENTISSAGE\ PROFOND/Examen\ Final/PasteAsFile
    

SwiftExplicitDependencyGeneratePcm arm64 /tmp/pasteasfile-build/xcode-signed/SDKExplicitPrecompiledModules/FinderSync-47Y55B4WNA5VY24PM5DHF7A8R.pcm

SwiftCompile normal arm64 Compiling\ FinderSync.swift,\ PasteLogic.swift /Users/bf/Library/CloudStorage/GoogleDrive-bernynoussi@gmail.com/Mon\ Drive/Formation/Collège\ BDEB/ETE_2026/420-A60-BB\ ALGORITHMES\ D\'APPRENTISSAGE\ PROFOND/Examen\ Final/PasteAsFile/PasteAsFileFinder/FinderSync.swift /Users/bf/Library/CloudStorage/GoogleDrive-bernynoussi@gmail.com/Mon\ Drive/Formation/Collège\ BDEB/ETE_2026/420-A60-BB\ ALGORITHMES\ D\'APPRENTISSAGE\ PROFOND/Examen\ Final/PasteAsFile/PasteAsFileCore/PasteLogic.swift /Applications/Xcode.app/Contents/Developer/Toolchains/XcodeDefault.xctoolchain/usr/lib/swift/macosx/prebuilt-modules/27.0/CoreVideo.swiftmodule/arm64e-apple-macos.swiftmodule /Applications/Xcode.app/Contents/Developer/Toolchains/XcodeDefault.xctoolchain/usr/lib/swift/macosx/prebuilt-modules/27.0/Spatial.swiftmodule/arm64e-apple-macos.swiftmodule /Applications/Xcode.app/Contents/Developer/Toolchains/XcodeDefault.xctoolchain/usr/lib/swift/macosx/prebuilt-modules/27.0/CoreGraphics.swiftmodule/arm64e-apple-macos.swiftmodule /Applications/Xcode.app/Contents/Developer/Toolchains/XcodeDefault.xctoolchain/usr/lib/swift/macosx/prebuilt-modules/27.0/simd.swiftmodule/arm64e-apple-macos.swiftmodule /Applications/Xcode.app/Contents/Developer/Toolchains/XcodeDefault.xctoolchain/usr/lib/swift/macosx/prebuilt-modules/27.0/Symbols.swiftmodule/arm64e-apple-macos.swiftmodule /Applications/Xcode.app/Contents/Developer/Toolchains/XcodeDefault.xctoolchain/usr/lib/swift/macosx/prebuilt-modules/27.0/_Concurrency.swiftmodule/arm64e-apple-macos.swiftmodule /Applications/Xcode.app/Contents/Developer/Toolchains/XcodeDefault.xctoolchain/usr/lib/swift/macosx/prebuilt-modules/27.0/QuartzCore.swiftmodule/arm64e-apple-macos.swiftmodule /Applications/Xcode.app/Contents/Developer/Toolchains/XcodeDefault.xctoolchain/usr/lib/swift/macosx/prebuilt-modules/27.0/System.swiftmodule/arm64e-apple-macos.swiftmodule /Applications/Xcode.app/Contents/Developer/Toolchains/XcodeDefault.xctoolchain/usr/lib/swift/macosx/prebuilt-modules/27.0/_StringProcessing.swiftmodule/arm64e-apple-macos.swiftmodule /Applications/Xcode.app/Contents/Developer/Toolchains/XcodeDefault.xctoolchain/usr/lib/swift/macosx/prebuilt-modules/27.0/SwiftUICore.swiftmodule/arm64e-apple-macos.swiftmodule /Applications/Xcode.app/Contents/Developer/Toolchains/XcodeDefault.xctoolchain/usr/lib/swift/macosx/prebuilt-modules/27.0/ImageIO.swiftmodule/arm64e-apple-macos.swiftmodule /Applications/Xcode.app/Contents/Developer/Toolchains/XcodeDefault.xctoolchain/usr/lib/swift/macosx/prebuilt-modules/27.0/XPC.swiftmodule/arm64e-apple-macos.swiftmodule /Applications/Xcode.app/Contents/Developer/Toolchains/XcodeDefault.xctoolchain/usr/lib/swift/macosx/prebuilt-modules/27.0/DeveloperToolsSupport.swiftmodule/arm64e-apple-macos.swiftmodule /Applications/Xcode.app/Contents/Developer/Toolchains/XcodeDefault.xctoolchain/usr/lib/swift/macosx/prebuilt-modules/27.0/AppKit.swiftmodule/arm64e-apple-macos.swiftmodule /Applications/Xcode.app/Contents/Developer/Toolchains/XcodeDefault.xctoolchain/usr/lib/swift/macosx/prebuilt-modules/27.0/Dispatch.swiftmodule/arm64e-apple-macos.swiftmodule /Applications/Xcode.app/Contents/Developer/Toolchains/XcodeDefault.xctoolchain/usr/lib/swift/macosx/prebuilt-modules/27.0/CoreFoundation.swiftmodule/arm64e-apple-macos.swiftmodule /Applications/Xcode.app/Contents/Developer/Toolchains/XcodeDefault.xctoolchain/usr/lib/swift/macosx/prebuilt-modules/27.0/Foundation.swiftmodule/arm64e-apple-macos.swiftmodule /Applications/Xcode.app/Contents/Developer/Toolchains/XcodeDefault.xctoolchain/usr/lib/swift/macosx/prebuilt-modules/27.0/Combine.swiftmodule/arm64e-apple-macos.swiftmodule /Applications/Xcode.app/Contents/Developer/Toolchains/XcodeDefault.xctoolchain/usr/lib/swift/macosx/prebuilt-modules/27.0/Observation.swiftmodule/arm64e-apple-macos.swiftmodule /Applications/Xcode.app/Contents/Developer/Toolchains/XcodeDefault.xctoolchain/usr/lib/swift/macosx/prebuilt-modules/27.0/CoreText.swiftmodule/arm64e-apple-macos.swiftmodule /Applications/Xcode.app/Contents/Developer/Toolchains/XcodeDefault.xctoolchain/usr/lib/swift/macosx/prebuilt-modules/27.0/Metal.swiftmodule/arm64e-apple-macos.swiftmodule /Applications/Xcode.app/Contents/Developer/Toolchains/XcodeDefault.xctoolchain/usr/lib/swift/macosx/prebuilt-modules/27.0/CoreData.swiftmodule/arm64e-apple-macos.swiftmodule /Applications/Xcode.app/Contents/Developer/Toolchains/XcodeDefault.xctoolchain/usr/lib/swift/macosx/prebuilt-modules/27.0/ObjectiveC.swiftmodule/arm64e-apple-macos.swiftmodule /Applications/Xcode.app/Contents/Developer/Toolchains/XcodeDefault.xctoolchain/usr/lib/swift/macosx/prebuilt-modules/27.0/IOKit.swiftmodule/arm64e-apple-macos.swiftmodule /Applications/Xcode.app/Contents/Developer/Toolchains/XcodeDefault.xctoolchain/usr/lib/swift/macosx/prebuilt-modules/27.0/DataDetection.swiftmodule/arm64e-apple-macos.swiftmodule /Applications/Xcode.app/Contents/Developer/Toolchains/XcodeDefault.xctoolchain/usr/lib/swift/macosx/prebuilt-modules/27.0/Darwin.swiftmodule/arm64e-apple-macos.swiftmodule /Applications/Xcode.app/Contents/Developer/Toolchains/XcodeDefault.xctoolchain/usr/lib/swift/macosx/prebuilt-modules/27.0/os.swiftmodule/arm64e-apple-macos.swiftmodule /Applications/Xcode.app/Contents/Developer/Toolchains/XcodeDefault.xctoolchain/usr/lib/swift/macosx/prebuilt-modules/27.0/_DarwinFoundation2.swiftmodule/arm64e-apple-macos.swiftmodule /Applications/Xcode.app/Contents/Developer/Toolchains/XcodeDefault.xctoolchain/usr/lib/swift/macosx/prebuilt-modules/27.0/Swift.swiftmodule/arm64e-apple-macos.swiftmodule /Applications/Xcode.app/Contents/Developer/Toolchains/XcodeDefault.xctoolchain/usr/lib/swift/macosx/prebuilt-modules/27.0/UniformTypeIdentifiers.swiftmodule/arm64e-apple-macos.swiftmodule /Applications/Xcode.app/Contents/Developer/Toolchains/XcodeDefault.xctoolchain/usr/lib/swift/macosx/prebuilt-modules/27.0/OSLog.swiftmodule/arm64e-apple-macos.swiftmodule /Applications/Xcode.app/Contents/Developer/Toolchains/XcodeDefault.xctoolchain/usr/lib/swift/macosx/prebuilt-modules/27.0/Accessibility.swiftmodule/arm64e-apple-macos.swiftmodule /Applications/Xcode.app/Contents/Developer/Toolchains/XcodeDefault.xctoolchain/usr/lib/swift/macosx/prebuilt-modules/27.0/_DarwinFoundation3.swiftmodule/arm64e-apple-macos.swiftmodule /Applications/Xcode.app/Contents/Developer/Toolchains/XcodeDefault.xctoolchain/usr/lib/swift/macosx/prebuilt-modules/27.0/CoreImage.swiftmodule/arm64e-apple-macos.swiftmodule /Applications/Xcode.app/Contents/Developer/Toolchains/XcodeDefault.xctoolchain/usr/lib/swift/macosx/prebuilt-modules/27.0/CoreTransferable.swiftmodule/arm64e-apple-macos.swiftmodule /Applications/Xcode.app/Contents/Developer/Toolchains/XcodeDefault.xctoolchain/usr/lib/swift/macosx/prebuilt-modules/27.0/_DarwinFoundation1.swiftmodule/arm64e-apple-macos.swiftmodule /Applications/Xcode.app/Contents/Developer/Toolchains/XcodeDefault.xctoolchain/usr/lib/swift/macosx/prebuilt-modules/27.0/_Builtin_float.swiftmodule/arm64e-apple-macos.swiftmodule /Applications/Xcode.app/Contents/Developer/Toolchains/XcodeDefault.xctoolchain/usr/lib/swift/macosx/prebuilt-modules/27.0/ColorSync.swiftmodule/arm64e-apple-macos.swiftmodule /tmp/pasteasfile-build/xcode-signed/SDKExplicitPrecompiledModules/_DarwinFoundation2-DIQF2M4BHAKA766J4Q8KBNJID.pcm /tmp/pasteasfile-build/xcode-signed/SDKExplicitPrecompiledModules/FinderSync-47Y55B4WNA5VY24PM5DHF7A8R.pcm /tmp/pasteasfile-build/xcode-signed/SDKExplicitPrecompiledModules/CoreServices-6GQ717I80LXF7ZWTEQIE1SN9M.pcm /tmp/pasteasfile-build/xcode-signed/SDKExplicitPrecompiledModules/sys_types-53GBNN7QA1R7VLZY5BVSFCMLM.pcm /tmp/pasteasfile-build/xcode-signed/SDKExplicitPrecompiledModules/simd-6SETBGL76U716NJ9N1JA249GS.pcm /tmp/pasteasfile-build/xcode-signed/SDKExplicitPrecompiledModules/XPC-E8WES6IIIAZP6EU932Q227KEB.pcm /tmp/pasteasfile-build/xcode-signed/SDKExplicitPrecompiledModules/QuartzCore-GZBTMLULS0E15JP94JL8NTQ7.pcm /tmp/pasteasfile-build/xcode-signed/SDKExplicitPrecompiledModules/os_workgroup-DCHYNQYQX4JOEEIJRFT65KAXE.pcm /tmp/pasteasfile-build/xcode-signed/SDKExplicitPrecompiledModules/os-6OMSS1ITHFCTHTDR76M5DTV70.pcm /tmp/pasteasfile-build/xcode-signed/SDKExplicitPrecompiledModules/Accessibility-3THARVZUPF2X27IPS5JXS7EF5.pcm /tmp/pasteasfile-build/xcode-signed/SDKExplicitPrecompiledModules/_Builtin_stdarg-D2MM6OQCQ608B3GB9MY0LB7EG.pcm /tmp/pasteasfile-build/xcode-signed/SDKExplicitPrecompiledModules/IOKit-10XV0KROWNTJI07FRPAMQ1OFQ.pcm /tmp/pasteasfile-build/xcode-signed/SDKExplicitPrecompiledModules/CoreGraphics-2P9UKH2GHS5XR7NWHOLRI9OHX.pcm /tmp/pasteasfile-build/xcode-signed/SDKExplicitPrecompiledModules/_DarwinFoundation1-4ZQHX0003V94JWOTTWVSTS2T7.pcm /tmp/pasteasfile-build/xcode-signed/SDKExplicitPrecompiledModules/OSLog-4RB8I1505NDW959RTYVZOTC5D.pcm /tmp/pasteasfile-build/xcode-signed/SDKExplicitPrecompiledModules/_DarwinFoundation3-6CCVJ6ZMO9IYNITZ703L6RU91.pcm /tmp/pasteasfile-build/xcode-signed/SDKExplicitPrecompiledModules/DataDetection-4Z9DGKA242395DVEBDJC2RY9L.pcm /tmp/pasteasfile-build/xcode-signed/SDKExplicitPrecompiledModules/ApplicationServices-2MF9YJPZT3JDDJEZWGN4WGI11.pcm /tmp/pasteasfile-build/xcode-signed/SDKExplicitPrecompiledModules/CoreFoundation-ESI7963IPSJSJO1ULR79SNC7M.pcm /tmp/pasteasfile-build/xcode-signed/SDKExplicitPrecompiledModules/OpenGL-49SYWUZ77GKJFS4XZLVQ1AI57.pcm /tmp/pasteasfile-build/xcode-signed/SDKExplicitPrecompiledModules/AppKit-B2T85H6AO36OGB1V7FLJ5IANI.pcm /tmp/pasteasfile-build/xcode-signed/SDKExplicitPrecompiledModules/CoreVideo-AUTWB9OP6H64R78HI46RDN8C6.pcm /tmp/pasteasfile-build/xcode-signed/SDKExplicitPrecompiledModules/ptrcheck-3TERJT24EZB4DXIVVAKPHKT5B.pcm /tmp/pasteasfile-build/xcode-signed/SDKExplicitPrecompiledModules/_Builtin_float-832U5PMOZMZJQZ9HO2974NMGX.pcm /tmp/pasteasfile-build/xcode-signed/SDKExplicitPrecompiledModules/CFNetwork-45DRI0P5HA7EHO4JKXB76I4CE.pcm /tmp/pasteasfile-build/xcode-signed/SDKExplicitPrecompiledModules/DiskArbitration-7TU0I4GY6O14R9U9G23YMNL9H.pcm /tmp/pasteasfile-build/xcode-signed/SDKExplicitPrecompiledModules/os_object-8VIZYHETYZ3AD4MH1XYOY8UK5.pcm /tmp/pasteasfile-build/xcode-signed/SDKExplicitPrecompiledModules/CoreTransferable-3519WHZY2UK6YZE8G9B2U8ROM.pcm /tmp/pasteasfile-build/xcode-signed/SDKExplicitPrecompiledModules/_Builtin_stdatomic-ADDFMSVW121M5I3HNNTHETE4L.pcm /tmp/pasteasfile-build/xcode-signed/SDKExplicitPrecompiledModules/ptrauth-5RN82MAGMKA6K2DMZHCPXN6V4.pcm /tmp/pasteasfile-build/xcode-signed/SDKExplicitPrecompiledModules/_Builtin_stddef-AY4A8SN3PBOCWYIS979UP234W.pcm /tmp/pasteasfile-build/xcode-signed/SDKExplicitPrecompiledModules/Symbols-9P143GPJ5K1OU1WVDBSOCA475.pcm /tmp/pasteasfile-build/xcode-signed/SDKExplicitPrecompiledModules/_SwiftConcurrencyShims-45OEY92CWNFBR2XBAIE8FY0VT.pcm /tmp/pasteasfile-build/xcode-signed/SDKExplicitPrecompiledModules/CoreText-853HRWOWLAWT509W5J3WD2Z3J.pcm /tmp/pasteasfile-build/xcode-signed/SDKExplicitPrecompiledModules/DeveloperToolsSupport-7YDD1VQCGYLXKFR7EA6JH5FMA.pcm /tmp/pasteasfile-build/xcode-signed/SDKExplicitPrecompiledModules/ObjectiveC-42ST9G3J4I98U23I2GO71P2Y5.pcm /tmp/pasteasfile-build/xcode-signed/SDKExplicitPrecompiledModules/ImageIO-528O83RY6K2FFIQFPMGLSNED6.pcm /tmp/pasteasfile-build/xcode-signed/SDKExplicitPrecompiledModules/libkern-3CFW7RNQ40CI35T1XUK2OILM3.pcm /tmp/pasteasfile-build/xcode-signed/SDKExplicitPrecompiledModules/_Builtin_stdint-O02LRLEZ7XQAOJC528MK43XR.pcm /tmp/pasteasfile-build/xcode-signed/SDKExplicitPrecompiledModules/Darwin-EJ8X9EVZYE0EXJY1TZYSCI2YK.pcm /tmp/pasteasfile-build/xcode-signed/SDKExplicitPrecompiledModules/_Builtin_stdbool-EHCA956FGLUL765N278X9HLYH.pcm /tmp/pasteasfile-build/xcode-signed/SDKExplicitPrecompiledModules/launch-2H3QSPVXC2YF1SDYO2PBDBJQG.pcm /tmp/pasteasfile-build/xcode-signed/SDKExplicitPrecompiledModules/CoreImage-AY7112VWURNYO9VVZLPVC5UIT.pcm /tmp/pasteasfile-build/xcode-signed/SDKExplicitPrecompiledModules/Security-F3OM6ESPWURJF75JKG8PFSTZT.pcm /tmp/pasteasfile-build/xcode-signed/SDKExplicitPrecompiledModules/SwiftUICore-9UJ3SERX1ZGAQLBG4GN3BUBA4.pcm /tmp/pasteasfile-build/xcode-signed/SDKExplicitPrecompiledModules/Spatial-9WZXUB20CAIP744TDRPJQSO0Q.pcm /tmp/pasteasfile-build/xcode-signed/SDKExplicitPrecompiledModules/_AvailabilityInternal-7GOVNVG9ATXT9PMGW5J5AYJ7I.pcm /tmp/pasteasfile-build/xcode-signed/SDKExplicitPrecompiledModules/_Builtin_inttypes-14LD0IXO8WOZW4EC9178PB9VV.pcm /tmp/pasteasfile-build/xcode-signed/SDKExplicitPrecompiledModules/CUPS-3XG90KAP35O2HVEWQ5XEA9QLA.pcm /tmp/pasteasfile-build/xcode-signed/SDKExplicitPrecompiledModules/Metal-54P2RK22Z70MUHXGEE7OVX0O4.pcm /tmp/pasteasfile-build/xcode-signed/SDKExplicitPrecompiledModules/ColorSync-4FH7V58W6YE6DW68RZ3BNGQ8N.pcm /tmp/pasteasfile-build/xcode-signed/SDKExplicitPrecompiledModules/Dispatch-25LOOYKB9F0YIP4R6A6UO877R.pcm /tmp/pasteasfile-build/xcode-signed/SDKExplicitPrecompiledModules/UniformTypeIdentifiers-1KL5PFMKORV61GAER4YA6AL67.pcm /tmp/pasteasfile-build/xcode-signed/SDKExplicitPrecompiledModules/Foundation-2GLIHZXG0ROLMNOZCLHXO7E0P.pcm /tmp/pasteasfile-build/xcode-signed/SDKExplicitPrecompiledModules/_Builtin_tgmath-82XTUHMAEMSF81FJD8367SO9I.pcm /tmp/pasteasfile-build/xcode-signed/SDKExplicitPrecompiledModules/IOSurface-UXJS05ER0C47LTY7WZLQIK3Q.pcm /tmp/pasteasfile-build/xcode-signed/SDKExplicitPrecompiledModules/CoreData-6HKT9QTQL5FLJJXP0LODUHA7L.pcm /tmp/pasteasfile-build/xcode-signed/SDKExplicitPrecompiledModules/libDER-4XMOFFA1XGLAD572IA163K0TO.pcm /tmp/pasteasfile-build/xcode-signed/SDKExplicitPrecompiledModules/string_h-CAFVCX3HH36NVRQE0W5OOSOTL.pcm /tmp/pasteasfile-build/xcode-signed/SDKExplicitPrecompiledModules/MachO-XKWDI66YULHDPC5A8EW8EDSN.pcm /tmp/pasteasfile-build/xcode-signed/SDKExplicitPrecompiledModules/SwiftShims-3BYD0X7N8FEUENBYE43MUH9DH.pcm /tmp/pasteasfile-build/xcode-signed/SDKExplicitPrecompiledModules/_Builtin_limits-149V4P9C1NINECDUSP8LHVW6Z.pcm /tmp/pasteasfile-build/xcode-signed/SDKExplicitPrecompiledModules/_Builtin_intrinsics-5TWBHKEPCDFHO30ILBRPBFOOK.pcm /tmp/pasteasfile-build/xcode-signed/Build/Intermediates.noindex/PasteAsFile.build/Release/PasteAsFileFinder.build/Objects-normal/arm64/PasteAsFileFinder-dependencies-1.json (in target 'PasteAsFileFinder' from project 'PasteAsFile')

SwiftCompile normal arm64 (in target 'PasteAsFileFinder' from project 'PasteAsFile')
    cd /Users/bf/Library/CloudStorage/GoogleDrive-bernynoussi@gmail.com/Mon\ Drive/Formation/Collège\ BDEB/ETE_2026/420-A60-BB\ ALGORITHMES\ D\'APPRENTISSAGE\ PROFOND/Examen\ Final/PasteAsFile
    

SwiftDriverJobDiscovery normal x86_64 Compiling FinderSync.swift, PasteLogic.swift (in target 'PasteAsFileFinder' from project 'PasteAsFile')

SwiftDriver\ Compilation\ Requirements PasteAsFileFinder normal x86_64 com.apple.xcode.tools.swift.compiler (in target 'PasteAsFileFinder' from project 'PasteAsFile')
    cd /Users/bf/Library/CloudStorage/GoogleDrive-bernynoussi@gmail.com/Mon\ Drive/Formation/Collège\ BDEB/ETE_2026/420-A60-BB\ ALGORITHMES\ D\'APPRENTISSAGE\ PROFOND/Examen\ Final/PasteAsFile
    builtin-Swift-Compilation-Requirements -- /Applications/Xcode.app/Contents/Developer/Toolchains/XcodeDefault.xctoolchain/usr/bin/swiftc -module-name PasteAsFileFinder -O -whole-module-optimization @/tmp/pasteasfile-build/xcode-signed/Build/Intermediates.noindex/PasteAsFile.build/Release/PasteAsFileFinder.build/Objects-normal/x86_64/PasteAsFileFinder.SwiftFileList -enable-bare-slash-regex -enable-experimental-feature DebugDescriptionMacro -sdk /Applications/Xcode.app/Contents/Developer/Platforms/MacOSX.platform/Developer/SDKs/MacOSX27.0.sdk -target x86_64-apple-macos13.0 -g -module-cache-path /tmp/pasteasfile-build/xcode-signed/ModuleCache.noindex -Xfrontend -serialize-debugging-options -application-extension -swift-version 5 -I /tmp/pasteasfile-build/xcode-signed/Build/Products/Release -F /tmp/pasteasfile-build/xcode-signed/Build/Products/Release -emit-localized-strings -emit-localized-strings-path /tmp/pasteasfile-build/xcode-signed/Build/Intermediates.noindex/PasteAsFile.build/Release/PasteAsFileFinder.build/Objects-normal/x86_64 -c -num-threads 16 -Xcc -ivfsstatcache -Xcc /tmp/pasteasfile-build/xcode-signed/SDKStatCaches.noindex/macosx27.0-26A425-7231f6df4def33e022ae2eb8f782df1a.sdkstatcache -output-file-map /tmp/pasteasfile-build/xcode-signed/Build/Intermediates.noindex/PasteAsFile.build/Release/PasteAsFileFinder.build/Objects-normal/x86_64/PasteAsFileFinder-OutputFileMap.json -save-temps -no-color-diagnostics -explicit-module-build -module-cache-path /tmp/pasteasfile-build/xcode-signed/Build/Intermediates.noindex/SwiftExplicitPrecompiledModules -clang-scanner-module-cache-path /tmp/pasteasfile-build/xcode-signed/ModuleCache.noindex -sdk-module-cache-path /tmp/pasteasfile-build/xcode-signed/SDKExplicitPrecompiledModules -emit-dependencies -emit-module -emit-module-path /tmp/pasteasfile-build/xcode-signed/Build/Intermediates.noindex/PasteAsFile.build/Release/PasteAsFileFinder.build/Objects-normal/x86_64/PasteAsFileFinder.swiftmodule -serialize-diagnostics -dependency-scan-serialize-diagnostics-path /tmp/pasteasfile-build/xcode-signed/Build/Intermediates.noindex/PasteAsFile.build/Release/PasteAsFileFinder.build/Objects-normal/x86_64/PasteAsFileFinder-dependency-scan.dia -validate-clang-modules-once -clang-build-session-file /tmp/pasteasfile-build/xcode-signed/ModuleCache.noindex/Session.modulevalidation -Xcc -fmodules-prune-interval\=86400 -Xcc -fmodules-prune-after\=345600 -emit-const-values -const-gather-protocols-list /tmp/pasteasfile-build/xcode-signed/Build/Intermediates.noindex/PasteAsFile.build/Release/PasteAsFileFinder.build/Objects-normal/x86_64/PasteAsFileFinder_const_extract_protocols.json -Xcc -iquote -Xcc /tmp/pasteasfile-build/xcode-signed/Build/Intermediates.noindex/PasteAsFile.build/Release/PasteAsFileFinder.build/PasteAsFileFinder-generated-files.hmap -Xcc -I/tmp/pasteasfile-build/xcode-signed/Build/Intermediates.noindex/PasteAsFile.build/Release/PasteAsFileFinder.build/PasteAsFileFinder-own-target-headers.hmap -Xcc -I/tmp/pasteasfile-build/xcode-signed/Build/Intermediates.noindex/PasteAsFile.build/Release/PasteAsFileFinder.build/PasteAsFileFinder-all-target-headers.hmap -Xcc -iquote -Xcc /tmp/pasteasfile-build/xcode-signed/Build/Intermediates.noindex/PasteAsFile.build/Release/PasteAsFileFinder.build/PasteAsFileFinder-project-headers.hmap -Xcc -I/tmp/pasteasfile-build/xcode-signed/Build/Products/Release/include -Xcc -I/tmp/pasteasfile-build/xcode-signed/Build/Intermediates.noindex/PasteAsFile.build/Release/PasteAsFileFinder.build/DerivedSources-normal/x86_64 -Xcc -I/tmp/pasteasfile-build/xcode-signed/Build/Intermediates.noindex/PasteAsFile.build/Release/PasteAsFileFinder.build/DerivedSources/x86_64 -Xcc -I/tmp/pasteasfile-build/xcode-signed/Build/Intermediates.noindex/PasteAsFile.build/Release/PasteAsFileFinder.build/DerivedSources -emit-objc-header -emit-objc-header-path /tmp/pasteasfile-build/xcode-signed/Build/Intermediates.noindex/PasteAsFile.build/Release/PasteAsFileFinder.build/Objects-normal/x86_64/PasteAsFileFinder-Swift.h -working-directory /Users/bf/Library/CloudStorage/GoogleDrive-bernynoussi@gmail.com/Mon\ Drive/Formation/Collège\ BDEB/ETE_2026/420-A60-BB\ ALGORITHMES\ D\'APPRENTISSAGE\ PROFOND/Examen\ Final/PasteAsFile -no-emit-module-separately-wmo

Copy /tmp/pasteasfile-build/xcode-signed/Build/Products/Release/PasteAsFileFinder.swiftmodule/x86_64-apple-macos.swiftmodule /tmp/pasteasfile-build/xcode-signed/Build/Intermediates.noindex/PasteAsFile.build/Release/PasteAsFileFinder.build/Objects-normal/x86_64/PasteAsFileFinder.swiftmodule (in target 'PasteAsFileFinder' from project 'PasteAsFile')
    cd /Users/bf/Library/CloudStorage/GoogleDrive-bernynoussi@gmail.com/Mon\ Drive/Formation/Collège\ BDEB/ETE_2026/420-A60-BB\ ALGORITHMES\ D\'APPRENTISSAGE\ PROFOND/Examen\ Final/PasteAsFile
    builtin-copy -exclude .DS_Store -exclude CVS -exclude .svn -exclude .git -exclude .hg -resolve-src-symlinks -rename /tmp/pasteasfile-build/xcode-signed/Build/Intermediates.noindex/PasteAsFile.build/Release/PasteAsFileFinder.build/Objects-normal/x86_64/PasteAsFileFinder.swiftmodule /tmp/pasteasfile-build/xcode-signed/Build/Products/Release/PasteAsFileFinder.swiftmodule/x86_64-apple-macos.swiftmodule

Copy /tmp/pasteasfile-build/xcode-signed/Build/Products/Release/PasteAsFileFinder.swiftmodule/x86_64-apple-macos.swiftdoc /tmp/pasteasfile-build/xcode-signed/Build/Intermediates.noindex/PasteAsFile.build/Release/PasteAsFileFinder.build/Objects-normal/x86_64/PasteAsFileFinder.swiftdoc (in target 'PasteAsFileFinder' from project 'PasteAsFile')
    cd /Users/bf/Library/CloudStorage/GoogleDrive-bernynoussi@gmail.com/Mon\ Drive/Formation/Collège\ BDEB/ETE_2026/420-A60-BB\ ALGORITHMES\ D\'APPRENTISSAGE\ PROFOND/Examen\ Final/PasteAsFile
    builtin-copy -exclude .DS_Store -exclude CVS -exclude .svn -exclude .git -exclude .hg -resolve-src-symlinks -rename /tmp/pasteasfile-build/xcode-signed/Build/Intermediates.noindex/PasteAsFile.build/Release/PasteAsFileFinder.build/Objects-normal/x86_64/PasteAsFileFinder.swiftdoc /tmp/pasteasfile-build/xcode-signed/Build/Products/Release/PasteAsFileFinder.swiftmodule/x86_64-apple-macos.swiftdoc

Copy /tmp/pasteasfile-build/xcode-signed/Build/Products/Release/PasteAsFileFinder.swiftmodule/x86_64-apple-macos.abi.json /tmp/pasteasfile-build/xcode-signed/Build/Intermediates.noindex/PasteAsFile.build/Release/PasteAsFileFinder.build/Objects-normal/x86_64/PasteAsFileFinder.abi.json (in target 'PasteAsFileFinder' from project 'PasteAsFile')
    cd /Users/bf/Library/CloudStorage/GoogleDrive-bernynoussi@gmail.com/Mon\ Drive/Formation/Collège\ BDEB/ETE_2026/420-A60-BB\ ALGORITHMES\ D\'APPRENTISSAGE\ PROFOND/Examen\ Final/PasteAsFile
    builtin-copy -exclude .DS_Store -exclude CVS -exclude .svn -exclude .git -exclude .hg -resolve-src-symlinks -rename /tmp/pasteasfile-build/xcode-signed/Build/Intermediates.noindex/PasteAsFile.build/Release/PasteAsFileFinder.build/Objects-normal/x86_64/PasteAsFileFinder.abi.json /tmp/pasteasfile-build/xcode-signed/Build/Products/Release/PasteAsFileFinder.swiftmodule/x86_64-apple-macos.abi.json

Copy /tmp/pasteasfile-build/xcode-signed/Build/Products/Release/PasteAsFileFinder.swiftmodule/Project/x86_64-apple-macos.swiftsourceinfo /tmp/pasteasfile-build/xcode-signed/Build/Intermediates.noindex/PasteAsFile.build/Release/PasteAsFileFinder.build/Objects-normal/x86_64/PasteAsFileFinder.swiftsourceinfo (in target 'PasteAsFileFinder' from project 'PasteAsFile')
    cd /Users/bf/Library/CloudStorage/GoogleDrive-bernynoussi@gmail.com/Mon\ Drive/Formation/Collège\ BDEB/ETE_2026/420-A60-BB\ ALGORITHMES\ D\'APPRENTISSAGE\ PROFOND/Examen\ Final/PasteAsFile
    builtin-copy -exclude .DS_Store -exclude CVS -exclude .svn -exclude .git -exclude .hg -resolve-src-symlinks -rename /tmp/pasteasfile-build/xcode-signed/Build/Intermediates.noindex/PasteAsFile.build/Release/PasteAsFileFinder.build/Objects-normal/x86_64/PasteAsFileFinder.swiftsourceinfo /tmp/pasteasfile-build/xcode-signed/Build/Products/Release/PasteAsFileFinder.swiftmodule/Project/x86_64-apple-macos.swiftsourceinfo

SwiftDriverJobDiscovery normal arm64 Compiling FinderSync.swift, PasteLogic.swift (in target 'PasteAsFileFinder' from project 'PasteAsFile')

SwiftDriver\ Compilation\ Requirements PasteAsFileFinder normal arm64 com.apple.xcode.tools.swift.compiler (in target 'PasteAsFileFinder' from project 'PasteAsFile')
    cd /Users/bf/Library/CloudStorage/GoogleDrive-bernynoussi@gmail.com/Mon\ Drive/Formation/Collège\ BDEB/ETE_2026/420-A60-BB\ ALGORITHMES\ D\'APPRENTISSAGE\ PROFOND/Examen\ Final/PasteAsFile
    builtin-Swift-Compilation-Requirements -- /Applications/Xcode.app/Contents/Developer/Toolchains/XcodeDefault.xctoolchain/usr/bin/swiftc -module-name PasteAsFileFinder -O -whole-module-optimization @/tmp/pasteasfile-build/xcode-signed/Build/Intermediates.noindex/PasteAsFile.build/Release/PasteAsFileFinder.build/Objects-normal/arm64/PasteAsFileFinder.SwiftFileList -enable-bare-slash-regex -enable-experimental-feature DebugDescriptionMacro -sdk /Applications/Xcode.app/Contents/Developer/Platforms/MacOSX.platform/Developer/SDKs/MacOSX27.0.sdk -target arm64-apple-macos13.0 -g -module-cache-path /tmp/pasteasfile-build/xcode-signed/ModuleCache.noindex -Xfrontend -serialize-debugging-options -application-extension -swift-version 5 -I /tmp/pasteasfile-build/xcode-signed/Build/Products/Release -F /tmp/pasteasfile-build/xcode-signed/Build/Products/Release -emit-localized-strings -emit-localized-strings-path /tmp/pasteasfile-build/xcode-signed/Build/Intermediates.noindex/PasteAsFile.build/Release/PasteAsFileFinder.build/Objects-normal/arm64 -c -num-threads 16 -Xcc -ivfsstatcache -Xcc /tmp/pasteasfile-build/xcode-signed/SDKStatCaches.noindex/macosx27.0-26A425-7231f6df4def33e022ae2eb8f782df1a.sdkstatcache -output-file-map /tmp/pasteasfile-build/xcode-signed/Build/Intermediates.noindex/PasteAsFile.build/Release/PasteAsFileFinder.build/Objects-normal/arm64/PasteAsFileFinder-OutputFileMap.json -save-temps -no-color-diagnostics -explicit-module-build -module-cache-path /tmp/pasteasfile-build/xcode-signed/Build/Intermediates.noindex/SwiftExplicitPrecompiledModules -clang-scanner-module-cache-path /tmp/pasteasfile-build/xcode-signed/ModuleCache.noindex -sdk-module-cache-path /tmp/pasteasfile-build/xcode-signed/SDKExplicitPrecompiledModules -emit-dependencies -emit-module -emit-module-path /tmp/pasteasfile-build/xcode-signed/Build/Intermediates.noindex/PasteAsFile.build/Release/PasteAsFileFinder.build/Objects-normal/arm64/PasteAsFileFinder.swiftmodule -serialize-diagnostics -dependency-scan-serialize-diagnostics-path /tmp/pasteasfile-build/xcode-signed/Build/Intermediates.noindex/PasteAsFile.build/Release/PasteAsFileFinder.build/Objects-normal/arm64/PasteAsFileFinder-dependency-scan.dia -validate-clang-modules-once -clang-build-session-file /tmp/pasteasfile-build/xcode-signed/ModuleCache.noindex/Session.modulevalidation -Xcc -fmodules-prune-interval\=86400 -Xcc -fmodules-prune-after\=345600 -emit-const-values -const-gather-protocols-list /tmp/pasteasfile-build/xcode-signed/Build/Intermediates.noindex/PasteAsFile.build/Release/PasteAsFileFinder.build/Objects-normal/arm64/PasteAsFileFinder_const_extract_protocols.json -Xcc -iquote -Xcc /tmp/pasteasfile-build/xcode-signed/Build/Intermediates.noindex/PasteAsFile.build/Release/PasteAsFileFinder.build/PasteAsFileFinder-generated-files.hmap -Xcc -I/tmp/pasteasfile-build/xcode-signed/Build/Intermediates.noindex/PasteAsFile.build/Release/PasteAsFileFinder.build/PasteAsFileFinder-own-target-headers.hmap -Xcc -I/tmp/pasteasfile-build/xcode-signed/Build/Intermediates.noindex/PasteAsFile.build/Release/PasteAsFileFinder.build/PasteAsFileFinder-all-target-headers.hmap -Xcc -iquote -Xcc /tmp/pasteasfile-build/xcode-signed/Build/Intermediates.noindex/PasteAsFile.build/Release/PasteAsFileFinder.build/PasteAsFileFinder-project-headers.hmap -Xcc -I/tmp/pasteasfile-build/xcode-signed/Build/Products/Release/include -Xcc -I/tmp/pasteasfile-build/xcode-signed/Build/Intermediates.noindex/PasteAsFile.build/Release/PasteAsFileFinder.build/DerivedSources-normal/arm64 -Xcc -I/tmp/pasteasfile-build/xcode-signed/Build/Intermediates.noindex/PasteAsFile.build/Release/PasteAsFileFinder.build/DerivedSources/arm64 -Xcc -I/tmp/pasteasfile-build/xcode-signed/Build/Intermediates.noindex/PasteAsFile.build/Release/PasteAsFileFinder.build/DerivedSources -emit-objc-header -emit-objc-header-path /tmp/pasteasfile-build/xcode-signed/Build/Intermediates.noindex/PasteAsFile.build/Release/PasteAsFileFinder.build/Objects-normal/arm64/PasteAsFileFinder-Swift.h -working-directory /Users/bf/Library/CloudStorage/GoogleDrive-bernynoussi@gmail.com/Mon\ Drive/Formation/Collège\ BDEB/ETE_2026/420-A60-BB\ ALGORITHMES\ D\'APPRENTISSAGE\ PROFOND/Examen\ Final/PasteAsFile -no-emit-module-separately-wmo

SwiftMergeGeneratedHeaders /tmp/pasteasfile-build/xcode-signed/Build/Intermediates.noindex/PasteAsFile.build/Release/PasteAsFileFinder.build/DerivedSources/PasteAsFileFinder-Swift.h /tmp/pasteasfile-build/xcode-signed/Build/Intermediates.noindex/PasteAsFile.build/Release/PasteAsFileFinder.build/Objects-normal/arm64/PasteAsFileFinder-Swift.h /tmp/pasteasfile-build/xcode-signed/Build/Intermediates.noindex/PasteAsFile.build/Release/PasteAsFileFinder.build/Objects-normal/x86_64/PasteAsFileFinder-Swift.h (in target 'PasteAsFileFinder' from project 'PasteAsFile')
    cd /Users/bf/Library/CloudStorage/GoogleDrive-bernynoussi@gmail.com/Mon\ Drive/Formation/Collège\ BDEB/ETE_2026/420-A60-BB\ ALGORITHMES\ D\'APPRENTISSAGE\ PROFOND/Examen\ Final/PasteAsFile
    builtin-swiftHeaderTool -arch arm64 /tmp/pasteasfile-build/xcode-signed/Build/Intermediates.noindex/PasteAsFile.build/Release/PasteAsFileFinder.build/Objects-normal/arm64/PasteAsFileFinder-Swift.h -arch x86_64 /tmp/pasteasfile-build/xcode-signed/Build/Intermediates.noindex/PasteAsFile.build/Release/PasteAsFileFinder.build/Objects-normal/x86_64/PasteAsFileFinder-Swift.h -o /tmp/pasteasfile-build/xcode-signed/Build/Intermediates.noindex/PasteAsFile.build/Release/PasteAsFileFinder.build/DerivedSources/PasteAsFileFinder-Swift.h

Copy /tmp/pasteasfile-build/xcode-signed/Build/Products/Release/PasteAsFileFinder.swiftmodule/arm64-apple-macos.swiftmodule /tmp/pasteasfile-build/xcode-signed/Build/Intermediates.noindex/PasteAsFile.build/Release/PasteAsFileFinder.build/Objects-normal/arm64/PasteAsFileFinder.swiftmodule (in target 'PasteAsFileFinder' from project 'PasteAsFile')
    cd /Users/bf/Library/CloudStorage/GoogleDrive-bernynoussi@gmail.com/Mon\ Drive/Formation/Collège\ BDEB/ETE_2026/420-A60-BB\ ALGORITHMES\ D\'APPRENTISSAGE\ PROFOND/Examen\ Final/PasteAsFile
    builtin-copy -exclude .DS_Store -exclude CVS -exclude .svn -exclude .git -exclude .hg -resolve-src-symlinks -rename /tmp/pasteasfile-build/xcode-signed/Build/Intermediates.noindex/PasteAsFile.build/Release/PasteAsFileFinder.build/Objects-normal/arm64/PasteAsFileFinder.swiftmodule /tmp/pasteasfile-build/xcode-signed/Build/Products/Release/PasteAsFileFinder.swiftmodule/arm64-apple-macos.swiftmodule

Copy /tmp/pasteasfile-build/xcode-signed/Build/Products/Release/PasteAsFileFinder.swiftmodule/arm64-apple-macos.swiftdoc /tmp/pasteasfile-build/xcode-signed/Build/Intermediates.noindex/PasteAsFile.build/Release/PasteAsFileFinder.build/Objects-normal/arm64/PasteAsFileFinder.swiftdoc (in target 'PasteAsFileFinder' from project 'PasteAsFile')
    cd /Users/bf/Library/CloudStorage/GoogleDrive-bernynoussi@gmail.com/Mon\ Drive/Formation/Collège\ BDEB/ETE_2026/420-A60-BB\ ALGORITHMES\ D\'APPRENTISSAGE\ PROFOND/Examen\ Final/PasteAsFile
    builtin-copy -exclude .DS_Store -exclude CVS -exclude .svn -exclude .git -exclude .hg -resolve-src-symlinks -rename /tmp/pasteasfile-build/xcode-signed/Build/Intermediates.noindex/PasteAsFile.build/Release/PasteAsFileFinder.build/Objects-normal/arm64/PasteAsFileFinder.swiftdoc /tmp/pasteasfile-build/xcode-signed/Build/Products/Release/PasteAsFileFinder.swiftmodule/arm64-apple-macos.swiftdoc

Copy /tmp/pasteasfile-build/xcode-signed/Build/Products/Release/PasteAsFileFinder.swiftmodule/arm64-apple-macos.abi.json /tmp/pasteasfile-build/xcode-signed/Build/Intermediates.noindex/PasteAsFile.build/Release/PasteAsFileFinder.build/Objects-normal/arm64/PasteAsFileFinder.abi.json (in target 'PasteAsFileFinder' from project 'PasteAsFile')
    cd /Users/bf/Library/CloudStorage/GoogleDrive-bernynoussi@gmail.com/Mon\ Drive/Formation/Collège\ BDEB/ETE_2026/420-A60-BB\ ALGORITHMES\ D\'APPRENTISSAGE\ PROFOND/Examen\ Final/PasteAsFile
    builtin-copy -exclude .DS_Store -exclude CVS -exclude .svn -exclude .git -exclude .hg -resolve-src-symlinks -rename /tmp/pasteasfile-build/xcode-signed/Build/Intermediates.noindex/PasteAsFile.build/Release/PasteAsFileFinder.build/Objects-normal/arm64/PasteAsFileFinder.abi.json /tmp/pasteasfile-build/xcode-signed/Build/Products/Release/PasteAsFileFinder.swiftmodule/arm64-apple-macos.abi.json

Copy /tmp/pasteasfile-build/xcode-signed/Build/Products/Release/PasteAsFileFinder.swiftmodule/Project/arm64-apple-macos.swiftsourceinfo /tmp/pasteasfile-build/xcode-signed/Build/Intermediates.noindex/PasteAsFile.build/Release/PasteAsFileFinder.build/Objects-normal/arm64/PasteAsFileFinder.swiftsourceinfo (in target 'PasteAsFileFinder' from project 'PasteAsFile')
    cd /Users/bf/Library/CloudStorage/GoogleDrive-bernynoussi@gmail.com/Mon\ Drive/Formation/Collège\ BDEB/ETE_2026/420-A60-BB\ ALGORITHMES\ D\'APPRENTISSAGE\ PROFOND/Examen\ Final/PasteAsFile
    builtin-copy -exclude .DS_Store -exclude CVS -exclude .svn -exclude .git -exclude .hg -resolve-src-symlinks -rename /tmp/pasteasfile-build/xcode-signed/Build/Intermediates.noindex/PasteAsFile.build/Release/PasteAsFileFinder.build/Objects-normal/arm64/PasteAsFileFinder.swiftsourceinfo /tmp/pasteasfile-build/xcode-signed/Build/Products/Release/PasteAsFileFinder.swiftmodule/Project/arm64-apple-macos.swiftsourceinfo

Ld /tmp/pasteasfile-build/xcode-signed/Build/Intermediates.noindex/PasteAsFile.build/Release/PasteAsFileFinder.build/Objects-normal/arm64/Binary/PasteAsFileFinder normal arm64 (in target 'PasteAsFileFinder' from project 'PasteAsFile')
    cd /Users/bf/Library/CloudStorage/GoogleDrive-bernynoussi@gmail.com/Mon\ Drive/Formation/Collège\ BDEB/ETE_2026/420-A60-BB\ ALGORITHMES\ D\'APPRENTISSAGE\ PROFOND/Examen\ Final/PasteAsFile
    /Applications/Xcode.app/Contents/Developer/Toolchains/XcodeDefault.xctoolchain/usr/bin/clang -Xlinker -reproducible -target arm64-apple-macos13.0 -isysroot /Applications/Xcode.app/Contents/Developer/Platforms/MacOSX.platform/Developer/SDKs/MacOSX27.0.sdk -Os -Xlinker -no_warn_duplicate_libraries -L/tmp/pasteasfile-build/xcode-signed/Build/Intermediates.noindex/EagerLinkingTBDs/Release -L/tmp/pasteasfile-build/xcode-signed/Build/Products/Release -F/tmp/pasteasfile-build/xcode-signed/Build/Intermediates.noindex/EagerLinkingTBDs/Release -F/tmp/pasteasfile-build/xcode-signed/Build/Products/Release -filelist /tmp/pasteasfile-build/xcode-signed/Build/Intermediates.noindex/PasteAsFile.build/Release/PasteAsFileFinder.build/Objects-normal/arm64/PasteAsFileFinder.LinkFileList -Xlinker -rpath -Xlinker /usr/lib/swift -Xlinker -object_path_lto -Xlinker /tmp/pasteasfile-build/xcode-signed/Build/Intermediates.noindex/PasteAsFile.build/Release/PasteAsFileFinder.build/Objects-normal/arm64/PasteAsFileFinder_lto.o -Xlinker -dependency_info -Xlinker /tmp/pasteasfile-build/xcode-signed/Build/Intermediates.noindex/PasteAsFile.build/Release/PasteAsFileFinder.build/Objects-normal/arm64/PasteAsFileFinder_dependency_info.dat -e _NSExtensionMain -fapplication-extension -fobjc-link-runtime -L/Applications/Xcode.app/Contents/Developer/Toolchains/XcodeDefault.xctoolchain/usr/lib/swift/macosx -L/usr/lib/swift -Xlinker -add_ast_path -Xlinker /tmp/pasteasfile-build/xcode-signed/Build/Intermediates.noindex/PasteAsFile.build/Release/PasteAsFileFinder.build/Objects-normal/arm64/PasteAsFileFinder.swiftmodule -framework Cocoa -Xlinker -no_adhoc_codesign -o /tmp/pasteasfile-build/xcode-signed/Build/Intermediates.noindex/PasteAsFile.build/Release/PasteAsFileFinder.build/Objects-normal/arm64/Binary/PasteAsFileFinder

Ld /tmp/pasteasfile-build/xcode-signed/Build/Intermediates.noindex/PasteAsFile.build/Release/PasteAsFileFinder.build/Objects-normal/x86_64/Binary/PasteAsFileFinder normal x86_64 (in target 'PasteAsFileFinder' from project 'PasteAsFile')
    cd /Users/bf/Library/CloudStorage/GoogleDrive-bernynoussi@gmail.com/Mon\ Drive/Formation/Collège\ BDEB/ETE_2026/420-A60-BB\ ALGORITHMES\ D\'APPRENTISSAGE\ PROFOND/Examen\ Final/PasteAsFile
    /Applications/Xcode.app/Contents/Developer/Toolchains/XcodeDefault.xctoolchain/usr/bin/clang -Xlinker -reproducible -target x86_64-apple-macos13.0 -isysroot /Applications/Xcode.app/Contents/Developer/Platforms/MacOSX.platform/Developer/SDKs/MacOSX27.0.sdk -Os -Xlinker -no_warn_duplicate_libraries -L/tmp/pasteasfile-build/xcode-signed/Build/Intermediates.noindex/EagerLinkingTBDs/Release -L/tmp/pasteasfile-build/xcode-signed/Build/Products/Release -F/tmp/pasteasfile-build/xcode-signed/Build/Intermediates.noindex/EagerLinkingTBDs/Release -F/tmp/pasteasfile-build/xcode-signed/Build/Products/Release -filelist /tmp/pasteasfile-build/xcode-signed/Build/Intermediates.noindex/PasteAsFile.build/Release/PasteAsFileFinder.build/Objects-normal/x86_64/PasteAsFileFinder.LinkFileList -Xlinker -rpath -Xlinker /usr/lib/swift -Xlinker -object_path_lto -Xlinker /tmp/pasteasfile-build/xcode-signed/Build/Intermediates.noindex/PasteAsFile.build/Release/PasteAsFileFinder.build/Objects-normal/x86_64/PasteAsFileFinder_lto.o -Xlinker -dependency_info -Xlinker /tmp/pasteasfile-build/xcode-signed/Build/Intermediates.noindex/PasteAsFile.build/Release/PasteAsFileFinder.build/Objects-normal/x86_64/PasteAsFileFinder_dependency_info.dat -e _NSExtensionMain -fapplication-extension -fobjc-link-runtime -L/Applications/Xcode.app/Contents/Developer/Toolchains/XcodeDefault.xctoolchain/usr/lib/swift/macosx -L/usr/lib/swift -Xlinker -add_ast_path -Xlinker /tmp/pasteasfile-build/xcode-signed/Build/Intermediates.noindex/PasteAsFile.build/Release/PasteAsFileFinder.build/Objects-normal/x86_64/PasteAsFileFinder.swiftmodule -framework Cocoa -Xlinker -no_adhoc_codesign -o /tmp/pasteasfile-build/xcode-signed/Build/Intermediates.noindex/PasteAsFile.build/Release/PasteAsFileFinder.build/Objects-normal/x86_64/Binary/PasteAsFileFinder

ProcessProductPackaging "" /tmp/pasteasfile-build/xcode-signed/Build/Intermediates.noindex/PasteAsFile.build/Release/PasteAsFile.build/PasteAsFile.app.xcent (in target 'PasteAsFile' from project 'PasteAsFile')
    cd /Users/bf/Library/CloudStorage/GoogleDrive-bernynoussi@gmail.com/Mon\ Drive/Formation/Collège\ BDEB/ETE_2026/420-A60-BB\ ALGORITHMES\ D\'APPRENTISSAGE\ PROFOND/Examen\ Final/PasteAsFile
    
    Entitlements:
    
    {
    "com.apple.security.get-task-allow" = 1;
}
    
    builtin-productPackagingUtility -entitlements -format xml -o /tmp/pasteasfile-build/xcode-signed/Build/Intermediates.noindex/PasteAsFile.build/Release/PasteAsFile.build/PasteAsFile.app.xcent

ProcessProductPackagingDER /tmp/pasteasfile-build/xcode-signed/Build/Intermediates.noindex/PasteAsFile.build/Release/PasteAsFile.build/PasteAsFile.app.xcent /tmp/pasteasfile-build/xcode-signed/Build/Intermediates.noindex/PasteAsFile.build/Release/PasteAsFile.build/PasteAsFile.app.xcent.der (in target 'PasteAsFile' from project 'PasteAsFile')
    cd /Users/bf/Library/CloudStorage/GoogleDrive-bernynoussi@gmail.com/Mon\ Drive/Formation/Collège\ BDEB/ETE_2026/420-A60-BB\ ALGORITHMES\ D\'APPRENTISSAGE\ PROFOND/Examen\ Final/PasteAsFile
    /usr/bin/derq query -f xml -i /tmp/pasteasfile-build/xcode-signed/Build/Intermediates.noindex/PasteAsFile.build/Release/PasteAsFile.build/PasteAsFile.app.xcent -o /tmp/pasteasfile-build/xcode-signed/Build/Intermediates.noindex/PasteAsFile.build/Release/PasteAsFile.build/PasteAsFile.app.xcent.der --raw

SwiftDriver PasteAsFile normal x86_64 com.apple.xcode.tools.swift.compiler (in target 'PasteAsFile' from project 'PasteAsFile')
    cd /Users/bf/Library/CloudStorage/GoogleDrive-bernynoussi@gmail.com/Mon\ Drive/Formation/Collège\ BDEB/ETE_2026/420-A60-BB\ ALGORITHMES\ D\'APPRENTISSAGE\ PROFOND/Examen\ Final/PasteAsFile
    builtin-SwiftDriver -- /Applications/Xcode.app/Contents/Developer/Toolchains/XcodeDefault.xctoolchain/usr/bin/swiftc -module-name PasteAsFile -O -whole-module-optimization @/tmp/pasteasfile-build/xcode-signed/Build/Intermediates.noindex/PasteAsFile.build/Release/PasteAsFile.build/Objects-normal/x86_64/PasteAsFile.SwiftFileList -enable-bare-slash-regex -enable-experimental-feature DebugDescriptionMacro -sdk /Applications/Xcode.app/Contents/Developer/Platforms/MacOSX.platform/Developer/SDKs/MacOSX27.0.sdk -target x86_64-apple-macos13.0 -g -module-cache-path /tmp/pasteasfile-build/xcode-signed/ModuleCache.noindex -Xfrontend -serialize-debugging-options -swift-version 5 -I /tmp/pasteasfile-build/xcode-signed/Build/Products/Release -F /tmp/pasteasfile-build/xcode-signed/Build/Products/Release -emit-localized-strings -emit-localized-strings-path /tmp/pasteasfile-build/xcode-signed/Build/Intermediates.noindex/PasteAsFile.build/Release/PasteAsFile.build/Objects-normal/x86_64 -c -num-threads 16 -Xcc -ivfsstatcache -Xcc /tmp/pasteasfile-build/xcode-signed/SDKStatCaches.noindex/macosx27.0-26A425-7231f6df4def33e022ae2eb8f782df1a.sdkstatcache -output-file-map /tmp/pasteasfile-build/xcode-signed/Build/Intermediates.noindex/PasteAsFile.build/Release/PasteAsFile.build/Objects-normal/x86_64/PasteAsFile-OutputFileMap.json -save-temps -no-color-diagnostics -explicit-module-build -module-cache-path /tmp/pasteasfile-build/xcode-signed/Build/Intermediates.noindex/SwiftExplicitPrecompiledModules -clang-scanner-module-cache-path /tmp/pasteasfile-build/xcode-signed/ModuleCache.noindex -sdk-module-cache-path /tmp/pasteasfile-build/xcode-signed/SDKExplicitPrecompiledModules -emit-dependencies -emit-module -emit-module-path /tmp/pasteasfile-build/xcode-signed/Build/Intermediates.noindex/PasteAsFile.build/Release/PasteAsFile.build/Objects-normal/x86_64/PasteAsFile.swiftmodule -serialize-diagnostics -dependency-scan-serialize-diagnostics-path /tmp/pasteasfile-build/xcode-signed/Build/Intermediates.noindex/PasteAsFile.build/Release/PasteAsFile.build/Objects-normal/x86_64/PasteAsFile-dependency-scan.dia -validate-clang-modules-once -clang-build-session-file /tmp/pasteasfile-build/xcode-signed/ModuleCache.noindex/Session.modulevalidation -Xcc -fmodules-prune-interval\=86400 -Xcc -fmodules-prune-after\=345600 -emit-const-values -const-gather-protocols-list /tmp/pasteasfile-build/xcode-signed/Build/Intermediates.noindex/PasteAsFile.build/Release/PasteAsFile.build/Objects-normal/x86_64/PasteAsFile_const_extract_protocols.json -Xcc -iquote -Xcc /tmp/pasteasfile-build/xcode-signed/Build/Intermediates.noindex/PasteAsFile.build/Release/PasteAsFile.build/PasteAsFile-generated-files.hmap -Xcc -I/tmp/pasteasfile-build/xcode-signed/Build/Intermediates.noindex/PasteAsFile.build/Release/PasteAsFile.build/PasteAsFile-own-target-headers.hmap -Xcc -I/tmp/pasteasfile-build/xcode-signed/Build/Intermediates.noindex/PasteAsFile.build/Release/PasteAsFile.build/PasteAsFile-all-target-headers.hmap -Xcc -iquote -Xcc /tmp/pasteasfile-build/xcode-signed/Build/Intermediates.noindex/PasteAsFile.build/Release/PasteAsFile.build/PasteAsFile-project-headers.hmap -Xcc -I/tmp/pasteasfile-build/xcode-signed/Build/Products/Release/include -Xcc -I/tmp/pasteasfile-build/xcode-signed/Build/Intermediates.noindex/PasteAsFile.build/Release/PasteAsFile.build/DerivedSources-normal/x86_64 -Xcc -I/tmp/pasteasfile-build/xcode-signed/Build/Intermediates.noindex/PasteAsFile.build/Release/PasteAsFile.build/DerivedSources/x86_64 -Xcc -I/tmp/pasteasfile-build/xcode-signed/Build/Intermediates.noindex/PasteAsFile.build/Release/PasteAsFile.build/DerivedSources -emit-objc-header -emit-objc-header-path /tmp/pasteasfile-build/xcode-signed/Build/Intermediates.noindex/PasteAsFile.build/Release/PasteAsFile.build/Objects-normal/x86_64/PasteAsFile-Swift.h -working-directory /Users/bf/Library/CloudStorage/GoogleDrive-bernynoussi@gmail.com/Mon\ Drive/Formation/Collège\ BDEB/ETE_2026/420-A60-BB\ ALGORITHMES\ D\'APPRENTISSAGE\ PROFOND/Examen\ Final/PasteAsFile -no-emit-module-separately-wmo

SwiftDriver PasteAsFile normal arm64 com.apple.xcode.tools.swift.compiler (in target 'PasteAsFile' from project 'PasteAsFile')
    cd /Users/bf/Library/CloudStorage/GoogleDrive-bernynoussi@gmail.com/Mon\ Drive/Formation/Collège\ BDEB/ETE_2026/420-A60-BB\ ALGORITHMES\ D\'APPRENTISSAGE\ PROFOND/Examen\ Final/PasteAsFile
    builtin-SwiftDriver -- /Applications/Xcode.app/Contents/Developer/Toolchains/XcodeDefault.xctoolchain/usr/bin/swiftc -module-name PasteAsFile -O -whole-module-optimization @/tmp/pasteasfile-build/xcode-signed/Build/Intermediates.noindex/PasteAsFile.build/Release/PasteAsFile.build/Objects-normal/arm64/PasteAsFile.SwiftFileList -enable-bare-slash-regex -enable-experimental-feature DebugDescriptionMacro -sdk /Applications/Xcode.app/Contents/Developer/Platforms/MacOSX.platform/Developer/SDKs/MacOSX27.0.sdk -target arm64-apple-macos13.0 -g -module-cache-path /tmp/pasteasfile-build/xcode-signed/ModuleCache.noindex -Xfrontend -serialize-debugging-options -swift-version 5 -I /tmp/pasteasfile-build/xcode-signed/Build/Products/Release -F /tmp/pasteasfile-build/xcode-signed/Build/Products/Release -emit-localized-strings -emit-localized-strings-path /tmp/pasteasfile-build/xcode-signed/Build/Intermediates.noindex/PasteAsFile.build/Release/PasteAsFile.build/Objects-normal/arm64 -c -num-threads 16 -Xcc -ivfsstatcache -Xcc /tmp/pasteasfile-build/xcode-signed/SDKStatCaches.noindex/macosx27.0-26A425-7231f6df4def33e022ae2eb8f782df1a.sdkstatcache -output-file-map /tmp/pasteasfile-build/xcode-signed/Build/Intermediates.noindex/PasteAsFile.build/Release/PasteAsFile.build/Objects-normal/arm64/PasteAsFile-OutputFileMap.json -save-temps -no-color-diagnostics -explicit-module-build -module-cache-path /tmp/pasteasfile-build/xcode-signed/Build/Intermediates.noindex/SwiftExplicitPrecompiledModules -clang-scanner-module-cache-path /tmp/pasteasfile-build/xcode-signed/ModuleCache.noindex -sdk-module-cache-path /tmp/pasteasfile-build/xcode-signed/SDKExplicitPrecompiledModules -emit-dependencies -emit-module -emit-module-path /tmp/pasteasfile-build/xcode-signed/Build/Intermediates.noindex/PasteAsFile.build/Release/PasteAsFile.build/Objects-normal/arm64/PasteAsFile.swiftmodule -serialize-diagnostics -dependency-scan-serialize-diagnostics-path /tmp/pasteasfile-build/xcode-signed/Build/Intermediates.noindex/PasteAsFile.build/Release/PasteAsFile.build/Objects-normal/arm64/PasteAsFile-dependency-scan.dia -validate-clang-modules-once -clang-build-session-file /tmp/pasteasfile-build/xcode-signed/ModuleCache.noindex/Session.modulevalidation -Xcc -fmodules-prune-interval\=86400 -Xcc -fmodules-prune-after\=345600 -emit-const-values -const-gather-protocols-list /tmp/pasteasfile-build/xcode-signed/Build/Intermediates.noindex/PasteAsFile.build/Release/PasteAsFile.build/Objects-normal/arm64/PasteAsFile_const_extract_protocols.json -Xcc -iquote -Xcc /tmp/pasteasfile-build/xcode-signed/Build/Intermediates.noindex/PasteAsFile.build/Release/PasteAsFile.build/PasteAsFile-generated-files.hmap -Xcc -I/tmp/pasteasfile-build/xcode-signed/Build/Intermediates.noindex/PasteAsFile.build/Release/PasteAsFile.build/PasteAsFile-own-target-headers.hmap -Xcc -I/tmp/pasteasfile-build/xcode-signed/Build/Intermediates.noindex/PasteAsFile.build/Release/PasteAsFile.build/PasteAsFile-all-target-headers.hmap -Xcc -iquote -Xcc /tmp/pasteasfile-build/xcode-signed/Build/Intermediates.noindex/PasteAsFile.build/Release/PasteAsFile.build/PasteAsFile-project-headers.hmap -Xcc -I/tmp/pasteasfile-build/xcode-signed/Build/Products/Release/include -Xcc -I/tmp/pasteasfile-build/xcode-signed/Build/Intermediates.noindex/PasteAsFile.build/Release/PasteAsFile.build/DerivedSources-normal/arm64 -Xcc -I/tmp/pasteasfile-build/xcode-signed/Build/Intermediates.noindex/PasteAsFile.build/Release/PasteAsFile.build/DerivedSources/arm64 -Xcc -I/tmp/pasteasfile-build/xcode-signed/Build/Intermediates.noindex/PasteAsFile.build/Release/PasteAsFile.build/DerivedSources -emit-objc-header -emit-objc-header-path /tmp/pasteasfile-build/xcode-signed/Build/Intermediates.noindex/PasteAsFile.build/Release/PasteAsFile.build/Objects-normal/arm64/PasteAsFile-Swift.h -working-directory /Users/bf/Library/CloudStorage/GoogleDrive-bernynoussi@gmail.com/Mon\ Drive/Formation/Collège\ BDEB/ETE_2026/420-A60-BB\ ALGORITHMES\ D\'APPRENTISSAGE\ PROFOND/Examen\ Final/PasteAsFile -no-emit-module-separately-wmo

CreateUniversalBinary /tmp/pasteasfile-build/xcode-signed/Build/Products/Release/PasteAsFileFinder.appex/Contents/MacOS/PasteAsFileFinder normal arm64\ x86_64 (in target 'PasteAsFileFinder' from project 'PasteAsFile')
    cd /Users/bf/Library/CloudStorage/GoogleDrive-bernynoussi@gmail.com/Mon\ Drive/Formation/Collège\ BDEB/ETE_2026/420-A60-BB\ ALGORITHMES\ D\'APPRENTISSAGE\ PROFOND/Examen\ Final/PasteAsFile
    /Applications/Xcode.app/Contents/Developer/Toolchains/XcodeDefault.xctoolchain/usr/bin/lipo -create /tmp/pasteasfile-build/xcode-signed/Build/Intermediates.noindex/PasteAsFile.build/Release/PasteAsFileFinder.build/Objects-normal/arm64/Binary/PasteAsFileFinder /tmp/pasteasfile-build/xcode-signed/Build/Intermediates.noindex/PasteAsFile.build/Release/PasteAsFileFinder.build/Objects-normal/x86_64/Binary/PasteAsFileFinder -output /tmp/pasteasfile-build/xcode-signed/Build/Products/Release/PasteAsFileFinder.appex/Contents/MacOS/PasteAsFileFinder

ExtractAppIntentsMetadata (in target 'PasteAsFileFinder' from project 'PasteAsFile')
    cd /Users/bf/Library/CloudStorage/GoogleDrive-bernynoussi@gmail.com/Mon\ Drive/Formation/Collège\ BDEB/ETE_2026/420-A60-BB\ ALGORITHMES\ D\'APPRENTISSAGE\ PROFOND/Examen\ Final/PasteAsFile
    /Applications/Xcode.app/Contents/Developer/Toolchains/XcodeDefault.xctoolchain/usr/bin/appintentsmetadataprocessor --toolchain-dir /Applications/Xcode.app/Contents/Developer/Toolchains/XcodeDefault.xctoolchain --module-name PasteAsFileFinder --sdk-root /Applications/Xcode.app/Contents/Developer/Platforms/MacOSX.platform/Developer/SDKs/MacOSX27.0.sdk --xcode-version 27A266a --platform-family macOS --deployment-target 13.0 --bundle-identifier org.pasteasfile.PasteAsFileFinder --output /tmp/pasteasfile-build/xcode-signed/Build/Products/Release/PasteAsFileFinder.appex/Contents/Resources --target-triple arm64-apple-macos13.0 --target-triple x86_64-apple-macos13.0 --binary-file /tmp/pasteasfile-build/xcode-signed/Build/Products/Release/PasteAsFileFinder.appex/Contents/MacOS/PasteAsFileFinder --dependency-file /tmp/pasteasfile-build/xcode-signed/Build/Intermediates.noindex/PasteAsFile.build/Release/PasteAsFileFinder.build/Objects-normal/arm64/PasteAsFileFinder_dependency_info.dat --dependency-file /tmp/pasteasfile-build/xcode-signed/Build/Intermediates.noindex/PasteAsFile.build/Release/PasteAsFileFinder.build/Objects-normal/x86_64/PasteAsFileFinder_dependency_info.dat --stringsdata-file /tmp/pasteasfile-build/xcode-signed/Build/Intermediates.noindex/PasteAsFile.build/Release/PasteAsFileFinder.build/Objects-normal/arm64/ExtractedAppShortcutsMetadata.stringsdata --stringsdata-file /tmp/pasteasfile-build/xcode-signed/Build/Intermediates.noindex/PasteAsFile.build/Release/PasteAsFileFinder.build/Objects-normal/x86_64/ExtractedAppShortcutsMetadata.stringsdata --source-file-list /tmp/pasteasfile-build/xcode-signed/Build/Intermediates.noindex/PasteAsFile.build/Release/PasteAsFileFinder.build/Objects-normal/arm64/PasteAsFileFinder.SwiftFileList --source-file-list /tmp/pasteasfile-build/xcode-signed/Build/Intermediates.noindex/PasteAsFile.build/Release/PasteAsFileFinder.build/Objects-normal/x86_64/PasteAsFileFinder.SwiftFileList --metadata-file-list /tmp/pasteasfile-build/xcode-signed/Build/Intermediates.noindex/PasteAsFile.build/Release/PasteAsFileFinder.build/PasteAsFileFinder.DependencyMetadataFileList --static-metadata-file-list /tmp/pasteasfile-build/xcode-signed/Build/Intermediates.noindex/PasteAsFile.build/Release/PasteAsFileFinder.build/PasteAsFileFinder.DependencyStaticMetadataFileList --swift-const-vals-list /tmp/pasteasfile-build/xcode-signed/Build/Intermediates.noindex/PasteAsFile.build/Release/PasteAsFileFinder.build/Objects-normal/arm64/PasteAsFileFinder.SwiftConstValuesFileList --swift-const-vals-list /tmp/pasteasfile-build/xcode-signed/Build/Intermediates.noindex/PasteAsFile.build/Release/PasteAsFileFinder.build/Objects-normal/x86_64/PasteAsFileFinder.SwiftConstValuesFileList --compile-time-extraction --deployment-aware-processing --no-app-shortcuts-localization
2026-09-30 06:55:04.873 appintentsmetadataprocessor[97123:9260041] Starting appintentsmetadataprocessor export
2026-09-30 06:55:04.874 appintentsmetadataprocessor[97123:9260041] warning: Metadata extraction skipped, no AppIntents.framework dependency found

GenerateDSYMFile /tmp/pasteasfile-build/xcode-signed/Build/Products/Release/PasteAsFileFinder.appex.dSYM /tmp/pasteasfile-build/xcode-signed/Build/Products/Release/PasteAsFileFinder.appex/Contents/MacOS/PasteAsFileFinder (in target 'PasteAsFileFinder' from project 'PasteAsFile')
    cd /Users/bf/Library/CloudStorage/GoogleDrive-bernynoussi@gmail.com/Mon\ Drive/Formation/Collège\ BDEB/ETE_2026/420-A60-BB\ ALGORITHMES\ D\'APPRENTISSAGE\ PROFOND/Examen\ Final/PasteAsFile
    export PATH\=/Applications/Xcode.app/Contents/SharedFrameworks/SwiftBuild.framework/Versions/A/PlugIns/SWBBuildService.bundle/Contents/PlugIns/SWBUniversalPlatformPlugin.bundle/Contents/Frameworks/SWBUniversalPlatform.framework/Resources:/Applications/Xcode.app/Contents/Developer/Toolchains/XcodeDefault.xctoolchain/usr/bin:/Applications/Xcode.app/Contents/Developer/Toolchains/XcodeDefault.xctoolchain/usr/local/bin:/Applications/Xcode.app/Contents/Developer/Toolchains/XcodeDefault.xctoolchain/usr/libexec:/Applications/Xcode.app/Contents/Developer/Platforms/MacOSX.platform/usr/bin:/Applications/Xcode.app/Contents/Developer/Platforms/MacOSX.platform/usr/local/bin:/Applications/Xcode.app/Contents/Developer/Platforms/MacOSX.platform/Developer/usr/bin:/Applications/Xcode.app/Contents/Developer/Platforms/MacOSX.platform/Developer/usr/local/bin:/Applications/Xcode.app/Contents/Developer/usr/bin:/Applications/Xcode.app/Contents/Developer/usr/local/bin:/Users/bf/.local/bin:/usr/local/bin:/System/Cryptexes/App/usr/bin:/usr/bin:/bin:/usr/sbin:/sbin:/var/run/com.apple.security.cryptexd/codex.system/bootstrap/usr/local/bin:/var/run/com.apple.security.cryptexd/codex.system/bootstrap/usr/bin:/var/run/com.apple.security.cryptexd/codex.system/bootstrap/usr/appleinternal/bin:/pkg/env/global/bin:/Library/Apple/usr/bin:/opt/homebrew/bin:/Users/bf/bin:/Users/bf/.codex/browser-tools/bin:/Users/bf/.holo/bin:/Users/bf/.opencode/bin:/opt/homebrew/sbin:/Users/bf/.cargo/bin:/Applications/iTerm.app/Contents/Resources/utilities:/Users/bf/.orbstack/bin:/Users/bf/.dotnet:/usr/local/sbin:/Users/bf/.hermes/node/bin:/Users/bf/.hermes/node:/Users/bf/.hermes/bin
    /Applications/Xcode.app/Contents/Developer/Toolchains/XcodeDefault.xctoolchain/usr/bin/dsymutil /tmp/pasteasfile-build/xcode-signed/Build/Products/Release/PasteAsFileFinder.appex/Contents/MacOS/PasteAsFileFinder -o /tmp/pasteasfile-build/xcode-signed/Build/Products/Release/PasteAsFileFinder.appex.dSYM

CodeSign /tmp/pasteasfile-build/xcode-signed/Build/Products/Release/PasteAsFileFinder.appex (in target 'PasteAsFileFinder' from project 'PasteAsFile')
    cd /Users/bf/Library/CloudStorage/GoogleDrive-bernynoussi@gmail.com/Mon\ Drive/Formation/Collège\ BDEB/ETE_2026/420-A60-BB\ ALGORITHMES\ D\'APPRENTISSAGE\ PROFOND/Examen\ Final/PasteAsFile
    
    Signing Identity:     "Apple Development: <AppleID-masque> (6DF5D67K87)"
    
    /usr/bin/codesign --force --sign 3ED1F3250F80E833F8B41E7E0F8980533CC0B5E1 --entitlements /tmp/pasteasfile-build/xcode-signed/Build/Intermediates.noindex/PasteAsFile.build/Release/PasteAsFileFinder.build/PasteAsFileFinder.appex.xcent --timestamp\=none --generate-entitlement-der /tmp/pasteasfile-build/xcode-signed/Build/Products/Release/PasteAsFileFinder.appex

SwiftDriver\ Compilation PasteAsFile normal x86_64 com.apple.xcode.tools.swift.compiler (in target 'PasteAsFile' from project 'PasteAsFile')
    cd /Users/bf/Library/CloudStorage/GoogleDrive-bernynoussi@gmail.com/Mon\ Drive/Formation/Collège\ BDEB/ETE_2026/420-A60-BB\ ALGORITHMES\ D\'APPRENTISSAGE\ PROFOND/Examen\ Final/PasteAsFile
    builtin-Swift-Compilation -- /Applications/Xcode.app/Contents/Developer/Toolchains/XcodeDefault.xctoolchain/usr/bin/swiftc -module-name PasteAsFile -O -whole-module-optimization @/tmp/pasteasfile-build/xcode-signed/Build/Intermediates.noindex/PasteAsFile.build/Release/PasteAsFile.build/Objects-normal/x86_64/PasteAsFile.SwiftFileList -enable-bare-slash-regex -enable-experimental-feature DebugDescriptionMacro -sdk /Applications/Xcode.app/Contents/Developer/Platforms/MacOSX.platform/Developer/SDKs/MacOSX27.0.sdk -target x86_64-apple-macos13.0 -g -module-cache-path /tmp/pasteasfile-build/xcode-signed/ModuleCache.noindex -Xfrontend -serialize-debugging-options -swift-version 5 -I /tmp/pasteasfile-build/xcode-signed/Build/Products/Release -F /tmp/pasteasfile-build/xcode-signed/Build/Products/Release -emit-localized-strings -emit-localized-strings-path /tmp/pasteasfile-build/xcode-signed/Build/Intermediates.noindex/PasteAsFile.build/Release/PasteAsFile.build/Objects-normal/x86_64 -c -num-threads 16 -Xcc -ivfsstatcache -Xcc /tmp/pasteasfile-build/xcode-signed/SDKStatCaches.noindex/macosx27.0-26A425-7231f6df4def33e022ae2eb8f782df1a.sdkstatcache -output-file-map /tmp/pasteasfile-build/xcode-signed/Build/Intermediates.noindex/PasteAsFile.build/Release/PasteAsFile.build/Objects-normal/x86_64/PasteAsFile-OutputFileMap.json -save-temps -no-color-diagnostics -explicit-module-build -module-cache-path /tmp/pasteasfile-build/xcode-signed/Build/Intermediates.noindex/SwiftExplicitPrecompiledModules -clang-scanner-module-cache-path /tmp/pasteasfile-build/xcode-signed/ModuleCache.noindex -sdk-module-cache-path /tmp/pasteasfile-build/xcode-signed/SDKExplicitPrecompiledModules -emit-dependencies -emit-module -emit-module-path /tmp/pasteasfile-build/xcode-signed/Build/Intermediates.noindex/PasteAsFile.build/Release/PasteAsFile.build/Objects-normal/x86_64/PasteAsFile.swiftmodule -serialize-diagnostics -dependency-scan-serialize-diagnostics-path /tmp/pasteasfile-build/xcode-signed/Build/Intermediates.noindex/PasteAsFile.build/Release/PasteAsFile.build/Objects-normal/x86_64/PasteAsFile-dependency-scan.dia -validate-clang-modules-once -clang-build-session-file /tmp/pasteasfile-build/xcode-signed/ModuleCache.noindex/Session.modulevalidation -Xcc -fmodules-prune-interval\=86400 -Xcc -fmodules-prune-after\=345600 -emit-const-values -const-gather-protocols-list /tmp/pasteasfile-build/xcode-signed/Build/Intermediates.noindex/PasteAsFile.build/Release/PasteAsFile.build/Objects-normal/x86_64/PasteAsFile_const_extract_protocols.json -Xcc -iquote -Xcc /tmp/pasteasfile-build/xcode-signed/Build/Intermediates.noindex/PasteAsFile.build/Release/PasteAsFile.build/PasteAsFile-generated-files.hmap -Xcc -I/tmp/pasteasfile-build/xcode-signed/Build/Intermediates.noindex/PasteAsFile.build/Release/PasteAsFile.build/PasteAsFile-own-target-headers.hmap -Xcc -I/tmp/pasteasfile-build/xcode-signed/Build/Intermediates.noindex/PasteAsFile.build/Release/PasteAsFile.build/PasteAsFile-all-target-headers.hmap -Xcc -iquote -Xcc /tmp/pasteasfile-build/xcode-signed/Build/Intermediates.noindex/PasteAsFile.build/Release/PasteAsFile.build/PasteAsFile-project-headers.hmap -Xcc -I/tmp/pasteasfile-build/xcode-signed/Build/Products/Release/include -Xcc -I/tmp/pasteasfile-build/xcode-signed/Build/Intermediates.noindex/PasteAsFile.build/Release/PasteAsFile.build/DerivedSources-normal/x86_64 -Xcc -I/tmp/pasteasfile-build/xcode-signed/Build/Intermediates.noindex/PasteAsFile.build/Release/PasteAsFile.build/DerivedSources/x86_64 -Xcc -I/tmp/pasteasfile-build/xcode-signed/Build/Intermediates.noindex/PasteAsFile.build/Release/PasteAsFile.build/DerivedSources -emit-objc-header -emit-objc-header-path /tmp/pasteasfile-build/xcode-signed/Build/Intermediates.noindex/PasteAsFile.build/Release/PasteAsFile.build/Objects-normal/x86_64/PasteAsFile-Swift.h -working-directory /Users/bf/Library/CloudStorage/GoogleDrive-bernynoussi@gmail.com/Mon\ Drive/Formation/Collège\ BDEB/ETE_2026/420-A60-BB\ ALGORITHMES\ D\'APPRENTISSAGE\ PROFOND/Examen\ Final/PasteAsFile -no-emit-module-separately-wmo

SwiftExplicitDependencyGeneratePcm x86_64 /tmp/pasteasfile-build/xcode-signed/SDKExplicitPrecompiledModules/_SwiftConcurrencyShims-8BHB6VIRFZRFAIW2PY4Q909AA.pcm

SwiftExplicitDependencyGeneratePcm x86_64 /tmp/pasteasfile-build/xcode-signed/SDKExplicitPrecompiledModules/_AvailabilityInternal-5IVC292BVW4J4M7FFUSSH9GWC.pcm

SwiftExplicitDependencyGeneratePcm x86_64 /tmp/pasteasfile-build/xcode-signed/SDKExplicitPrecompiledModules/_Builtin_stdarg-EOMWJN4MW1Q7IC94CBSUL654G.pcm

SwiftExplicitDependencyGeneratePcm x86_64 /tmp/pasteasfile-build/xcode-signed/SDKExplicitPrecompiledModules/_Builtin_stddef-6EJ119RP12YCWZ9H0SSYJTKH7.pcm

SwiftExplicitDependencyGeneratePcm x86_64 /tmp/pasteasfile-build/xcode-signed/SDKExplicitPrecompiledModules/ptrauth-A9V4UZYEK5IGL0X000R7IV0ET.pcm

SwiftExplicitDependencyGeneratePcm x86_64 /tmp/pasteasfile-build/xcode-signed/SDKExplicitPrecompiledModules/DeveloperToolsSupport-2LNI67RU0WY1HWW49824PM32V.pcm

SwiftExplicitDependencyGeneratePcm x86_64 /tmp/pasteasfile-build/xcode-signed/SDKExplicitPrecompiledModules/_Builtin_stdbool-P734T84UIG92H91MVCPOOZJF.pcm

SwiftExplicitDependencyGeneratePcm x86_64 /tmp/pasteasfile-build/xcode-signed/SDKExplicitPrecompiledModules/ptrcheck-1UUOJJKMTBJS8V5S3DJMKCVZ5.pcm

SwiftExplicitDependencyGeneratePcm x86_64 /tmp/pasteasfile-build/xcode-signed/SDKExplicitPrecompiledModules/_Builtin_float-3K4C1EEPETM6AQYK3C7Z0DNNA.pcm

SwiftExplicitDependencyGeneratePcm x86_64 /tmp/pasteasfile-build/xcode-signed/SDKExplicitPrecompiledModules/SwiftShims-ABGIPSDGN7KZ34X1PGWOJZVKB.pcm

SwiftDriver\ Compilation PasteAsFile normal arm64 com.apple.xcode.tools.swift.compiler (in target 'PasteAsFile' from project 'PasteAsFile')
    cd /Users/bf/Library/CloudStorage/GoogleDrive-bernynoussi@gmail.com/Mon\ Drive/Formation/Collège\ BDEB/ETE_2026/420-A60-BB\ ALGORITHMES\ D\'APPRENTISSAGE\ PROFOND/Examen\ Final/PasteAsFile
    builtin-Swift-Compilation -- /Applications/Xcode.app/Contents/Developer/Toolchains/XcodeDefault.xctoolchain/usr/bin/swiftc -module-name PasteAsFile -O -whole-module-optimization @/tmp/pasteasfile-build/xcode-signed/Build/Intermediates.noindex/PasteAsFile.build/Release/PasteAsFile.build/Objects-normal/arm64/PasteAsFile.SwiftFileList -enable-bare-slash-regex -enable-experimental-feature DebugDescriptionMacro -sdk /Applications/Xcode.app/Contents/Developer/Platforms/MacOSX.platform/Developer/SDKs/MacOSX27.0.sdk -target arm64-apple-macos13.0 -g -module-cache-path /tmp/pasteasfile-build/xcode-signed/ModuleCache.noindex -Xfrontend -serialize-debugging-options -swift-version 5 -I /tmp/pasteasfile-build/xcode-signed/Build/Products/Release -F /tmp/pasteasfile-build/xcode-signed/Build/Products/Release -emit-localized-strings -emit-localized-strings-path /tmp/pasteasfile-build/xcode-signed/Build/Intermediates.noindex/PasteAsFile.build/Release/PasteAsFile.build/Objects-normal/arm64 -c -num-threads 16 -Xcc -ivfsstatcache -Xcc /tmp/pasteasfile-build/xcode-signed/SDKStatCaches.noindex/macosx27.0-26A425-7231f6df4def33e022ae2eb8f782df1a.sdkstatcache -output-file-map /tmp/pasteasfile-build/xcode-signed/Build/Intermediates.noindex/PasteAsFile.build/Release/PasteAsFile.build/Objects-normal/arm64/PasteAsFile-OutputFileMap.json -save-temps -no-color-diagnostics -explicit-module-build -module-cache-path /tmp/pasteasfile-build/xcode-signed/Build/Intermediates.noindex/SwiftExplicitPrecompiledModules -clang-scanner-module-cache-path /tmp/pasteasfile-build/xcode-signed/ModuleCache.noindex -sdk-module-cache-path /tmp/pasteasfile-build/xcode-signed/SDKExplicitPrecompiledModules -emit-dependencies -emit-module -emit-module-path /tmp/pasteasfile-build/xcode-signed/Build/Intermediates.noindex/PasteAsFile.build/Release/PasteAsFile.build/Objects-normal/arm64/PasteAsFile.swiftmodule -serialize-diagnostics -dependency-scan-serialize-diagnostics-path /tmp/pasteasfile-build/xcode-signed/Build/Intermediates.noindex/PasteAsFile.build/Release/PasteAsFile.build/Objects-normal/arm64/PasteAsFile-dependency-scan.dia -validate-clang-modules-once -clang-build-session-file /tmp/pasteasfile-build/xcode-signed/ModuleCache.noindex/Session.modulevalidation -Xcc -fmodules-prune-interval\=86400 -Xcc -fmodules-prune-after\=345600 -emit-const-values -const-gather-protocols-list /tmp/pasteasfile-build/xcode-signed/Build/Intermediates.noindex/PasteAsFile.build/Release/PasteAsFile.build/Objects-normal/arm64/PasteAsFile_const_extract_protocols.json -Xcc -iquote -Xcc /tmp/pasteasfile-build/xcode-signed/Build/Intermediates.noindex/PasteAsFile.build/Release/PasteAsFile.build/PasteAsFile-generated-files.hmap -Xcc -I/tmp/pasteasfile-build/xcode-signed/Build/Intermediates.noindex/PasteAsFile.build/Release/PasteAsFile.build/PasteAsFile-own-target-headers.hmap -Xcc -I/tmp/pasteasfile-build/xcode-signed/Build/Intermediates.noindex/PasteAsFile.build/Release/PasteAsFile.build/PasteAsFile-all-target-headers.hmap -Xcc -iquote -Xcc /tmp/pasteasfile-build/xcode-signed/Build/Intermediates.noindex/PasteAsFile.build/Release/PasteAsFile.build/PasteAsFile-project-headers.hmap -Xcc -I/tmp/pasteasfile-build/xcode-signed/Build/Products/Release/include -Xcc -I/tmp/pasteasfile-build/xcode-signed/Build/Intermediates.noindex/PasteAsFile.build/Release/PasteAsFile.build/DerivedSources-normal/arm64 -Xcc -I/tmp/pasteasfile-build/xcode-signed/Build/Intermediates.noindex/PasteAsFile.build/Release/PasteAsFile.build/DerivedSources/arm64 -Xcc -I/tmp/pasteasfile-build/xcode-signed/Build/Intermediates.noindex/PasteAsFile.build/Release/PasteAsFile.build/DerivedSources -emit-objc-header -emit-objc-header-path /tmp/pasteasfile-build/xcode-signed/Build/Intermediates.noindex/PasteAsFile.build/Release/PasteAsFile.build/Objects-normal/arm64/PasteAsFile-Swift.h -working-directory /Users/bf/Library/CloudStorage/GoogleDrive-bernynoussi@gmail.com/Mon\ Drive/Formation/Collège\ BDEB/ETE_2026/420-A60-BB\ ALGORITHMES\ D\'APPRENTISSAGE\ PROFOND/Examen\ Final/PasteAsFile -no-emit-module-separately-wmo

SwiftExplicitDependencyGeneratePcm arm64 /tmp/pasteasfile-build/xcode-signed/SDKExplicitPrecompiledModules/_AvailabilityInternal-8GF8GKGUN9STWVZUZBQKLB3M2.pcm

SwiftExplicitDependencyGeneratePcm arm64 /tmp/pasteasfile-build/xcode-signed/SDKExplicitPrecompiledModules/_SwiftConcurrencyShims-DHIJFXVXR5WRG1Q9BVWUSS8S6.pcm

SwiftExplicitDependencyGeneratePcm arm64 /tmp/pasteasfile-build/xcode-signed/SDKExplicitPrecompiledModules/ptrauth-6HF6ZZU3ZTZJ5JVPNLB1PUWGF.pcm

SwiftExplicitDependencyGeneratePcm arm64 /tmp/pasteasfile-build/xcode-signed/SDKExplicitPrecompiledModules/_Builtin_float-91ZTZPPF83ISJ0QPDMNJ3Z2HR.pcm

SwiftExplicitDependencyGeneratePcm arm64 /tmp/pasteasfile-build/xcode-signed/SDKExplicitPrecompiledModules/ptrcheck-6ZE9WL948GC6R6ZHT1UTVEJFA.pcm

SwiftExplicitDependencyGeneratePcm arm64 /tmp/pasteasfile-build/xcode-signed/SDKExplicitPrecompiledModules/_Builtin_stdbool-DNZZAPHKGQW5J72UYEVCIG82.pcm

SwiftExplicitDependencyGeneratePcm arm64 /tmp/pasteasfile-build/xcode-signed/SDKExplicitPrecompiledModules/SwiftShims-59UTJWQCFO4G528U21JZ47O1B.pcm

SwiftExplicitDependencyGeneratePcm arm64 /tmp/pasteasfile-build/xcode-signed/SDKExplicitPrecompiledModules/_Builtin_stdarg-6QJ6ZX52PHB28ISPHST59YEM9.pcm

SwiftExplicitDependencyGeneratePcm arm64 /tmp/pasteasfile-build/xcode-signed/SDKExplicitPrecompiledModules/DeveloperToolsSupport-9FHZTRXEMKTDUWAGPQN759DIG.pcm

SwiftExplicitDependencyGeneratePcm arm64 /tmp/pasteasfile-build/xcode-signed/SDKExplicitPrecompiledModules/_Builtin_stddef-46GDKC2JIOKVKN0ECP6C97F1N.pcm

RegisterExecutionPolicyException /tmp/pasteasfile-build/xcode-signed/Build/Products/Release/PasteAsFileFinder.appex (in target 'PasteAsFileFinder' from project 'PasteAsFile')
    cd /Users/bf/Library/CloudStorage/GoogleDrive-bernynoussi@gmail.com/Mon\ Drive/Formation/Collège\ BDEB/ETE_2026/420-A60-BB\ ALGORITHMES\ D\'APPRENTISSAGE\ PROFOND/Examen\ Final/PasteAsFile
    builtin-RegisterExecutionPolicyException /tmp/pasteasfile-build/xcode-signed/Build/Products/Release/PasteAsFileFinder.appex

SwiftExplicitDependencyGeneratePcm x86_64 /tmp/pasteasfile-build/xcode-signed/SDKExplicitPrecompiledModules/_DarwinFoundation1-120LK372PQQAI7ZMYWDDPNZCT.pcm

Touch /tmp/pasteasfile-build/xcode-signed/Build/Products/Release/PasteAsFileFinder.appex (in target 'PasteAsFileFinder' from project 'PasteAsFile')
    cd /Users/bf/Library/CloudStorage/GoogleDrive-bernynoussi@gmail.com/Mon\ Drive/Formation/Collège\ BDEB/ETE_2026/420-A60-BB\ ALGORITHMES\ D\'APPRENTISSAGE\ PROFOND/Examen\ Final/PasteAsFile
    /usr/bin/touch -c /tmp/pasteasfile-build/xcode-signed/Build/Products/Release/PasteAsFileFinder.appex

SwiftExplicitDependencyGeneratePcm arm64 /tmp/pasteasfile-build/xcode-signed/SDKExplicitPrecompiledModules/_DarwinFoundation1-3Y84SYIYTUXVJKXRCRIJ1J6MF.pcm

SwiftExplicitDependencyGeneratePcm x86_64 /tmp/pasteasfile-build/xcode-signed/SDKExplicitPrecompiledModules/_Builtin_limits-8HU4BEERN7Y9O0MFL0FQH1NKJ.pcm

SwiftExplicitDependencyGeneratePcm x86_64 /tmp/pasteasfile-build/xcode-signed/SDKExplicitPrecompiledModules/_DarwinFoundation2-9PZY1OO6BUCJBTY179D6JPJ96.pcm

SwiftExplicitDependencyGeneratePcm arm64 /tmp/pasteasfile-build/xcode-signed/SDKExplicitPrecompiledModules/_Builtin_limits-3OGLG8JW8W7AHA52VZ9YZ2C8H.pcm

SwiftExplicitDependencyGeneratePcm arm64 /tmp/pasteasfile-build/xcode-signed/SDKExplicitPrecompiledModules/_DarwinFoundation2-AK1SP8WTRSSRPCH0IKHD9XSOA.pcm

SwiftExplicitDependencyGeneratePcm x86_64 /tmp/pasteasfile-build/xcode-signed/SDKExplicitPrecompiledModules/sys_types-BPIRYE0UGRP2JREJMDCDAO5Q.pcm

SwiftExplicitDependencyGeneratePcm x86_64 /tmp/pasteasfile-build/xcode-signed/SDKExplicitPrecompiledModules/string_h-A6383417RBLAXA8P7UW837EHU.pcm

SwiftExplicitDependencyGeneratePcm x86_64 /tmp/pasteasfile-build/xcode-signed/SDKExplicitPrecompiledModules/_Builtin_tgmath-DR9RSRKJ50R6X89OKRX8BD5WJ.pcm

SwiftExplicitDependencyGeneratePcm x86_64 /tmp/pasteasfile-build/xcode-signed/SDKExplicitPrecompiledModules/_Builtin_stdint-1G7AE1Y8FP5IFEO0SQS64VL78.pcm

SwiftExplicitDependencyGeneratePcm arm64 /tmp/pasteasfile-build/xcode-signed/SDKExplicitPrecompiledModules/_Builtin_stdint-1YIGMGIE00HJ2C2J94T71G45N.pcm

SwiftExplicitDependencyGeneratePcm arm64 /tmp/pasteasfile-build/xcode-signed/SDKExplicitPrecompiledModules/sys_types-AOCMUBTZ9TZKQ7F4P4CJFM1KH.pcm

SwiftExplicitDependencyGeneratePcm arm64 /tmp/pasteasfile-build/xcode-signed/SDKExplicitPrecompiledModules/_Builtin_tgmath-89YIL2LVUHMBLI4KSX0GDBKTJ.pcm

SwiftExplicitDependencyGeneratePcm arm64 /tmp/pasteasfile-build/xcode-signed/SDKExplicitPrecompiledModules/string_h-CL7VQ9HS5U9WL8VGOWUQKYL15.pcm

SwiftExplicitDependencyGeneratePcm x86_64 /tmp/pasteasfile-build/xcode-signed/SDKExplicitPrecompiledModules/libDER-DGV1AE7O8O5L2KTAD3R8I8BER.pcm

SwiftExplicitDependencyGeneratePcm x86_64 /tmp/pasteasfile-build/xcode-signed/SDKExplicitPrecompiledModules/_DarwinFoundation3-27TZZYCWB5W4QB7RURLMPLIC1.pcm

SwiftExplicitDependencyGeneratePcm x86_64 /tmp/pasteasfile-build/xcode-signed/SDKExplicitPrecompiledModules/_Builtin_stdatomic-5V7B3F03J1SZLV6O6UQVYA8LQ.pcm

SwiftExplicitDependencyGeneratePcm arm64 /tmp/pasteasfile-build/xcode-signed/SDKExplicitPrecompiledModules/_Builtin_stdatomic-EU0BR9J7Y6Y58BNOKZMUOP1MS.pcm

SwiftExplicitDependencyGeneratePcm arm64 /tmp/pasteasfile-build/xcode-signed/SDKExplicitPrecompiledModules/libDER-6FCG859LR61G6JNNWFQEDN32.pcm

SwiftExplicitDependencyGeneratePcm arm64 /tmp/pasteasfile-build/xcode-signed/SDKExplicitPrecompiledModules/_Builtin_intrinsics-4IOKDO7A4XX37YAAOT9S5PCBN.pcm

SwiftExplicitDependencyGeneratePcm arm64 /tmp/pasteasfile-build/xcode-signed/SDKExplicitPrecompiledModules/_DarwinFoundation3-73MYM1F9VL8YG07XMYWA78KAO.pcm

SwiftExplicitDependencyGeneratePcm x86_64 /tmp/pasteasfile-build/xcode-signed/SDKExplicitPrecompiledModules/_Builtin_inttypes-77SSRS5L2SDKTGTQIRGS2L63T.pcm

SwiftExplicitDependencyGeneratePcm x86_64 /tmp/pasteasfile-build/xcode-signed/SDKExplicitPrecompiledModules/_Builtin_intrinsics-EU3JUZHBWT1YQ1ZYEUXJKJCQ4.pcm

SwiftExplicitDependencyGeneratePcm arm64 /tmp/pasteasfile-build/xcode-signed/SDKExplicitPrecompiledModules/_Builtin_inttypes-89C00MECDZLBR26A3KX7XMFG3.pcm

SwiftExplicitDependencyGeneratePcm x86_64 /tmp/pasteasfile-build/xcode-signed/SDKExplicitPrecompiledModules/Darwin-3803MTKMD3G7DSO6456FIMZ5B.pcm

SwiftExplicitDependencyGeneratePcm arm64 /tmp/pasteasfile-build/xcode-signed/SDKExplicitPrecompiledModules/Darwin-7PVBBGKNGMMMY7FVNT52O72N3.pcm

SwiftExplicitDependencyGeneratePcm arm64 /tmp/pasteasfile-build/xcode-signed/SDKExplicitPrecompiledModules/simd-6ZCD7HZ6UDX5GPPAZGUBPKBM8.pcm

SwiftExplicitDependencyGeneratePcm x86_64 /tmp/pasteasfile-build/xcode-signed/SDKExplicitPrecompiledModules/simd-N28T7GSDOTFUFS3TPR1VE513.pcm

SwiftExplicitDependencyGeneratePcm x86_64 /tmp/pasteasfile-build/xcode-signed/SDKExplicitPrecompiledModules/libkern-7UGEBMARKG71TB5ZO2L4UBGYN.pcm

SwiftExplicitDependencyGeneratePcm x86_64 /tmp/pasteasfile-build/xcode-signed/SDKExplicitPrecompiledModules/launch-B4WB9NCX9MCVYDZ3MEISOFVMG.pcm

SwiftExplicitDependencyGeneratePcm x86_64 /tmp/pasteasfile-build/xcode-signed/SDKExplicitPrecompiledModules/CUPS-4MLO7AKIZR6FSB4J79ZBNWNIP.pcm

SwiftExplicitDependencyGeneratePcm x86_64 /tmp/pasteasfile-build/xcode-signed/SDKExplicitPrecompiledModules/MachO-SNHMMD06JNRPCFMAWF1G26UZ.pcm

SwiftExplicitDependencyGeneratePcm arm64 /tmp/pasteasfile-build/xcode-signed/SDKExplicitPrecompiledModules/MachO-4U5LEVETKC24MKI9OSXY4V6RM.pcm

SwiftExplicitDependencyGeneratePcm arm64 /tmp/pasteasfile-build/xcode-signed/SDKExplicitPrecompiledModules/CUPS-1OIELQW38C340F418U5X5EG0C.pcm

SwiftExplicitDependencyGeneratePcm arm64 /tmp/pasteasfile-build/xcode-signed/SDKExplicitPrecompiledModules/libkern-56FZ1PFYMW4LBZVR4SDYT7Z34.pcm

SwiftExplicitDependencyGeneratePcm arm64 /tmp/pasteasfile-build/xcode-signed/SDKExplicitPrecompiledModules/launch-1811QGRMGJ95ONHRDNW1200GR.pcm

SwiftExplicitDependencyGeneratePcm x86_64 /tmp/pasteasfile-build/xcode-signed/SDKExplicitPrecompiledModules/ObjectiveC-8SKD4CH8TFR1W8U513E7ZSVEL.pcm

SwiftExplicitDependencyGeneratePcm arm64 /tmp/pasteasfile-build/xcode-signed/SDKExplicitPrecompiledModules/ObjectiveC-3A5RXYIWNFRYBQV7HGKAOAGOG.pcm

SwiftExplicitDependencyGeneratePcm arm64 /tmp/pasteasfile-build/xcode-signed/SDKExplicitPrecompiledModules/Spatial-9WJMM85D3J2YO9V6ECQIOWE0G.pcm

SwiftExplicitDependencyGeneratePcm x86_64 /tmp/pasteasfile-build/xcode-signed/SDKExplicitPrecompiledModules/os_object-CDUYZIC4H18LHNTXLHTZAZQ1C.pcm

SwiftExplicitDependencyGeneratePcm arm64 /tmp/pasteasfile-build/xcode-signed/SDKExplicitPrecompiledModules/os_object-5VXH31BNKHKZBZ75JSSEYWOC.pcm

SwiftExplicitDependencyGeneratePcm x86_64 /tmp/pasteasfile-build/xcode-signed/SDKExplicitPrecompiledModules/os_workgroup-7OWJBP8OHXP2FY66H45VGC2NY.pcm

SwiftExplicitDependencyGeneratePcm arm64 /tmp/pasteasfile-build/xcode-signed/SDKExplicitPrecompiledModules/os_workgroup-BXMD35IZYAJZ8PFI7Y5WN7DE5.pcm

SwiftExplicitDependencyGeneratePcm x86_64 /tmp/pasteasfile-build/xcode-signed/SDKExplicitPrecompiledModules/Dispatch-EZDZYA8PQ4WH3UWSKP1R7OBTT.pcm

SwiftExplicitDependencyGeneratePcm arm64 /tmp/pasteasfile-build/xcode-signed/SDKExplicitPrecompiledModules/Dispatch-BOO8TI3HBJN920D9TAKIUDNWI.pcm

SwiftExplicitDependencyGeneratePcm x86_64 /tmp/pasteasfile-build/xcode-signed/SDKExplicitPrecompiledModules/Spatial-EXQOTASMIV82JHWQIU5GTLP58.pcm

SwiftExplicitDependencyGeneratePcm x86_64 /tmp/pasteasfile-build/xcode-signed/SDKExplicitPrecompiledModules/XPC-158GPR4TWROW3J0FFWX2GSGN4.pcm

SwiftExplicitDependencyGeneratePcm x86_64 /tmp/pasteasfile-build/xcode-signed/SDKExplicitPrecompiledModules/CoreFoundation-2DB1QF2QCR1FHSZL56LMW0U70.pcm

SwiftExplicitDependencyGeneratePcm arm64 /tmp/pasteasfile-build/xcode-signed/SDKExplicitPrecompiledModules/XPC-APPGZ6UY2A76VF9S6ZD8B74SK.pcm

SwiftExplicitDependencyGeneratePcm arm64 /tmp/pasteasfile-build/xcode-signed/SDKExplicitPrecompiledModules/CoreFoundation-4EKZK5YIKRHJOZRMZ9PVPW4GZ.pcm

SwiftExplicitDependencyGeneratePcm x86_64 /tmp/pasteasfile-build/xcode-signed/SDKExplicitPrecompiledModules/os-8XVQL4MUEMCTUO4QNX54A8J72.pcm

SwiftExplicitDependencyGeneratePcm x86_64 /tmp/pasteasfile-build/xcode-signed/SDKExplicitPrecompiledModules/Security-8MK1ROX03DINKA2FJ6L4O009S.pcm

SwiftExplicitDependencyGeneratePcm x86_64 /tmp/pasteasfile-build/xcode-signed/SDKExplicitPrecompiledModules/CFNetwork-1TG6PAMSEJ5HKDJ3A315Y2G79.pcm

SwiftExplicitDependencyGeneratePcm x86_64 /tmp/pasteasfile-build/xcode-signed/SDKExplicitPrecompiledModules/ColorSync-94DB6XG2SQ643WIM8WO2AD8GQ.pcm

SwiftExplicitDependencyGeneratePcm x86_64 /tmp/pasteasfile-build/xcode-signed/SDKExplicitPrecompiledModules/IOKit-4YGDUFGRWN1QSJNAUMWEY3PAQ.pcm

SwiftExplicitDependencyGeneratePcm arm64 /tmp/pasteasfile-build/xcode-signed/SDKExplicitPrecompiledModules/os-6FAOZ2JNDJF32ZF1SZ3N7MAX.pcm

SwiftExplicitDependencyGeneratePcm arm64 /tmp/pasteasfile-build/xcode-signed/SDKExplicitPrecompiledModules/IOKit-5RRS0WMPGH0ENGOKV5WMUTUB6.pcm

SwiftExplicitDependencyGeneratePcm arm64 /tmp/pasteasfile-build/xcode-signed/SDKExplicitPrecompiledModules/Security-66XTCYOI9RCWUX396Q6HYOAO4.pcm

SwiftExplicitDependencyGeneratePcm arm64 /tmp/pasteasfile-build/xcode-signed/SDKExplicitPrecompiledModules/ColorSync-8DE57XCKVPF41CCIFPXCZEZS4.pcm

SwiftExplicitDependencyGeneratePcm arm64 /tmp/pasteasfile-build/xcode-signed/SDKExplicitPrecompiledModules/CFNetwork-5DZI4Y2KNHS8129YM31SV9H0B.pcm

SwiftExplicitDependencyGeneratePcm x86_64 /tmp/pasteasfile-build/xcode-signed/SDKExplicitPrecompiledModules/DiskArbitration-1MDIQQ9S2U787X2B1P2U5VOAO.pcm

SwiftExplicitDependencyGeneratePcm x86_64 /tmp/pasteasfile-build/xcode-signed/SDKExplicitPrecompiledModules/CoreGraphics-3PL4KKVBSSKQDIOJA1UJG51RF.pcm

SwiftExplicitDependencyGeneratePcm arm64 /tmp/pasteasfile-build/xcode-signed/SDKExplicitPrecompiledModules/CoreGraphics-4SZ204XPWU5AAV3ULYTURNZF2.pcm

SwiftExplicitDependencyGeneratePcm arm64 /tmp/pasteasfile-build/xcode-signed/SDKExplicitPrecompiledModules/DiskArbitration-7JMJ1IJEU697NOLL6RZHA3TC5.pcm

SwiftExplicitDependencyGeneratePcm x86_64 /tmp/pasteasfile-build/xcode-signed/SDKExplicitPrecompiledModules/CoreServices-8SMM37CEUMPPT623HKRHR3YVU.pcm

SwiftExplicitDependencyGeneratePcm x86_64 /tmp/pasteasfile-build/xcode-signed/SDKExplicitPrecompiledModules/ImageIO-5KR8B4N8RT7HI94DQBJ109T8I.pcm

SwiftExplicitDependencyGeneratePcm x86_64 /tmp/pasteasfile-build/xcode-signed/SDKExplicitPrecompiledModules/CoreText-3Y9PBTWZ1VUFBSEUZKANX9MXO.pcm

SwiftExplicitDependencyGeneratePcm arm64 /tmp/pasteasfile-build/xcode-signed/SDKExplicitPrecompiledModules/CoreServices-4PWAVJFVBR02FI0JCI94K9JM3.pcm

SwiftExplicitDependencyGeneratePcm arm64 /tmp/pasteasfile-build/xcode-signed/SDKExplicitPrecompiledModules/CoreText-6G9LDSY7K3UVIASRVWE66R5BE.pcm

SwiftExplicitDependencyGeneratePcm arm64 /tmp/pasteasfile-build/xcode-signed/SDKExplicitPrecompiledModules/ImageIO-7X2ZCPMD8J7QJKX5VGMJH1U68.pcm

SwiftExplicitDependencyGeneratePcm x86_64 /tmp/pasteasfile-build/xcode-signed/SDKExplicitPrecompiledModules/Foundation-DW12BCHTT71S7UGELI3GTN2NY.pcm

SwiftExplicitDependencyGeneratePcm arm64 /tmp/pasteasfile-build/xcode-signed/SDKExplicitPrecompiledModules/Foundation-4E4W7NB877ITKVW4ANVLWWCSD.pcm

SwiftExplicitDependencyGeneratePcm x86_64 /tmp/pasteasfile-build/xcode-signed/SDKExplicitPrecompiledModules/CoreData-9FJCOHRYQNS47HA2K5LW5KY14.pcm

SwiftExplicitDependencyGeneratePcm x86_64 /tmp/pasteasfile-build/xcode-signed/SDKExplicitPrecompiledModules/DataDetection-35BMUR2MVRXGBQNF9ZJP2JSNY.pcm

SwiftExplicitDependencyGeneratePcm x86_64 /tmp/pasteasfile-build/xcode-signed/SDKExplicitPrecompiledModules/Symbols-CNL5Z5KV1MXZ6LPK831S4RWQS.pcm

SwiftExplicitDependencyGeneratePcm x86_64 /tmp/pasteasfile-build/xcode-signed/SDKExplicitPrecompiledModules/OSLog-8NBBZ0W425JMK4ASNS957UKWE.pcm

SwiftExplicitDependencyGeneratePcm x86_64 /tmp/pasteasfile-build/xcode-signed/SDKExplicitPrecompiledModules/Accessibility-BMV5B8PO516NFDTVKDIVIYLD3.pcm

SwiftExplicitDependencyGeneratePcm x86_64 /tmp/pasteasfile-build/xcode-signed/SDKExplicitPrecompiledModules/ApplicationServices-5884863J3OQ9L040VOJUQRSAO.pcm

SwiftExplicitDependencyGeneratePcm x86_64 /tmp/pasteasfile-build/xcode-signed/SDKExplicitPrecompiledModules/CoreTransferable-EXU2MJNN8W996WG4SG1V8H3TZ.pcm

SwiftExplicitDependencyGeneratePcm x86_64 /tmp/pasteasfile-build/xcode-signed/SDKExplicitPrecompiledModules/IOSurface-6YXX1269MQORVAAKF2FHJ363B.pcm

SwiftExplicitDependencyGeneratePcm x86_64 /tmp/pasteasfile-build/xcode-signed/SDKExplicitPrecompiledModules/UniformTypeIdentifiers-1IB59LV5HJVVX6WAVC0AZ50IC.pcm

SwiftExplicitDependencyGeneratePcm arm64 /tmp/pasteasfile-build/xcode-signed/SDKExplicitPrecompiledModules/DataDetection-AWVJWEBFPSS00MMMH7287HZJN.pcm

SwiftExplicitDependencyGeneratePcm arm64 /tmp/pasteasfile-build/xcode-signed/SDKExplicitPrecompiledModules/OSLog-66KIOJ7WDWSIWA2L98WS8Z4WI.pcm

SwiftExplicitDependencyGeneratePcm arm64 /tmp/pasteasfile-build/xcode-signed/SDKExplicitPrecompiledModules/IOSurface-4XE8KNH5ITD4HU5F4NG7EBPSX.pcm

SwiftExplicitDependencyGeneratePcm arm64 /tmp/pasteasfile-build/xcode-signed/SDKExplicitPrecompiledModules/ApplicationServices-C9CT05HWGKTW3KCQ6KI0TM7XO.pcm

SwiftExplicitDependencyGeneratePcm arm64 /tmp/pasteasfile-build/xcode-signed/SDKExplicitPrecompiledModules/CoreTransferable-ELVHO9TY8D09642ZHW4009G6D.pcm

SwiftExplicitDependencyGeneratePcm arm64 /tmp/pasteasfile-build/xcode-signed/SDKExplicitPrecompiledModules/Symbols-BMOZ5G2OIH1MEB1WXD8NABM7.pcm

SwiftExplicitDependencyGeneratePcm arm64 /tmp/pasteasfile-build/xcode-signed/SDKExplicitPrecompiledModules/UniformTypeIdentifiers-CM9N5VZZ7QUWDLFYAHX2VBJPM.pcm

SwiftExplicitDependencyGeneratePcm arm64 /tmp/pasteasfile-build/xcode-signed/SDKExplicitPrecompiledModules/CoreData-ETMVD34YU0S8JSZPVL19KR1Y6.pcm

SwiftExplicitDependencyGeneratePcm arm64 /tmp/pasteasfile-build/xcode-signed/SDKExplicitPrecompiledModules/Accessibility-CQ90M6K8KWUIVDOGASR9AMJJO.pcm

SwiftExplicitDependencyGeneratePcm x86_64 /tmp/pasteasfile-build/xcode-signed/SDKExplicitPrecompiledModules/OpenGL-E7I9K3L18V0225E1TFR6MXO4M.pcm

SwiftExplicitDependencyGeneratePcm x86_64 /tmp/pasteasfile-build/xcode-signed/SDKExplicitPrecompiledModules/Metal-4Q7B3EAUA75XN0LI9KSM3PCK1.pcm

SwiftExplicitDependencyGeneratePcm arm64 /tmp/pasteasfile-build/xcode-signed/SDKExplicitPrecompiledModules/Metal-CF5Z4MVR4LKRNJ2WVIV0PRAMY.pcm

SwiftExplicitDependencyGeneratePcm arm64 /tmp/pasteasfile-build/xcode-signed/SDKExplicitPrecompiledModules/OpenGL-EN4239ENG5VRZDTZFMXBAY4VL.pcm

SwiftExplicitDependencyGeneratePcm x86_64 /tmp/pasteasfile-build/xcode-signed/SDKExplicitPrecompiledModules/CoreVideo-A7BV44Q93GM11YVB6WXP1EB8P.pcm

SwiftExplicitDependencyGeneratePcm arm64 /tmp/pasteasfile-build/xcode-signed/SDKExplicitPrecompiledModules/CoreVideo-E0YL9DSAKXRX1WMQUMVZM4ZM1.pcm

SwiftExplicitDependencyGeneratePcm x86_64 /tmp/pasteasfile-build/xcode-signed/SDKExplicitPrecompiledModules/QuartzCore-5CBAHF3VFMNIFJ3J2LK5O84Y.pcm

SwiftExplicitDependencyGeneratePcm x86_64 /tmp/pasteasfile-build/xcode-signed/SDKExplicitPrecompiledModules/CoreImage-EZTXA9AV8V8Y925HGJ1KCA38S.pcm

SwiftExplicitDependencyGeneratePcm arm64 /tmp/pasteasfile-build/xcode-signed/SDKExplicitPrecompiledModules/QuartzCore-3QD280X4RJ2WA61CP17W5R4MN.pcm

SwiftExplicitDependencyGeneratePcm arm64 /tmp/pasteasfile-build/xcode-signed/SDKExplicitPrecompiledModules/CoreImage-37ZJW8976FXL8QNTXSYMA0NNE.pcm

SwiftExplicitDependencyGeneratePcm x86_64 /tmp/pasteasfile-build/xcode-signed/SDKExplicitPrecompiledModules/SwiftUICore-1LKD2UFJBWSWSAAYO5TOPMPBX.pcm

SwiftExplicitDependencyGeneratePcm x86_64 /tmp/pasteasfile-build/xcode-signed/SDKExplicitPrecompiledModules/AppKit-DBNGNNDWX59U6DXH80CKFHDMU.pcm

SwiftExplicitDependencyGeneratePcm arm64 /tmp/pasteasfile-build/xcode-signed/SDKExplicitPrecompiledModules/SwiftUICore-64OEHMRFUQNVT0KCJYS1ZVOHD.pcm

SwiftExplicitDependencyGeneratePcm arm64 /tmp/pasteasfile-build/xcode-signed/SDKExplicitPrecompiledModules/AppKit-8VL2JQF8RBRWNTZWT19D4L4X0.pcm

SwiftCompile normal x86_64 Compiling\ AppDelegate.swift,\ Main.swift /Users/bf/Library/CloudStorage/GoogleDrive-bernynoussi@gmail.com/Mon\ Drive/Formation/Collège\ BDEB/ETE_2026/420-A60-BB\ ALGORITHMES\ D\'APPRENTISSAGE\ PROFOND/Examen\ Final/PasteAsFile/PasteAsFile/AppDelegate.swift /Users/bf/Library/CloudStorage/GoogleDrive-bernynoussi@gmail.com/Mon\ Drive/Formation/Collège\ BDEB/ETE_2026/420-A60-BB\ ALGORITHMES\ D\'APPRENTISSAGE\ PROFOND/Examen\ Final/PasteAsFile/PasteAsFile/Main.swift /Applications/Xcode.app/Contents/Developer/Toolchains/XcodeDefault.xctoolchain/usr/lib/swift/macosx/prebuilt-modules/27.0/OSLog.swiftmodule/x86_64-apple-macos.swiftmodule /Applications/Xcode.app/Contents/Developer/Toolchains/XcodeDefault.xctoolchain/usr/lib/swift/macosx/prebuilt-modules/27.0/_DarwinFoundation2.swiftmodule/x86_64-apple-macos.swiftmodule /Applications/Xcode.app/Contents/Developer/Toolchains/XcodeDefault.xctoolchain/usr/lib/swift/macosx/prebuilt-modules/27.0/_DarwinFoundation1.swiftmodule/x86_64-apple-macos.swiftmodule /Applications/Xcode.app/Contents/Developer/Toolchains/XcodeDefault.xctoolchain/usr/lib/swift/macosx/prebuilt-modules/27.0/ImageIO.swiftmodule/x86_64-apple-macos.swiftmodule /Applications/Xcode.app/Contents/Developer/Toolchains/XcodeDefault.xctoolchain/usr/lib/swift/macosx/prebuilt-modules/27.0/IOKit.swiftmodule/x86_64-apple-macos.swiftmodule /Applications/Xcode.app/Contents/Developer/Toolchains/XcodeDefault.xctoolchain/usr/lib/swift/macosx/prebuilt-modules/27.0/CoreGraphics.swiftmodule/x86_64-apple-macos.swiftmodule /Applications/Xcode.app/Contents/Developer/Toolchains/XcodeDefault.xctoolchain/usr/lib/swift/macosx/prebuilt-modules/27.0/System.swiftmodule/x86_64-apple-macos.swiftmodule /Applications/Xcode.app/Contents/Developer/Toolchains/XcodeDefault.xctoolchain/usr/lib/swift/macosx/prebuilt-modules/27.0/simd.swiftmodule/x86_64-apple-macos.swiftmodule /Applications/Xcode.app/Contents/Developer/Toolchains/XcodeDefault.xctoolchain/usr/lib/swift/macosx/prebuilt-modules/27.0/Observation.swiftmodule/x86_64-apple-macos.swiftmodule /Applications/Xcode.app/Contents/Developer/Toolchains/XcodeDefault.xctoolchain/usr/lib/swift/macosx/prebuilt-modules/27.0/Symbols.swiftmodule/x86_64-apple-macos.swiftmodule /Applications/Xcode.app/Contents/Developer/Toolchains/XcodeDefault.xctoolchain/usr/lib/swift/macosx/prebuilt-modules/27.0/_Concurrency.swiftmodule/x86_64-apple-macos.swiftmodule /Applications/Xcode.app/Contents/Developer/Toolchains/XcodeDefault.xctoolchain/usr/lib/swift/macosx/prebuilt-modules/27.0/os.swiftmodule/x86_64-apple-macos.swiftmodule /Applications/Xcode.app/Contents/Developer/Toolchains/XcodeDefault.xctoolchain/usr/lib/swift/macosx/prebuilt-modules/27.0/SwiftUICore.swiftmodule/x86_64-apple-macos.swiftmodule /Applications/Xcode.app/Contents/Developer/Toolchains/XcodeDefault.xctoolchain/usr/lib/swift/macosx/prebuilt-modules/27.0/Combine.swiftmodule/x86_64-apple-macos.swiftmodule /Applications/Xcode.app/Contents/Developer/Toolchains/XcodeDefault.xctoolchain/usr/lib/swift/macosx/prebuilt-modules/27.0/Darwin.swiftmodule/x86_64-apple-macos.swiftmodule /Applications/Xcode.app/Contents/Developer/Toolchains/XcodeDefault.xctoolchain/usr/lib/swift/macosx/prebuilt-modules/27.0/ObjectiveC.swiftmodule/x86_64-apple-macos.swiftmodule /Applications/Xcode.app/Contents/Developer/Toolchains/XcodeDefault.xctoolchain/usr/lib/swift/macosx/prebuilt-modules/27.0/DataDetection.swiftmodule/x86_64-apple-macos.swiftmodule /Applications/Xcode.app/Contents/Developer/Toolchains/XcodeDefault.xctoolchain/usr/lib/swift/macosx/prebuilt-modules/27.0/QuartzCore.swiftmodule/x86_64-apple-macos.swiftmodule /Applications/Xcode.app/Contents/Developer/Toolchains/XcodeDefault.xctoolchain/usr/lib/swift/macosx/prebuilt-modules/27.0/_DarwinFoundation3.swiftmodule/x86_64-apple-macos.swiftmodule /Applications/Xcode.app/Contents/Developer/Toolchains/XcodeDefault.xctoolchain/usr/lib/swift/macosx/prebuilt-modules/27.0/XPC.swiftmodule/x86_64-apple-macos.swiftmodule /Applications/Xcode.app/Contents/Developer/Toolchains/XcodeDefault.xctoolchain/usr/lib/swift/macosx/prebuilt-modules/27.0/CoreText.swiftmodule/x86_64-apple-macos.swiftmodule /Applications/Xcode.app/Contents/Developer/Toolchains/XcodeDefault.xctoolchain/usr/lib/swift/macosx/prebuilt-modules/27.0/_StringProcessing.swiftmodule/x86_64-apple-macos.swiftmodule /Applications/Xcode.app/Contents/Developer/Toolchains/XcodeDefault.xctoolchain/usr/lib/swift/macosx/prebuilt-modules/27.0/CoreTransferable.swiftmodule/x86_64-apple-macos.swiftmodule /Applications/Xcode.app/Contents/Developer/Toolchains/XcodeDefault.xctoolchain/usr/lib/swift/macosx/prebuilt-modules/27.0/Dispatch.swiftmodule/x86_64-apple-macos.swiftmodule /Applications/Xcode.app/Contents/Developer/Toolchains/XcodeDefault.xctoolchain/usr/lib/swift/macosx/prebuilt-modules/27.0/CoreFoundation.swiftmodule/x86_64-apple-macos.swiftmodule /Applications/Xcode.app/Contents/Developer/Toolchains/XcodeDefault.xctoolchain/usr/lib/swift/macosx/prebuilt-modules/27.0/CoreImage.swiftmodule/x86_64-apple-macos.swiftmodule /Applications/Xcode.app/Contents/Developer/Toolchains/XcodeDefault.xctoolchain/usr/lib/swift/macosx/prebuilt-modules/27.0/DeveloperToolsSupport.swiftmodule/x86_64-apple-macos.swiftmodule /Applications/Xcode.app/Contents/Developer/Toolchains/XcodeDefault.xctoolchain/usr/lib/swift/macosx/prebuilt-modules/27.0/Swift.swiftmodule/x86_64-apple-macos.swiftmodule /Applications/Xcode.app/Contents/Developer/Toolchains/XcodeDefault.xctoolchain/usr/lib/swift/macosx/prebuilt-modules/27.0/CoreData.swiftmodule/x86_64-apple-macos.swiftmodule /Applications/Xcode.app/Contents/Developer/Toolchains/XcodeDefault.xctoolchain/usr/lib/swift/macosx/prebuilt-modules/27.0/CoreVideo.swiftmodule/x86_64-apple-macos.swiftmodule /Applications/Xcode.app/Contents/Developer/Toolchains/XcodeDefault.xctoolchain/usr/lib/swift/macosx/prebuilt-modules/27.0/AppKit.swiftmodule/x86_64-apple-macos.swiftmodule /Applications/Xcode.app/Contents/Developer/Toolchains/XcodeDefault.xctoolchain/usr/lib/swift/macosx/prebuilt-modules/27.0/Spatial.swiftmodule/x86_64-apple-macos.swiftmodule /Applications/Xcode.app/Contents/Developer/Toolchains/XcodeDefault.xctoolchain/usr/lib/swift/macosx/prebuilt-modules/27.0/Accessibility.swiftmodule/x86_64-apple-macos.swiftmodule /Applications/Xcode.app/Contents/Developer/Toolchains/XcodeDefault.xctoolchain/usr/lib/swift/macosx/prebuilt-modules/27.0/ColorSync.swiftmodule/x86_64-apple-macos.swiftmodule /Applications/Xcode.app/Contents/Developer/Toolchains/XcodeDefault.xctoolchain/usr/lib/swift/macosx/prebuilt-modules/27.0/Metal.swiftmodule/x86_64-apple-macos.swiftmodule /Applications/Xcode.app/Contents/Developer/Toolchains/XcodeDefault.xctoolchain/usr/lib/swift/macosx/prebuilt-modules/27.0/_Builtin_float.swiftmodule/x86_64-apple-macos.swiftmodule /Applications/Xcode.app/Contents/Developer/Toolchains/XcodeDefault.xctoolchain/usr/lib/swift/macosx/prebuilt-modules/27.0/Foundation.swiftmodule/x86_64-apple-macos.swiftmodule /Applications/Xcode.app/Contents/Developer/Toolchains/XcodeDefault.xctoolchain/usr/lib/swift/macosx/prebuilt-modules/27.0/UniformTypeIdentifiers.swiftmodule/x86_64-apple-macos.swiftmodule /tmp/pasteasfile-build/xcode-signed/SDKExplicitPrecompiledModules/_DarwinFoundation3-27TZZYCWB5W4QB7RURLMPLIC1.pcm /tmp/pasteasfile-build/xcode-signed/SDKExplicitPrecompiledModules/Darwin-3803MTKMD3G7DSO6456FIMZ5B.pcm /tmp/pasteasfile-build/xcode-signed/SDKExplicitPrecompiledModules/Spatial-EXQOTASMIV82JHWQIU5GTLP58.pcm /tmp/pasteasfile-build/xcode-signed/SDKExplicitPrecompiledModules/ColorSync-94DB6XG2SQ643WIM8WO2AD8GQ.pcm /tmp/pasteasfile-build/xcode-signed/SDKExplicitPrecompiledModules/launch-B4WB9NCX9MCVYDZ3MEISOFVMG.pcm /tmp/pasteasfile-build/xcode-signed/SDKExplicitPrecompiledModules/libkern-7UGEBMARKG71TB5ZO2L4UBGYN.pcm /tmp/pasteasfile-build/xcode-signed/SDKExplicitPrecompiledModules/CoreFoundation-2DB1QF2QCR1FHSZL56LMW0U70.pcm /tmp/pasteasfile-build/xcode-signed/SDKExplicitPrecompiledModules/simd-N28T7GSDOTFUFS3TPR1VE513.pcm /tmp/pasteasfile-build/xcode-signed/SDKExplicitPrecompiledModules/CoreVideo-A7BV44Q93GM11YVB6WXP1EB8P.pcm /tmp/pasteasfile-build/xcode-signed/SDKExplicitPrecompiledModules/_Builtin_float-3K4C1EEPETM6AQYK3C7Z0DNNA.pcm /tmp/pasteasfile-build/xcode-signed/SDKExplicitPrecompiledModules/os-8XVQL4MUEMCTUO4QNX54A8J72.pcm /tmp/pasteasfile-build/xcode-signed/SDKExplicitPrecompiledModules/Security-8MK1ROX03DINKA2FJ6L4O009S.pcm /tmp/pasteasfile-build/xcode-signed/SDKExplicitPrecompiledModules/_AvailabilityInternal-5IVC292BVW4J4M7FFUSSH9GWC.pcm /tmp/pasteasfile-build/xcode-signed/SDKExplicitPrecompiledModules/_Builtin_stddef-6EJ119RP12YCWZ9H0SSYJTKH7.pcm /tmp/pasteasfile-build/xcode-signed/SDKExplicitPrecompiledModules/OpenGL-E7I9K3L18V0225E1TFR6MXO4M.pcm /tmp/pasteasfile-build/xcode-signed/SDKExplicitPrecompiledModules/CoreImage-EZTXA9AV8V8Y925HGJ1KCA38S.pcm /tmp/pasteasfile-build/xcode-signed/SDKExplicitPrecompiledModules/_Builtin_stdint-1G7AE1Y8FP5IFEO0SQS64VL78.pcm /tmp/pasteasfile-build/xcode-signed/SDKExplicitPrecompiledModules/_Builtin_stdarg-EOMWJN4MW1Q7IC94CBSUL654G.pcm /tmp/pasteasfile-build/xcode-signed/SDKExplicitPrecompiledModules/ptrauth-A9V4UZYEK5IGL0X000R7IV0ET.pcm /tmp/pasteasfile-build/xcode-signed/SDKExplicitPrecompiledModules/Accessibility-BMV5B8PO516NFDTVKDIVIYLD3.pcm /tmp/pasteasfile-build/xcode-signed/SDKExplicitPrecompiledModules/MachO-SNHMMD06JNRPCFMAWF1G26UZ.pcm /tmp/pasteasfile-build/xcode-signed/SDKExplicitPrecompiledModules/_Builtin_inttypes-77SSRS5L2SDKTGTQIRGS2L63T.pcm /tmp/pasteasfile-build/xcode-signed/SDKExplicitPrecompiledModules/DataDetection-35BMUR2MVRXGBQNF9ZJP2JSNY.pcm /tmp/pasteasfile-build/xcode-signed/SDKExplicitPrecompiledModules/CFNetwork-1TG6PAMSEJ5HKDJ3A315Y2G79.pcm /tmp/pasteasfile-build/xcode-signed/SDKExplicitPrecompiledModules/QuartzCore-5CBAHF3VFMNIFJ3J2LK5O84Y.pcm /tmp/pasteasfile-build/xcode-signed/SDKExplicitPrecompiledModules/ObjectiveC-8SKD4CH8TFR1W8U513E7ZSVEL.pcm /tmp/pasteasfile-build/xcode-signed/SDKExplicitPrecompiledModules/SwiftUICore-1LKD2UFJBWSWSAAYO5TOPMPBX.pcm /tmp/pasteasfile-build/xcode-signed/SDKExplicitPrecompiledModules/os_object-CDUYZIC4H18LHNTXLHTZAZQ1C.pcm /tmp/pasteasfile-build/xcode-signed/SDKExplicitPrecompiledModules/Symbols-CNL5Z5KV1MXZ6LPK831S4RWQS.pcm /tmp/pasteasfile-build/xcode-signed/SDKExplicitPrecompiledModules/_SwiftConcurrencyShims-8BHB6VIRFZRFAIW2PY4Q909AA.pcm /tmp/pasteasfile-build/xcode-signed/SDKExplicitPrecompiledModules/_DarwinFoundation2-9PZY1OO6BUCJBTY179D6JPJ96.pcm /tmp/pasteasfile-build/xcode-signed/SDKExplicitPrecompiledModules/CoreServices-8SMM37CEUMPPT623HKRHR3YVU.pcm /tmp/pasteasfile-build/xcode-signed/SDKExplicitPrecompiledModules/_DarwinFoundation1-120LK372PQQAI7ZMYWDDPNZCT.pcm /tmp/pasteasfile-build/xcode-signed/SDKExplicitPrecompiledModules/ApplicationServices-5884863J3OQ9L040VOJUQRSAO.pcm /tmp/pasteasfile-build/xcode-signed/SDKExplicitPrecompiledModules/CoreText-3Y9PBTWZ1VUFBSEUZKANX9MXO.pcm /tmp/pasteasfile-build/xcode-signed/SDKExplicitPrecompiledModules/IOKit-4YGDUFGRWN1QSJNAUMWEY3PAQ.pcm /tmp/pasteasfile-build/xcode-signed/SDKExplicitPrecompiledModules/Foundation-DW12BCHTT71S7UGELI3GTN2NY.pcm /tmp/pasteasfile-build/xcode-signed/SDKExplicitPrecompiledModules/_Builtin_limits-8HU4BEERN7Y9O0MFL0FQH1NKJ.pcm /tmp/pasteasfile-build/xcode-signed/SDKExplicitPrecompiledModules/DiskArbitration-1MDIQQ9S2U787X2B1P2U5VOAO.pcm /tmp/pasteasfile-build/xcode-signed/SDKExplicitPrecompiledModules/_Builtin_tgmath-DR9RSRKJ50R6X89OKRX8BD5WJ.pcm /tmp/pasteasfile-build/xcode-signed/SDKExplicitPrecompiledModules/Dispatch-EZDZYA8PQ4WH3UWSKP1R7OBTT.pcm /tmp/pasteasfile-build/xcode-signed/SDKExplicitPrecompiledModules/ptrcheck-1UUOJJKMTBJS8V5S3DJMKCVZ5.pcm /tmp/pasteasfile-build/xcode-signed/SDKExplicitPrecompiledModules/CoreGraphics-3PL4KKVBSSKQDIOJA1UJG51RF.pcm /tmp/pasteasfile-build/xcode-signed/SDKExplicitPrecompiledModules/CoreData-9FJCOHRYQNS47HA2K5LW5KY14.pcm /tmp/pasteasfile-build/xcode-signed/SDKExplicitPrecompiledModules/_Builtin_intrinsics-EU3JUZHBWT1YQ1ZYEUXJKJCQ4.pcm /tmp/pasteasfile-build/xcode-signed/SDKExplicitPrecompiledModules/XPC-158GPR4TWROW3J0FFWX2GSGN4.pcm /tmp/pasteasfile-build/xcode-signed/SDKExplicitPrecompiledModules/_Builtin_stdatomic-5V7B3F03J1SZLV6O6UQVYA8LQ.pcm /tmp/pasteasfile-build/xcode-signed/SDKExplicitPrecompiledModules/os_workgroup-7OWJBP8OHXP2FY66H45VGC2NY.pcm /tmp/pasteasfile-build/xcode-signed/SDKExplicitPrecompiledModules/_Builtin_stdbool-P734T84UIG92H91MVCPOOZJF.pcm /tmp/pasteasfile-build/xcode-signed/SDKExplicitPrecompiledModules/Metal-4Q7B3EAUA75XN0LI9KSM3PCK1.pcm /tmp/pasteasfile-build/xcode-signed/SDKExplicitPrecompiledModules/UniformTypeIdentifiers-1IB59LV5HJVVX6WAVC0AZ50IC.pcm /tmp/pasteasfile-build/xcode-signed/SDKExplicitPrecompiledModules/CUPS-4MLO7AKIZR6FSB4J79ZBNWNIP.pcm /tmp/pasteasfile-build/xcode-signed/SDKExplicitPrecompiledModules/IOSurface-6YXX1269MQORVAAKF2FHJ363B.pcm /tmp/pasteasfile-build/xcode-signed/SDKExplicitPrecompiledModules/DeveloperToolsSupport-2LNI67RU0WY1HWW49824PM32V.pcm /tmp/pasteasfile-build/xcode-signed/SDKExplicitPrecompiledModules/string_h-A6383417RBLAXA8P7UW837EHU.pcm /tmp/pasteasfile-build/xcode-signed/SDKExplicitPrecompiledModules/libDER-DGV1AE7O8O5L2KTAD3R8I8BER.pcm /tmp/pasteasfile-build/xcode-signed/SDKExplicitPrecompiledModules/AppKit-DBNGNNDWX59U6DXH80CKFHDMU.pcm /tmp/pasteasfile-build/xcode-signed/SDKExplicitPrecompiledModules/SwiftShims-ABGIPSDGN7KZ34X1PGWOJZVKB.pcm /tmp/pasteasfile-build/xcode-signed/SDKExplicitPrecompiledModules/OSLog-8NBBZ0W425JMK4ASNS957UKWE.pcm /tmp/pasteasfile-build/xcode-signed/SDKExplicitPrecompiledModules/CoreTransferable-EXU2MJNN8W996WG4SG1V8H3TZ.pcm /tmp/pasteasfile-build/xcode-signed/SDKExplicitPrecompiledModules/ImageIO-5KR8B4N8RT7HI94DQBJ109T8I.pcm /tmp/pasteasfile-build/xcode-signed/SDKExplicitPrecompiledModules/sys_types-BPIRYE0UGRP2JREJMDCDAO5Q.pcm /tmp/pasteasfile-build/xcode-signed/Build/Intermediates.noindex/PasteAsFile.build/Release/PasteAsFile.build/Objects-normal/x86_64/PasteAsFile-dependencies-1.json (in target 'PasteAsFile' from project 'PasteAsFile')

SwiftCompile normal x86_64 (in target 'PasteAsFile' from project 'PasteAsFile')
    cd /Users/bf/Library/CloudStorage/GoogleDrive-bernynoussi@gmail.com/Mon\ Drive/Formation/Collège\ BDEB/ETE_2026/420-A60-BB\ ALGORITHMES\ D\'APPRENTISSAGE\ PROFOND/Examen\ Final/PasteAsFile
    

SwiftCompile normal arm64 Compiling\ AppDelegate.swift,\ Main.swift /Users/bf/Library/CloudStorage/GoogleDrive-bernynoussi@gmail.com/Mon\ Drive/Formation/Collège\ BDEB/ETE_2026/420-A60-BB\ ALGORITHMES\ D\'APPRENTISSAGE\ PROFOND/Examen\ Final/PasteAsFile/PasteAsFile/AppDelegate.swift /Users/bf/Library/CloudStorage/GoogleDrive-bernynoussi@gmail.com/Mon\ Drive/Formation/Collège\ BDEB/ETE_2026/420-A60-BB\ ALGORITHMES\ D\'APPRENTISSAGE\ PROFOND/Examen\ Final/PasteAsFile/PasteAsFile/Main.swift /Applications/Xcode.app/Contents/Developer/Toolchains/XcodeDefault.xctoolchain/usr/lib/swift/macosx/prebuilt-modules/27.0/CoreImage.swiftmodule/arm64e-apple-macos.swiftmodule /Applications/Xcode.app/Contents/Developer/Toolchains/XcodeDefault.xctoolchain/usr/lib/swift/macosx/prebuilt-modules/27.0/ColorSync.swiftmodule/arm64e-apple-macos.swiftmodule /Applications/Xcode.app/Contents/Developer/Toolchains/XcodeDefault.xctoolchain/usr/lib/swift/macosx/prebuilt-modules/27.0/SwiftUICore.swiftmodule/arm64e-apple-macos.swiftmodule /Applications/Xcode.app/Contents/Developer/Toolchains/XcodeDefault.xctoolchain/usr/lib/swift/macosx/prebuilt-modules/27.0/CoreFoundation.swiftmodule/arm64e-apple-macos.swiftmodule /Applications/Xcode.app/Contents/Developer/Toolchains/XcodeDefault.xctoolchain/usr/lib/swift/macosx/prebuilt-modules/27.0/UniformTypeIdentifiers.swiftmodule/arm64e-apple-macos.swiftmodule /Applications/Xcode.app/Contents/Developer/Toolchains/XcodeDefault.xctoolchain/usr/lib/swift/macosx/prebuilt-modules/27.0/Foundation.swiftmodule/arm64e-apple-macos.swiftmodule /Applications/Xcode.app/Contents/Developer/Toolchains/XcodeDefault.xctoolchain/usr/lib/swift/macosx/prebuilt-modules/27.0/_Concurrency.swiftmodule/arm64e-apple-macos.swiftmodule /Applications/Xcode.app/Contents/Developer/Toolchains/XcodeDefault.xctoolchain/usr/lib/swift/macosx/prebuilt-modules/27.0/System.swiftmodule/arm64e-apple-macos.swiftmodule /Applications/Xcode.app/Contents/Developer/Toolchains/XcodeDefault.xctoolchain/usr/lib/swift/macosx/prebuilt-modules/27.0/_StringProcessing.swiftmodule/arm64e-apple-macos.swiftmodule /Applications/Xcode.app/Contents/Developer/Toolchains/XcodeDefault.xctoolchain/usr/lib/swift/macosx/prebuilt-modules/27.0/AppKit.swiftmodule/arm64e-apple-macos.swiftmodule /Applications/Xcode.app/Contents/Developer/Toolchains/XcodeDefault.xctoolchain/usr/lib/swift/macosx/prebuilt-modules/27.0/_DarwinFoundation2.swiftmodule/arm64e-apple-macos.swiftmodule /Applications/Xcode.app/Contents/Developer/Toolchains/XcodeDefault.xctoolchain/usr/lib/swift/macosx/prebuilt-modules/27.0/_DarwinFoundation1.swiftmodule/arm64e-apple-macos.swiftmodule /Applications/Xcode.app/Contents/Developer/Toolchains/XcodeDefault.xctoolchain/usr/lib/swift/macosx/prebuilt-modules/27.0/simd.swiftmodule/arm64e-apple-macos.swiftmodule /Applications/Xcode.app/Contents/Developer/Toolchains/XcodeDefault.xctoolchain/usr/lib/swift/macosx/prebuilt-modules/27.0/XPC.swiftmodule/arm64e-apple-macos.swiftmodule /Applications/Xcode.app/Contents/Developer/Toolchains/XcodeDefault.xctoolchain/usr/lib/swift/macosx/prebuilt-modules/27.0/Combine.swiftmodule/arm64e-apple-macos.swiftmodule /Applications/Xcode.app/Contents/Developer/Toolchains/XcodeDefault.xctoolchain/usr/lib/swift/macosx/prebuilt-modules/27.0/Metal.swiftmodule/arm64e-apple-macos.swiftmodule /Applications/Xcode.app/Contents/Developer/Toolchains/XcodeDefault.xctoolchain/usr/lib/swift/macosx/prebuilt-modules/27.0/CoreVideo.swiftmodule/arm64e-apple-macos.swiftmodule /Applications/Xcode.app/Contents/Developer/Toolchains/XcodeDefault.xctoolchain/usr/lib/swift/macosx/prebuilt-modules/27.0/QuartzCore.swiftmodule/arm64e-apple-macos.swiftmodule /Applications/Xcode.app/Contents/Developer/Toolchains/XcodeDefault.xctoolchain/usr/lib/swift/macosx/prebuilt-modules/27.0/_Builtin_float.swiftmodule/arm64e-apple-macos.swiftmodule /Applications/Xcode.app/Contents/Developer/Toolchains/XcodeDefault.xctoolchain/usr/lib/swift/macosx/prebuilt-modules/27.0/Swift.swiftmodule/arm64e-apple-macos.swiftmodule /Applications/Xcode.app/Contents/Developer/Toolchains/XcodeDefault.xctoolchain/usr/lib/swift/macosx/prebuilt-modules/27.0/OSLog.swiftmodule/arm64e-apple-macos.swiftmodule /Applications/Xcode.app/Contents/Developer/Toolchains/XcodeDefault.xctoolchain/usr/lib/swift/macosx/prebuilt-modules/27.0/CoreTransferable.swiftmodule/arm64e-apple-macos.swiftmodule /Applications/Xcode.app/Contents/Developer/Toolchains/XcodeDefault.xctoolchain/usr/lib/swift/macosx/prebuilt-modules/27.0/os.swiftmodule/arm64e-apple-macos.swiftmodule /Applications/Xcode.app/Contents/Developer/Toolchains/XcodeDefault.xctoolchain/usr/lib/swift/macosx/prebuilt-modules/27.0/ObjectiveC.swiftmodule/arm64e-apple-macos.swiftmodule /Applications/Xcode.app/Contents/Developer/Toolchains/XcodeDefault.xctoolchain/usr/lib/swift/macosx/prebuilt-modules/27.0/Accessibility.swiftmodule/arm64e-apple-macos.swiftmodule /Applications/Xcode.app/Contents/Developer/Toolchains/XcodeDefault.xctoolchain/usr/lib/swift/macosx/prebuilt-modules/27.0/DataDetection.swiftmodule/arm64e-apple-macos.swiftmodule /Applications/Xcode.app/Contents/Developer/Toolchains/XcodeDefault.xctoolchain/usr/lib/swift/macosx/prebuilt-modules/27.0/Darwin.swiftmodule/arm64e-apple-macos.swiftmodule /Applications/Xcode.app/Contents/Developer/Toolchains/XcodeDefault.xctoolchain/usr/lib/swift/macosx/prebuilt-modules/27.0/CoreData.swiftmodule/arm64e-apple-macos.swiftmodule /Applications/Xcode.app/Contents/Developer/Toolchains/XcodeDefault.xctoolchain/usr/lib/swift/macosx/prebuilt-modules/27.0/Symbols.swiftmodule/arm64e-apple-macos.swiftmodule /Applications/Xcode.app/Contents/Developer/Toolchains/XcodeDefault.xctoolchain/usr/lib/swift/macosx/prebuilt-modules/27.0/DeveloperToolsSupport.swiftmodule/arm64e-apple-macos.swiftmodule /Applications/Xcode.app/Contents/Developer/Toolchains/XcodeDefault.xctoolchain/usr/lib/swift/macosx/prebuilt-modules/27.0/IOKit.swiftmodule/arm64e-apple-macos.swiftmodule /Applications/Xcode.app/Contents/Developer/Toolchains/XcodeDefault.xctoolchain/usr/lib/swift/macosx/prebuilt-modules/27.0/CoreGraphics.swiftmodule/arm64e-apple-macos.swiftmodule /Applications/Xcode.app/Contents/Developer/Toolchains/XcodeDefault.xctoolchain/usr/lib/swift/macosx/prebuilt-modules/27.0/Spatial.swiftmodule/arm64e-apple-macos.swiftmodule /Applications/Xcode.app/Contents/Developer/Toolchains/XcodeDefault.xctoolchain/usr/lib/swift/macosx/prebuilt-modules/27.0/_DarwinFoundation3.swiftmodule/arm64e-apple-macos.swiftmodule /Applications/Xcode.app/Contents/Developer/Toolchains/XcodeDefault.xctoolchain/usr/lib/swift/macosx/prebuilt-modules/27.0/Observation.swiftmodule/arm64e-apple-macos.swiftmodule /Applications/Xcode.app/Contents/Developer/Toolchains/XcodeDefault.xctoolchain/usr/lib/swift/macosx/prebuilt-modules/27.0/Dispatch.swiftmodule/arm64e-apple-macos.swiftmodule /Applications/Xcode.app/Contents/Developer/Toolchains/XcodeDefault.xctoolchain/usr/lib/swift/macosx/prebuilt-modules/27.0/ImageIO.swiftmodule/arm64e-apple-macos.swiftmodule /Applications/Xcode.app/Contents/Developer/Toolchains/XcodeDefault.xctoolchain/usr/lib/swift/macosx/prebuilt-modules/27.0/CoreText.swiftmodule/arm64e-apple-macos.swiftmodule /tmp/pasteasfile-build/xcode-signed/SDKExplicitPrecompiledModules/ptrauth-6HF6ZZU3ZTZJ5JVPNLB1PUWGF.pcm /tmp/pasteasfile-build/xcode-signed/SDKExplicitPrecompiledModules/Security-66XTCYOI9RCWUX396Q6HYOAO4.pcm /tmp/pasteasfile-build/xcode-signed/SDKExplicitPrecompiledModules/IOKit-5RRS0WMPGH0ENGOKV5WMUTUB6.pcm /tmp/pasteasfile-build/xcode-signed/SDKExplicitPrecompiledModules/Spatial-9WJMM85D3J2YO9V6ECQIOWE0G.pcm /tmp/pasteasfile-build/xcode-signed/SDKExplicitPrecompiledModules/ptrcheck-6ZE9WL948GC6R6ZHT1UTVEJFA.pcm /tmp/pasteasfile-build/xcode-signed/SDKExplicitPrecompiledModules/CUPS-1OIELQW38C340F418U5X5EG0C.pcm /tmp/pasteasfile-build/xcode-signed/SDKExplicitPrecompiledModules/launch-1811QGRMGJ95ONHRDNW1200GR.pcm /tmp/pasteasfile-build/xcode-signed/SDKExplicitPrecompiledModules/CoreFoundation-4EKZK5YIKRHJOZRMZ9PVPW4GZ.pcm /tmp/pasteasfile-build/xcode-signed/SDKExplicitPrecompiledModules/AppKit-8VL2JQF8RBRWNTZWT19D4L4X0.pcm /tmp/pasteasfile-build/xcode-signed/SDKExplicitPrecompiledModules/_Builtin_tgmath-89YIL2LVUHMBLI4KSX0GDBKTJ.pcm /tmp/pasteasfile-build/xcode-signed/SDKExplicitPrecompiledModules/libDER-6FCG859LR61G6JNNWFQEDN32.pcm /tmp/pasteasfile-build/xcode-signed/SDKExplicitPrecompiledModules/CoreVideo-E0YL9DSAKXRX1WMQUMVZM4ZM1.pcm /tmp/pasteasfile-build/xcode-signed/SDKExplicitPrecompiledModules/OSLog-66KIOJ7WDWSIWA2L98WS8Z4WI.pcm /tmp/pasteasfile-build/xcode-signed/SDKExplicitPrecompiledModules/Foundation-4E4W7NB877ITKVW4ANVLWWCSD.pcm /tmp/pasteasfile-build/xcode-signed/SDKExplicitPrecompiledModules/os_workgroup-BXMD35IZYAJZ8PFI7Y5WN7DE5.pcm /tmp/pasteasfile-build/xcode-signed/SDKExplicitPrecompiledModules/_Builtin_stddef-46GDKC2JIOKVKN0ECP6C97F1N.pcm /tmp/pasteasfile-build/xcode-signed/SDKExplicitPrecompiledModules/CFNetwork-5DZI4Y2KNHS8129YM31SV9H0B.pcm /tmp/pasteasfile-build/xcode-signed/SDKExplicitPrecompiledModules/_Builtin_stdbool-DNZZAPHKGQW5J72UYEVCIG82.pcm /tmp/pasteasfile-build/xcode-signed/SDKExplicitPrecompiledModules/IOSurface-4XE8KNH5ITD4HU5F4NG7EBPSX.pcm /tmp/pasteasfile-build/xcode-signed/SDKExplicitPrecompiledModules/UniformTypeIdentifiers-CM9N5VZZ7QUWDLFYAHX2VBJPM.pcm /tmp/pasteasfile-build/xcode-signed/SDKExplicitPrecompiledModules/DataDetection-AWVJWEBFPSS00MMMH7287HZJN.pcm /tmp/pasteasfile-build/xcode-signed/SDKExplicitPrecompiledModules/DiskArbitration-7JMJ1IJEU697NOLL6RZHA3TC5.pcm /tmp/pasteasfile-build/xcode-signed/SDKExplicitPrecompiledModules/_Builtin_stdatomic-EU0BR9J7Y6Y58BNOKZMUOP1MS.pcm /tmp/pasteasfile-build/xcode-signed/SDKExplicitPrecompiledModules/CoreServices-4PWAVJFVBR02FI0JCI94K9JM3.pcm /tmp/pasteasfile-build/xcode-signed/SDKExplicitPrecompiledModules/Symbols-BMOZ5G2OIH1MEB1WXD8NABM7.pcm /tmp/pasteasfile-build/xcode-signed/SDKExplicitPrecompiledModules/os_object-5VXH31BNKHKZBZ75JSSEYWOC.pcm /tmp/pasteasfile-build/xcode-signed/SDKExplicitPrecompiledModules/Metal-CF5Z4MVR4LKRNJ2WVIV0PRAMY.pcm /tmp/pasteasfile-build/xcode-signed/SDKExplicitPrecompiledModules/sys_types-AOCMUBTZ9TZKQ7F4P4CJFM1KH.pcm /tmp/pasteasfile-build/xcode-signed/SDKExplicitPrecompiledModules/CoreTransferable-ELVHO9TY8D09642ZHW4009G6D.pcm /tmp/pasteasfile-build/xcode-signed/SDKExplicitPrecompiledModules/_Builtin_inttypes-89C00MECDZLBR26A3KX7XMFG3.pcm /tmp/pasteasfile-build/xcode-signed/SDKExplicitPrecompiledModules/string_h-CL7VQ9HS5U9WL8VGOWUQKYL15.pcm /tmp/pasteasfile-build/xcode-signed/SDKExplicitPrecompiledModules/XPC-APPGZ6UY2A76VF9S6ZD8B74SK.pcm /tmp/pasteasfile-build/xcode-signed/SDKExplicitPrecompiledModules/SwiftUICore-64OEHMRFUQNVT0KCJYS1ZVOHD.pcm /tmp/pasteasfile-build/xcode-signed/SDKExplicitPrecompiledModules/Dispatch-BOO8TI3HBJN920D9TAKIUDNWI.pcm /tmp/pasteasfile-build/xcode-signed/SDKExplicitPrecompiledModules/_SwiftConcurrencyShims-DHIJFXVXR5WRG1Q9BVWUSS8S6.pcm /tmp/pasteasfile-build/xcode-signed/SDKExplicitPrecompiledModules/_Builtin_limits-3OGLG8JW8W7AHA52VZ9YZ2C8H.pcm /tmp/pasteasfile-build/xcode-signed/SDKExplicitPrecompiledModules/_Builtin_intrinsics-4IOKDO7A4XX37YAAOT9S5PCBN.pcm /tmp/pasteasfile-build/xcode-signed/SDKExplicitPrecompiledModules/_DarwinFoundation1-3Y84SYIYTUXVJKXRCRIJ1J6MF.pcm /tmp/pasteasfile-build/xcode-signed/SDKExplicitPrecompiledModules/Accessibility-CQ90M6K8KWUIVDOGASR9AMJJO.pcm /tmp/pasteasfile-build/xcode-signed/SDKExplicitPrecompiledModules/_DarwinFoundation2-AK1SP8WTRSSRPCH0IKHD9XSOA.pcm /tmp/pasteasfile-build/xcode-signed/SDKExplicitPrecompiledModules/_DarwinFoundation3-73MYM1F9VL8YG07XMYWA78KAO.pcm /tmp/pasteasfile-build/xcode-signed/SDKExplicitPrecompiledModules/os-6FAOZ2JNDJF32ZF1SZ3N7MAX.pcm /tmp/pasteasfile-build/xcode-signed/SDKExplicitPrecompiledModules/CoreText-6G9LDSY7K3UVIASRVWE66R5BE.pcm /tmp/pasteasfile-build/xcode-signed/SDKExplicitPrecompiledModules/SwiftShims-59UTJWQCFO4G528U21JZ47O1B.pcm /tmp/pasteasfile-build/xcode-signed/SDKExplicitPrecompiledModules/_AvailabilityInternal-8GF8GKGUN9STWVZUZBQKLB3M2.pcm /tmp/pasteasfile-build/xcode-signed/SDKExplicitPrecompiledModules/ColorSync-8DE57XCKVPF41CCIFPXCZEZS4.pcm /tmp/pasteasfile-build/xcode-signed/SDKExplicitPrecompiledModules/ApplicationServices-C9CT05HWGKTW3KCQ6KI0TM7XO.pcm /tmp/pasteasfile-build/xcode-signed/SDKExplicitPrecompiledModules/CoreGraphics-4SZ204XPWU5AAV3ULYTURNZF2.pcm /tmp/pasteasfile-build/xcode-signed/SDKExplicitPrecompiledModules/CoreData-ETMVD34YU0S8JSZPVL19KR1Y6.pcm /tmp/pasteasfile-build/xcode-signed/SDKExplicitPrecompiledModules/QuartzCore-3QD280X4RJ2WA61CP17W5R4MN.pcm /tmp/pasteasfile-build/xcode-signed/SDKExplicitPrecompiledModules/_Builtin_float-91ZTZPPF83ISJ0QPDMNJ3Z2HR.pcm /tmp/pasteasfile-build/xcode-signed/SDKExplicitPrecompiledModules/simd-6ZCD7HZ6UDX5GPPAZGUBPKBM8.pcm /tmp/pasteasfile-build/xcode-signed/SDKExplicitPrecompiledModules/_Builtin_stdarg-6QJ6ZX52PHB28ISPHST59YEM9.pcm /tmp/pasteasfile-build/xcode-signed/SDKExplicitPrecompiledModules/OpenGL-EN4239ENG5VRZDTZFMXBAY4VL.pcm /tmp/pasteasfile-build/xcode-signed/SDKExplicitPrecompiledModules/libkern-56FZ1PFYMW4LBZVR4SDYT7Z34.pcm /tmp/pasteasfile-build/xcode-signed/SDKExplicitPrecompiledModules/ObjectiveC-3A5RXYIWNFRYBQV7HGKAOAGOG.pcm /tmp/pasteasfile-build/xcode-signed/SDKExplicitPrecompiledModules/_Builtin_stdint-1YIGMGIE00HJ2C2J94T71G45N.pcm /tmp/pasteasfile-build/xcode-signed/SDKExplicitPrecompiledModules/ImageIO-7X2ZCPMD8J7QJKX5VGMJH1U68.pcm /tmp/pasteasfile-build/xcode-signed/SDKExplicitPrecompiledModules/DeveloperToolsSupport-9FHZTRXEMKTDUWAGPQN759DIG.pcm /tmp/pasteasfile-build/xcode-signed/SDKExplicitPrecompiledModules/MachO-4U5LEVETKC24MKI9OSXY4V6RM.pcm /tmp/pasteasfile-build/xcode-signed/SDKExplicitPrecompiledModules/Darwin-7PVBBGKNGMMMY7FVNT52O72N3.pcm /tmp/pasteasfile-build/xcode-signed/SDKExplicitPrecompiledModules/CoreImage-37ZJW8976FXL8QNTXSYMA0NNE.pcm /tmp/pasteasfile-build/xcode-signed/Build/Intermediates.noindex/PasteAsFile.build/Release/PasteAsFile.build/Objects-normal/arm64/PasteAsFile-dependencies-2.json (in target 'PasteAsFile' from project 'PasteAsFile')

SwiftCompile normal arm64 (in target 'PasteAsFile' from project 'PasteAsFile')
    cd /Users/bf/Library/CloudStorage/GoogleDrive-bernynoussi@gmail.com/Mon\ Drive/Formation/Collège\ BDEB/ETE_2026/420-A60-BB\ ALGORITHMES\ D\'APPRENTISSAGE\ PROFOND/Examen\ Final/PasteAsFile
    

SwiftDriverJobDiscovery normal x86_64 Compiling AppDelegate.swift, Main.swift (in target 'PasteAsFile' from project 'PasteAsFile')

SwiftDriver\ Compilation\ Requirements PasteAsFile normal x86_64 com.apple.xcode.tools.swift.compiler (in target 'PasteAsFile' from project 'PasteAsFile')
    cd /Users/bf/Library/CloudStorage/GoogleDrive-bernynoussi@gmail.com/Mon\ Drive/Formation/Collège\ BDEB/ETE_2026/420-A60-BB\ ALGORITHMES\ D\'APPRENTISSAGE\ PROFOND/Examen\ Final/PasteAsFile
    builtin-Swift-Compilation-Requirements -- /Applications/Xcode.app/Contents/Developer/Toolchains/XcodeDefault.xctoolchain/usr/bin/swiftc -module-name PasteAsFile -O -whole-module-optimization @/tmp/pasteasfile-build/xcode-signed/Build/Intermediates.noindex/PasteAsFile.build/Release/PasteAsFile.build/Objects-normal/x86_64/PasteAsFile.SwiftFileList -enable-bare-slash-regex -enable-experimental-feature DebugDescriptionMacro -sdk /Applications/Xcode.app/Contents/Developer/Platforms/MacOSX.platform/Developer/SDKs/MacOSX27.0.sdk -target x86_64-apple-macos13.0 -g -module-cache-path /tmp/pasteasfile-build/xcode-signed/ModuleCache.noindex -Xfrontend -serialize-debugging-options -swift-version 5 -I /tmp/pasteasfile-build/xcode-signed/Build/Products/Release -F /tmp/pasteasfile-build/xcode-signed/Build/Products/Release -emit-localized-strings -emit-localized-strings-path /tmp/pasteasfile-build/xcode-signed/Build/Intermediates.noindex/PasteAsFile.build/Release/PasteAsFile.build/Objects-normal/x86_64 -c -num-threads 16 -Xcc -ivfsstatcache -Xcc /tmp/pasteasfile-build/xcode-signed/SDKStatCaches.noindex/macosx27.0-26A425-7231f6df4def33e022ae2eb8f782df1a.sdkstatcache -output-file-map /tmp/pasteasfile-build/xcode-signed/Build/Intermediates.noindex/PasteAsFile.build/Release/PasteAsFile.build/Objects-normal/x86_64/PasteAsFile-OutputFileMap.json -save-temps -no-color-diagnostics -explicit-module-build -module-cache-path /tmp/pasteasfile-build/xcode-signed/Build/Intermediates.noindex/SwiftExplicitPrecompiledModules -clang-scanner-module-cache-path /tmp/pasteasfile-build/xcode-signed/ModuleCache.noindex -sdk-module-cache-path /tmp/pasteasfile-build/xcode-signed/SDKExplicitPrecompiledModules -emit-dependencies -emit-module -emit-module-path /tmp/pasteasfile-build/xcode-signed/Build/Intermediates.noindex/PasteAsFile.build/Release/PasteAsFile.build/Objects-normal/x86_64/PasteAsFile.swiftmodule -serialize-diagnostics -dependency-scan-serialize-diagnostics-path /tmp/pasteasfile-build/xcode-signed/Build/Intermediates.noindex/PasteAsFile.build/Release/PasteAsFile.build/Objects-normal/x86_64/PasteAsFile-dependency-scan.dia -validate-clang-modules-once -clang-build-session-file /tmp/pasteasfile-build/xcode-signed/ModuleCache.noindex/Session.modulevalidation -Xcc -fmodules-prune-interval\=86400 -Xcc -fmodules-prune-after\=345600 -emit-const-values -const-gather-protocols-list /tmp/pasteasfile-build/xcode-signed/Build/Intermediates.noindex/PasteAsFile.build/Release/PasteAsFile.build/Objects-normal/x86_64/PasteAsFile_const_extract_protocols.json -Xcc -iquote -Xcc /tmp/pasteasfile-build/xcode-signed/Build/Intermediates.noindex/PasteAsFile.build/Release/PasteAsFile.build/PasteAsFile-generated-files.hmap -Xcc -I/tmp/pasteasfile-build/xcode-signed/Build/Intermediates.noindex/PasteAsFile.build/Release/PasteAsFile.build/PasteAsFile-own-target-headers.hmap -Xcc -I/tmp/pasteasfile-build/xcode-signed/Build/Intermediates.noindex/PasteAsFile.build/Release/PasteAsFile.build/PasteAsFile-all-target-headers.hmap -Xcc -iquote -Xcc /tmp/pasteasfile-build/xcode-signed/Build/Intermediates.noindex/PasteAsFile.build/Release/PasteAsFile.build/PasteAsFile-project-headers.hmap -Xcc -I/tmp/pasteasfile-build/xcode-signed/Build/Products/Release/include -Xcc -I/tmp/pasteasfile-build/xcode-signed/Build/Intermediates.noindex/PasteAsFile.build/Release/PasteAsFile.build/DerivedSources-normal/x86_64 -Xcc -I/tmp/pasteasfile-build/xcode-signed/Build/Intermediates.noindex/PasteAsFile.build/Release/PasteAsFile.build/DerivedSources/x86_64 -Xcc -I/tmp/pasteasfile-build/xcode-signed/Build/Intermediates.noindex/PasteAsFile.build/Release/PasteAsFile.build/DerivedSources -emit-objc-header -emit-objc-header-path /tmp/pasteasfile-build/xcode-signed/Build/Intermediates.noindex/PasteAsFile.build/Release/PasteAsFile.build/Objects-normal/x86_64/PasteAsFile-Swift.h -working-directory /Users/bf/Library/CloudStorage/GoogleDrive-bernynoussi@gmail.com/Mon\ Drive/Formation/Collège\ BDEB/ETE_2026/420-A60-BB\ ALGORITHMES\ D\'APPRENTISSAGE\ PROFOND/Examen\ Final/PasteAsFile -no-emit-module-separately-wmo

Copy /tmp/pasteasfile-build/xcode-signed/Build/Products/Release/PasteAsFile.swiftmodule/x86_64-apple-macos.swiftmodule /tmp/pasteasfile-build/xcode-signed/Build/Intermediates.noindex/PasteAsFile.build/Release/PasteAsFile.build/Objects-normal/x86_64/PasteAsFile.swiftmodule (in target 'PasteAsFile' from project 'PasteAsFile')
    cd /Users/bf/Library/CloudStorage/GoogleDrive-bernynoussi@gmail.com/Mon\ Drive/Formation/Collège\ BDEB/ETE_2026/420-A60-BB\ ALGORITHMES\ D\'APPRENTISSAGE\ PROFOND/Examen\ Final/PasteAsFile
    builtin-copy -exclude .DS_Store -exclude CVS -exclude .svn -exclude .git -exclude .hg -resolve-src-symlinks -rename /tmp/pasteasfile-build/xcode-signed/Build/Intermediates.noindex/PasteAsFile.build/Release/PasteAsFile.build/Objects-normal/x86_64/PasteAsFile.swiftmodule /tmp/pasteasfile-build/xcode-signed/Build/Products/Release/PasteAsFile.swiftmodule/x86_64-apple-macos.swiftmodule

Copy /tmp/pasteasfile-build/xcode-signed/Build/Products/Release/PasteAsFile.swiftmodule/x86_64-apple-macos.abi.json /tmp/pasteasfile-build/xcode-signed/Build/Intermediates.noindex/PasteAsFile.build/Release/PasteAsFile.build/Objects-normal/x86_64/PasteAsFile.abi.json (in target 'PasteAsFile' from project 'PasteAsFile')
    cd /Users/bf/Library/CloudStorage/GoogleDrive-bernynoussi@gmail.com/Mon\ Drive/Formation/Collège\ BDEB/ETE_2026/420-A60-BB\ ALGORITHMES\ D\'APPRENTISSAGE\ PROFOND/Examen\ Final/PasteAsFile
    builtin-copy -exclude .DS_Store -exclude CVS -exclude .svn -exclude .git -exclude .hg -resolve-src-symlinks -rename /tmp/pasteasfile-build/xcode-signed/Build/Intermediates.noindex/PasteAsFile.build/Release/PasteAsFile.build/Objects-normal/x86_64/PasteAsFile.abi.json /tmp/pasteasfile-build/xcode-signed/Build/Products/Release/PasteAsFile.swiftmodule/x86_64-apple-macos.abi.json

Copy /tmp/pasteasfile-build/xcode-signed/Build/Products/Release/PasteAsFile.swiftmodule/x86_64-apple-macos.swiftdoc /tmp/pasteasfile-build/xcode-signed/Build/Intermediates.noindex/PasteAsFile.build/Release/PasteAsFile.build/Objects-normal/x86_64/PasteAsFile.swiftdoc (in target 'PasteAsFile' from project 'PasteAsFile')
    cd /Users/bf/Library/CloudStorage/GoogleDrive-bernynoussi@gmail.com/Mon\ Drive/Formation/Collège\ BDEB/ETE_2026/420-A60-BB\ ALGORITHMES\ D\'APPRENTISSAGE\ PROFOND/Examen\ Final/PasteAsFile
    builtin-copy -exclude .DS_Store -exclude CVS -exclude .svn -exclude .git -exclude .hg -resolve-src-symlinks -rename /tmp/pasteasfile-build/xcode-signed/Build/Intermediates.noindex/PasteAsFile.build/Release/PasteAsFile.build/Objects-normal/x86_64/PasteAsFile.swiftdoc /tmp/pasteasfile-build/xcode-signed/Build/Products/Release/PasteAsFile.swiftmodule/x86_64-apple-macos.swiftdoc

Copy /tmp/pasteasfile-build/xcode-signed/Build/Products/Release/PasteAsFile.swiftmodule/Project/x86_64-apple-macos.swiftsourceinfo /tmp/pasteasfile-build/xcode-signed/Build/Intermediates.noindex/PasteAsFile.build/Release/PasteAsFile.build/Objects-normal/x86_64/PasteAsFile.swiftsourceinfo (in target 'PasteAsFile' from project 'PasteAsFile')
    cd /Users/bf/Library/CloudStorage/GoogleDrive-bernynoussi@gmail.com/Mon\ Drive/Formation/Collège\ BDEB/ETE_2026/420-A60-BB\ ALGORITHMES\ D\'APPRENTISSAGE\ PROFOND/Examen\ Final/PasteAsFile
    builtin-copy -exclude .DS_Store -exclude CVS -exclude .svn -exclude .git -exclude .hg -resolve-src-symlinks -rename /tmp/pasteasfile-build/xcode-signed/Build/Intermediates.noindex/PasteAsFile.build/Release/PasteAsFile.build/Objects-normal/x86_64/PasteAsFile.swiftsourceinfo /tmp/pasteasfile-build/xcode-signed/Build/Products/Release/PasteAsFile.swiftmodule/Project/x86_64-apple-macos.swiftsourceinfo

SwiftDriverJobDiscovery normal arm64 Compiling AppDelegate.swift, Main.swift (in target 'PasteAsFile' from project 'PasteAsFile')

SwiftDriver\ Compilation\ Requirements PasteAsFile normal arm64 com.apple.xcode.tools.swift.compiler (in target 'PasteAsFile' from project 'PasteAsFile')
    cd /Users/bf/Library/CloudStorage/GoogleDrive-bernynoussi@gmail.com/Mon\ Drive/Formation/Collège\ BDEB/ETE_2026/420-A60-BB\ ALGORITHMES\ D\'APPRENTISSAGE\ PROFOND/Examen\ Final/PasteAsFile
    builtin-Swift-Compilation-Requirements -- /Applications/Xcode.app/Contents/Developer/Toolchains/XcodeDefault.xctoolchain/usr/bin/swiftc -module-name PasteAsFile -O -whole-module-optimization @/tmp/pasteasfile-build/xcode-signed/Build/Intermediates.noindex/PasteAsFile.build/Release/PasteAsFile.build/Objects-normal/arm64/PasteAsFile.SwiftFileList -enable-bare-slash-regex -enable-experimental-feature DebugDescriptionMacro -sdk /Applications/Xcode.app/Contents/Developer/Platforms/MacOSX.platform/Developer/SDKs/MacOSX27.0.sdk -target arm64-apple-macos13.0 -g -module-cache-path /tmp/pasteasfile-build/xcode-signed/ModuleCache.noindex -Xfrontend -serialize-debugging-options -swift-version 5 -I /tmp/pasteasfile-build/xcode-signed/Build/Products/Release -F /tmp/pasteasfile-build/xcode-signed/Build/Products/Release -emit-localized-strings -emit-localized-strings-path /tmp/pasteasfile-build/xcode-signed/Build/Intermediates.noindex/PasteAsFile.build/Release/PasteAsFile.build/Objects-normal/arm64 -c -num-threads 16 -Xcc -ivfsstatcache -Xcc /tmp/pasteasfile-build/xcode-signed/SDKStatCaches.noindex/macosx27.0-26A425-7231f6df4def33e022ae2eb8f782df1a.sdkstatcache -output-file-map /tmp/pasteasfile-build/xcode-signed/Build/Intermediates.noindex/PasteAsFile.build/Release/PasteAsFile.build/Objects-normal/arm64/PasteAsFile-OutputFileMap.json -save-temps -no-color-diagnostics -explicit-module-build -module-cache-path /tmp/pasteasfile-build/xcode-signed/Build/Intermediates.noindex/SwiftExplicitPrecompiledModules -clang-scanner-module-cache-path /tmp/pasteasfile-build/xcode-signed/ModuleCache.noindex -sdk-module-cache-path /tmp/pasteasfile-build/xcode-signed/SDKExplicitPrecompiledModules -emit-dependencies -emit-module -emit-module-path /tmp/pasteasfile-build/xcode-signed/Build/Intermediates.noindex/PasteAsFile.build/Release/PasteAsFile.build/Objects-normal/arm64/PasteAsFile.swiftmodule -serialize-diagnostics -dependency-scan-serialize-diagnostics-path /tmp/pasteasfile-build/xcode-signed/Build/Intermediates.noindex/PasteAsFile.build/Release/PasteAsFile.build/Objects-normal/arm64/PasteAsFile-dependency-scan.dia -validate-clang-modules-once -clang-build-session-file /tmp/pasteasfile-build/xcode-signed/ModuleCache.noindex/Session.modulevalidation -Xcc -fmodules-prune-interval\=86400 -Xcc -fmodules-prune-after\=345600 -emit-const-values -const-gather-protocols-list /tmp/pasteasfile-build/xcode-signed/Build/Intermediates.noindex/PasteAsFile.build/Release/PasteAsFile.build/Objects-normal/arm64/PasteAsFile_const_extract_protocols.json -Xcc -iquote -Xcc /tmp/pasteasfile-build/xcode-signed/Build/Intermediates.noindex/PasteAsFile.build/Release/PasteAsFile.build/PasteAsFile-generated-files.hmap -Xcc -I/tmp/pasteasfile-build/xcode-signed/Build/Intermediates.noindex/PasteAsFile.build/Release/PasteAsFile.build/PasteAsFile-own-target-headers.hmap -Xcc -I/tmp/pasteasfile-build/xcode-signed/Build/Intermediates.noindex/PasteAsFile.build/Release/PasteAsFile.build/PasteAsFile-all-target-headers.hmap -Xcc -iquote -Xcc /tmp/pasteasfile-build/xcode-signed/Build/Intermediates.noindex/PasteAsFile.build/Release/PasteAsFile.build/PasteAsFile-project-headers.hmap -Xcc -I/tmp/pasteasfile-build/xcode-signed/Build/Products/Release/include -Xcc -I/tmp/pasteasfile-build/xcode-signed/Build/Intermediates.noindex/PasteAsFile.build/Release/PasteAsFile.build/DerivedSources-normal/arm64 -Xcc -I/tmp/pasteasfile-build/xcode-signed/Build/Intermediates.noindex/PasteAsFile.build/Release/PasteAsFile.build/DerivedSources/arm64 -Xcc -I/tmp/pasteasfile-build/xcode-signed/Build/Intermediates.noindex/PasteAsFile.build/Release/PasteAsFile.build/DerivedSources -emit-objc-header -emit-objc-header-path /tmp/pasteasfile-build/xcode-signed/Build/Intermediates.noindex/PasteAsFile.build/Release/PasteAsFile.build/Objects-normal/arm64/PasteAsFile-Swift.h -working-directory /Users/bf/Library/CloudStorage/GoogleDrive-bernynoussi@gmail.com/Mon\ Drive/Formation/Collège\ BDEB/ETE_2026/420-A60-BB\ ALGORITHMES\ D\'APPRENTISSAGE\ PROFOND/Examen\ Final/PasteAsFile -no-emit-module-separately-wmo

SwiftMergeGeneratedHeaders /tmp/pasteasfile-build/xcode-signed/Build/Intermediates.noindex/PasteAsFile.build/Release/PasteAsFile.build/DerivedSources/PasteAsFile-Swift.h /tmp/pasteasfile-build/xcode-signed/Build/Intermediates.noindex/PasteAsFile.build/Release/PasteAsFile.build/Objects-normal/arm64/PasteAsFile-Swift.h /tmp/pasteasfile-build/xcode-signed/Build/Intermediates.noindex/PasteAsFile.build/Release/PasteAsFile.build/Objects-normal/x86_64/PasteAsFile-Swift.h (in target 'PasteAsFile' from project 'PasteAsFile')
    cd /Users/bf/Library/CloudStorage/GoogleDrive-bernynoussi@gmail.com/Mon\ Drive/Formation/Collège\ BDEB/ETE_2026/420-A60-BB\ ALGORITHMES\ D\'APPRENTISSAGE\ PROFOND/Examen\ Final/PasteAsFile
    builtin-swiftHeaderTool -arch arm64 /tmp/pasteasfile-build/xcode-signed/Build/Intermediates.noindex/PasteAsFile.build/Release/PasteAsFile.build/Objects-normal/arm64/PasteAsFile-Swift.h -arch x86_64 /tmp/pasteasfile-build/xcode-signed/Build/Intermediates.noindex/PasteAsFile.build/Release/PasteAsFile.build/Objects-normal/x86_64/PasteAsFile-Swift.h -o /tmp/pasteasfile-build/xcode-signed/Build/Intermediates.noindex/PasteAsFile.build/Release/PasteAsFile.build/DerivedSources/PasteAsFile-Swift.h

Copy /tmp/pasteasfile-build/xcode-signed/Build/Products/Release/PasteAsFile.swiftmodule/arm64-apple-macos.swiftmodule /tmp/pasteasfile-build/xcode-signed/Build/Intermediates.noindex/PasteAsFile.build/Release/PasteAsFile.build/Objects-normal/arm64/PasteAsFile.swiftmodule (in target 'PasteAsFile' from project 'PasteAsFile')
    cd /Users/bf/Library/CloudStorage/GoogleDrive-bernynoussi@gmail.com/Mon\ Drive/Formation/Collège\ BDEB/ETE_2026/420-A60-BB\ ALGORITHMES\ D\'APPRENTISSAGE\ PROFOND/Examen\ Final/PasteAsFile
    builtin-copy -exclude .DS_Store -exclude CVS -exclude .svn -exclude .git -exclude .hg -resolve-src-symlinks -rename /tmp/pasteasfile-build/xcode-signed/Build/Intermediates.noindex/PasteAsFile.build/Release/PasteAsFile.build/Objects-normal/arm64/PasteAsFile.swiftmodule /tmp/pasteasfile-build/xcode-signed/Build/Products/Release/PasteAsFile.swiftmodule/arm64-apple-macos.swiftmodule

Copy /tmp/pasteasfile-build/xcode-signed/Build/Products/Release/PasteAsFile.swiftmodule/arm64-apple-macos.swiftdoc /tmp/pasteasfile-build/xcode-signed/Build/Intermediates.noindex/PasteAsFile.build/Release/PasteAsFile.build/Objects-normal/arm64/PasteAsFile.swiftdoc (in target 'PasteAsFile' from project 'PasteAsFile')
    cd /Users/bf/Library/CloudStorage/GoogleDrive-bernynoussi@gmail.com/Mon\ Drive/Formation/Collège\ BDEB/ETE_2026/420-A60-BB\ ALGORITHMES\ D\'APPRENTISSAGE\ PROFOND/Examen\ Final/PasteAsFile
    builtin-copy -exclude .DS_Store -exclude CVS -exclude .svn -exclude .git -exclude .hg -resolve-src-symlinks -rename /tmp/pasteasfile-build/xcode-signed/Build/Intermediates.noindex/PasteAsFile.build/Release/PasteAsFile.build/Objects-normal/arm64/PasteAsFile.swiftdoc /tmp/pasteasfile-build/xcode-signed/Build/Products/Release/PasteAsFile.swiftmodule/arm64-apple-macos.swiftdoc

Copy /tmp/pasteasfile-build/xcode-signed/Build/Products/Release/PasteAsFile.swiftmodule/arm64-apple-macos.abi.json /tmp/pasteasfile-build/xcode-signed/Build/Intermediates.noindex/PasteAsFile.build/Release/PasteAsFile.build/Objects-normal/arm64/PasteAsFile.abi.json (in target 'PasteAsFile' from project 'PasteAsFile')
    cd /Users/bf/Library/CloudStorage/GoogleDrive-bernynoussi@gmail.com/Mon\ Drive/Formation/Collège\ BDEB/ETE_2026/420-A60-BB\ ALGORITHMES\ D\'APPRENTISSAGE\ PROFOND/Examen\ Final/PasteAsFile
    builtin-copy -exclude .DS_Store -exclude CVS -exclude .svn -exclude .git -exclude .hg -resolve-src-symlinks -rename /tmp/pasteasfile-build/xcode-signed/Build/Intermediates.noindex/PasteAsFile.build/Release/PasteAsFile.build/Objects-normal/arm64/PasteAsFile.abi.json /tmp/pasteasfile-build/xcode-signed/Build/Products/Release/PasteAsFile.swiftmodule/arm64-apple-macos.abi.json

Copy /tmp/pasteasfile-build/xcode-signed/Build/Products/Release/PasteAsFile.swiftmodule/Project/arm64-apple-macos.swiftsourceinfo /tmp/pasteasfile-build/xcode-signed/Build/Intermediates.noindex/PasteAsFile.build/Release/PasteAsFile.build/Objects-normal/arm64/PasteAsFile.swiftsourceinfo (in target 'PasteAsFile' from project 'PasteAsFile')
    cd /Users/bf/Library/CloudStorage/GoogleDrive-bernynoussi@gmail.com/Mon\ Drive/Formation/Collège\ BDEB/ETE_2026/420-A60-BB\ ALGORITHMES\ D\'APPRENTISSAGE\ PROFOND/Examen\ Final/PasteAsFile
    builtin-copy -exclude .DS_Store -exclude CVS -exclude .svn -exclude .git -exclude .hg -resolve-src-symlinks -rename /tmp/pasteasfile-build/xcode-signed/Build/Intermediates.noindex/PasteAsFile.build/Release/PasteAsFile.build/Objects-normal/arm64/PasteAsFile.swiftsourceinfo /tmp/pasteasfile-build/xcode-signed/Build/Products/Release/PasteAsFile.swiftmodule/Project/arm64-apple-macos.swiftsourceinfo

Ld /tmp/pasteasfile-build/xcode-signed/Build/Intermediates.noindex/PasteAsFile.build/Release/PasteAsFile.build/Objects-normal/arm64/Binary/PasteAsFile normal arm64 (in target 'PasteAsFile' from project 'PasteAsFile')
    cd /Users/bf/Library/CloudStorage/GoogleDrive-bernynoussi@gmail.com/Mon\ Drive/Formation/Collège\ BDEB/ETE_2026/420-A60-BB\ ALGORITHMES\ D\'APPRENTISSAGE\ PROFOND/Examen\ Final/PasteAsFile
    /Applications/Xcode.app/Contents/Developer/Toolchains/XcodeDefault.xctoolchain/usr/bin/clang -Xlinker -reproducible -target arm64-apple-macos13.0 -isysroot /Applications/Xcode.app/Contents/Developer/Platforms/MacOSX.platform/Developer/SDKs/MacOSX27.0.sdk -Os -Xlinker -no_warn_duplicate_libraries -L/tmp/pasteasfile-build/xcode-signed/Build/Intermediates.noindex/EagerLinkingTBDs/Release -L/tmp/pasteasfile-build/xcode-signed/Build/Products/Release -F/tmp/pasteasfile-build/xcode-signed/Build/Intermediates.noindex/EagerLinkingTBDs/Release -F/tmp/pasteasfile-build/xcode-signed/Build/Products/Release -filelist /tmp/pasteasfile-build/xcode-signed/Build/Intermediates.noindex/PasteAsFile.build/Release/PasteAsFile.build/Objects-normal/arm64/PasteAsFile.LinkFileList -Xlinker -rpath -Xlinker /usr/lib/swift -Xlinker -rpath -Xlinker @executable_path/../Frameworks -Xlinker -object_path_lto -Xlinker /tmp/pasteasfile-build/xcode-signed/Build/Intermediates.noindex/PasteAsFile.build/Release/PasteAsFile.build/Objects-normal/arm64/PasteAsFile_lto.o -Xlinker -dependency_info -Xlinker /tmp/pasteasfile-build/xcode-signed/Build/Intermediates.noindex/PasteAsFile.build/Release/PasteAsFile.build/Objects-normal/arm64/PasteAsFile_dependency_info.dat -fobjc-link-runtime -L/Applications/Xcode.app/Contents/Developer/Toolchains/XcodeDefault.xctoolchain/usr/lib/swift/macosx -L/usr/lib/swift -Xlinker -add_ast_path -Xlinker /tmp/pasteasfile-build/xcode-signed/Build/Intermediates.noindex/PasteAsFile.build/Release/PasteAsFile.build/Objects-normal/arm64/PasteAsFile.swiftmodule -framework Cocoa -Xlinker -no_adhoc_codesign -o /tmp/pasteasfile-build/xcode-signed/Build/Intermediates.noindex/PasteAsFile.build/Release/PasteAsFile.build/Objects-normal/arm64/Binary/PasteAsFile

Ld /tmp/pasteasfile-build/xcode-signed/Build/Intermediates.noindex/PasteAsFile.build/Release/PasteAsFile.build/Objects-normal/x86_64/Binary/PasteAsFile normal x86_64 (in target 'PasteAsFile' from project 'PasteAsFile')
    cd /Users/bf/Library/CloudStorage/GoogleDrive-bernynoussi@gmail.com/Mon\ Drive/Formation/Collège\ BDEB/ETE_2026/420-A60-BB\ ALGORITHMES\ D\'APPRENTISSAGE\ PROFOND/Examen\ Final/PasteAsFile
    /Applications/Xcode.app/Contents/Developer/Toolchains/XcodeDefault.xctoolchain/usr/bin/clang -Xlinker -reproducible -target x86_64-apple-macos13.0 -isysroot /Applications/Xcode.app/Contents/Developer/Platforms/MacOSX.platform/Developer/SDKs/MacOSX27.0.sdk -Os -Xlinker -no_warn_duplicate_libraries -L/tmp/pasteasfile-build/xcode-signed/Build/Intermediates.noindex/EagerLinkingTBDs/Release -L/tmp/pasteasfile-build/xcode-signed/Build/Products/Release -F/tmp/pasteasfile-build/xcode-signed/Build/Intermediates.noindex/EagerLinkingTBDs/Release -F/tmp/pasteasfile-build/xcode-signed/Build/Products/Release -filelist /tmp/pasteasfile-build/xcode-signed/Build/Intermediates.noindex/PasteAsFile.build/Release/PasteAsFile.build/Objects-normal/x86_64/PasteAsFile.LinkFileList -Xlinker -rpath -Xlinker /usr/lib/swift -Xlinker -rpath -Xlinker @executable_path/../Frameworks -Xlinker -object_path_lto -Xlinker /tmp/pasteasfile-build/xcode-signed/Build/Intermediates.noindex/PasteAsFile.build/Release/PasteAsFile.build/Objects-normal/x86_64/PasteAsFile_lto.o -Xlinker -dependency_info -Xlinker /tmp/pasteasfile-build/xcode-signed/Build/Intermediates.noindex/PasteAsFile.build/Release/PasteAsFile.build/Objects-normal/x86_64/PasteAsFile_dependency_info.dat -fobjc-link-runtime -L/Applications/Xcode.app/Contents/Developer/Toolchains/XcodeDefault.xctoolchain/usr/lib/swift/macosx -L/usr/lib/swift -Xlinker -add_ast_path -Xlinker /tmp/pasteasfile-build/xcode-signed/Build/Intermediates.noindex/PasteAsFile.build/Release/PasteAsFile.build/Objects-normal/x86_64/PasteAsFile.swiftmodule -framework Cocoa -Xlinker -no_adhoc_codesign -o /tmp/pasteasfile-build/xcode-signed/Build/Intermediates.noindex/PasteAsFile.build/Release/PasteAsFile.build/Objects-normal/x86_64/Binary/PasteAsFile

CreateUniversalBinary /tmp/pasteasfile-build/xcode-signed/Build/Products/Release/PasteAsFile.app/Contents/MacOS/PasteAsFile normal arm64\ x86_64 (in target 'PasteAsFile' from project 'PasteAsFile')
    cd /Users/bf/Library/CloudStorage/GoogleDrive-bernynoussi@gmail.com/Mon\ Drive/Formation/Collège\ BDEB/ETE_2026/420-A60-BB\ ALGORITHMES\ D\'APPRENTISSAGE\ PROFOND/Examen\ Final/PasteAsFile
    /Applications/Xcode.app/Contents/Developer/Toolchains/XcodeDefault.xctoolchain/usr/bin/lipo -create /tmp/pasteasfile-build/xcode-signed/Build/Intermediates.noindex/PasteAsFile.build/Release/PasteAsFile.build/Objects-normal/arm64/Binary/PasteAsFile /tmp/pasteasfile-build/xcode-signed/Build/Intermediates.noindex/PasteAsFile.build/Release/PasteAsFile.build/Objects-normal/x86_64/Binary/PasteAsFile -output /tmp/pasteasfile-build/xcode-signed/Build/Products/Release/PasteAsFile.app/Contents/MacOS/PasteAsFile

Copy /tmp/pasteasfile-build/xcode-signed/Build/Products/Release/PasteAsFile.app/Contents/PlugIns/PasteAsFileFinder.appex /tmp/pasteasfile-build/xcode-signed/Build/Products/Release/PasteAsFileFinder.appex (in target 'PasteAsFile' from project 'PasteAsFile')
    cd /Users/bf/Library/CloudStorage/GoogleDrive-bernynoussi@gmail.com/Mon\ Drive/Formation/Collège\ BDEB/ETE_2026/420-A60-BB\ ALGORITHMES\ D\'APPRENTISSAGE\ PROFOND/Examen\ Final/PasteAsFile
    builtin-copy -exclude .DS_Store -exclude CVS -exclude .svn -exclude .git -exclude .hg -resolve-src-symlinks -remove-static-executable /tmp/pasteasfile-build/xcode-signed/Build/Products/Release/PasteAsFileFinder.appex /tmp/pasteasfile-build/xcode-signed/Build/Products/Release/PasteAsFile.app/Contents/PlugIns

ProcessInfoPlistFile /tmp/pasteasfile-build/xcode-signed/Build/Products/Release/PasteAsFile.app/Contents/Info.plist /Users/bf/Library/CloudStorage/GoogleDrive-bernynoussi@gmail.com/Mon\ Drive/Formation/Collège\ BDEB/ETE_2026/420-A60-BB\ ALGORITHMES\ D\'APPRENTISSAGE\ PROFOND/Examen\ Final/PasteAsFile/PasteAsFile/Info.plist (in target 'PasteAsFile' from project 'PasteAsFile')
    cd /Users/bf/Library/CloudStorage/GoogleDrive-bernynoussi@gmail.com/Mon\ Drive/Formation/Collège\ BDEB/ETE_2026/420-A60-BB\ ALGORITHMES\ D\'APPRENTISSAGE\ PROFOND/Examen\ Final/PasteAsFile
    builtin-infoPlistUtility /Users/bf/Library/CloudStorage/GoogleDrive-bernynoussi@gmail.com/Mon\ Drive/Formation/Collège\ BDEB/ETE_2026/420-A60-BB\ ALGORITHMES\ D\'APPRENTISSAGE\ PROFOND/Examen\ Final/PasteAsFile/PasteAsFile/Info.plist -producttype com.apple.product-type.application -genpkginfo /tmp/pasteasfile-build/xcode-signed/Build/Products/Release/PasteAsFile.app/Contents/PkgInfo -expandbuildsettings -platform macosx -scanforprivacyfile /tmp/pasteasfile-build/xcode-signed/Build/Products/Release/PasteAsFile.app/Contents/PlugIns/PasteAsFileFinder.appex -o /tmp/pasteasfile-build/xcode-signed/Build/Products/Release/PasteAsFile.app/Contents/Info.plist

CopySwiftLibs /tmp/pasteasfile-build/xcode-signed/Build/Products/Release/PasteAsFile.app (in target 'PasteAsFile' from project 'PasteAsFile')
    cd /Users/bf/Library/CloudStorage/GoogleDrive-bernynoussi@gmail.com/Mon\ Drive/Formation/Collège\ BDEB/ETE_2026/420-A60-BB\ ALGORITHMES\ D\'APPRENTISSAGE\ PROFOND/Examen\ Final/PasteAsFile
    builtin-swiftStdLibTool --copy --verbose --sign 3ED1F3250F80E833F8B41E7E0F8980533CC0B5E1 --scan-executable /tmp/pasteasfile-build/xcode-signed/Build/Products/Release/PasteAsFile.app/Contents/MacOS/PasteAsFile --scan-folder /tmp/pasteasfile-build/xcode-signed/Build/Products/Release/PasteAsFile.app/Contents/Frameworks --scan-folder /tmp/pasteasfile-build/xcode-signed/Build/Products/Release/PasteAsFile.app/Contents/PlugIns --scan-folder /tmp/pasteasfile-build/xcode-signed/Build/Products/Release/PasteAsFile.app/Contents/Library/SystemExtensions --scan-folder /tmp/pasteasfile-build/xcode-signed/Build/Products/Release/PasteAsFile.app/Contents/Extensions --scan-folder /Applications/Xcode.app/Contents/Developer/Platforms/MacOSX.platform/Developer/SDKs/MacOSX26.0.sdk/System/Library/Frameworks/Cocoa.framework --platform macosx --toolchain /Applications/Xcode.app/Contents/Developer/Toolchains/XcodeDefault.xctoolchain --destination /tmp/pasteasfile-build/xcode-signed/Build/Products/Release/PasteAsFile.app/Contents/Frameworks --strip-bitcode --strip-bitcode-tool /Applications/Xcode.app/Contents/Developer/Toolchains/XcodeDefault.xctoolchain/usr/bin/bitcode_strip --emit-dependency-info /tmp/pasteasfile-build/xcode-signed/Build/Intermediates.noindex/PasteAsFile.build/Release/PasteAsFile.build/SwiftStdLibToolInputDependencies.dep --filter-for-swift-os --back-deploy-swift-span

ExtractAppIntentsMetadata (in target 'PasteAsFile' from project 'PasteAsFile')
    cd /Users/bf/Library/CloudStorage/GoogleDrive-bernynoussi@gmail.com/Mon\ Drive/Formation/Collège\ BDEB/ETE_2026/420-A60-BB\ ALGORITHMES\ D\'APPRENTISSAGE\ PROFOND/Examen\ Final/PasteAsFile
    /Applications/Xcode.app/Contents/Developer/Toolchains/XcodeDefault.xctoolchain/usr/bin/appintentsmetadataprocessor --toolchain-dir /Applications/Xcode.app/Contents/Developer/Toolchains/XcodeDefault.xctoolchain --module-name PasteAsFile --sdk-root /Applications/Xcode.app/Contents/Developer/Platforms/MacOSX.platform/Developer/SDKs/MacOSX27.0.sdk --xcode-version 27A266a --platform-family macOS --deployment-target 13.0 --bundle-identifier org.pasteasfile.PasteAsFile --output /tmp/pasteasfile-build/xcode-signed/Build/Products/Release/PasteAsFile.app/Contents/Resources --target-triple arm64-apple-macos13.0 --target-triple x86_64-apple-macos13.0 --binary-file /tmp/pasteasfile-build/xcode-signed/Build/Products/Release/PasteAsFile.app/Contents/MacOS/PasteAsFile --dependency-file /tmp/pasteasfile-build/xcode-signed/Build/Intermediates.noindex/PasteAsFile.build/Release/PasteAsFile.build/Objects-normal/arm64/PasteAsFile_dependency_info.dat --dependency-file /tmp/pasteasfile-build/xcode-signed/Build/Intermediates.noindex/PasteAsFile.build/Release/PasteAsFile.build/Objects-normal/x86_64/PasteAsFile_dependency_info.dat --stringsdata-file /tmp/pasteasfile-build/xcode-signed/Build/Intermediates.noindex/PasteAsFile.build/Release/PasteAsFile.build/Objects-normal/arm64/ExtractedAppShortcutsMetadata.stringsdata --stringsdata-file /tmp/pasteasfile-build/xcode-signed/Build/Intermediates.noindex/PasteAsFile.build/Release/PasteAsFile.build/Objects-normal/x86_64/ExtractedAppShortcutsMetadata.stringsdata --source-file-list /tmp/pasteasfile-build/xcode-signed/Build/Intermediates.noindex/PasteAsFile.build/Release/PasteAsFile.build/Objects-normal/arm64/PasteAsFile.SwiftFileList --source-file-list /tmp/pasteasfile-build/xcode-signed/Build/Intermediates.noindex/PasteAsFile.build/Release/PasteAsFile.build/Objects-normal/x86_64/PasteAsFile.SwiftFileList --metadata-file-list /tmp/pasteasfile-build/xcode-signed/Build/Intermediates.noindex/PasteAsFile.build/Release/PasteAsFile.build/PasteAsFile.DependencyMetadataFileList --static-metadata-file-list /tmp/pasteasfile-build/xcode-signed/Build/Intermediates.noindex/PasteAsFile.build/Release/PasteAsFile.build/PasteAsFile.DependencyStaticMetadataFileList --swift-const-vals-list /tmp/pasteasfile-build/xcode-signed/Build/Intermediates.noindex/PasteAsFile.build/Release/PasteAsFile.build/Objects-normal/arm64/PasteAsFile.SwiftConstValuesFileList --swift-const-vals-list /tmp/pasteasfile-build/xcode-signed/Build/Intermediates.noindex/PasteAsFile.build/Release/PasteAsFile.build/Objects-normal/x86_64/PasteAsFile.SwiftConstValuesFileList --compile-time-extraction --deployment-aware-processing --no-app-shortcuts-localization
2026-09-30 06:55:07.313 appintentsmetadataprocessor[97273:9260503] Starting appintentsmetadataprocessor export
2026-09-30 06:55:07.314 appintentsmetadataprocessor[97273:9260503] warning: Metadata extraction skipped, no AppIntents.framework dependency found

GenerateDSYMFile /tmp/pasteasfile-build/xcode-signed/Build/Products/Release/PasteAsFile.app.dSYM /tmp/pasteasfile-build/xcode-signed/Build/Products/Release/PasteAsFile.app/Contents/MacOS/PasteAsFile (in target 'PasteAsFile' from project 'PasteAsFile')
    cd /Users/bf/Library/CloudStorage/GoogleDrive-bernynoussi@gmail.com/Mon\ Drive/Formation/Collège\ BDEB/ETE_2026/420-A60-BB\ ALGORITHMES\ D\'APPRENTISSAGE\ PROFOND/Examen\ Final/PasteAsFile
    export PATH\=/Applications/Xcode.app/Contents/SharedFrameworks/SwiftBuild.framework/Versions/A/PlugIns/SWBBuildService.bundle/Contents/PlugIns/SWBUniversalPlatformPlugin.bundle/Contents/Frameworks/SWBUniversalPlatform.framework/Resources:/Applications/Xcode.app/Contents/Developer/Toolchains/XcodeDefault.xctoolchain/usr/bin:/Applications/Xcode.app/Contents/Developer/Toolchains/XcodeDefault.xctoolchain/usr/local/bin:/Applications/Xcode.app/Contents/Developer/Toolchains/XcodeDefault.xctoolchain/usr/libexec:/Applications/Xcode.app/Contents/Developer/Platforms/MacOSX.platform/usr/bin:/Applications/Xcode.app/Contents/Developer/Platforms/MacOSX.platform/usr/local/bin:/Applications/Xcode.app/Contents/Developer/Platforms/MacOSX.platform/Developer/usr/bin:/Applications/Xcode.app/Contents/Developer/Platforms/MacOSX.platform/Developer/usr/local/bin:/Applications/Xcode.app/Contents/Developer/usr/bin:/Applications/Xcode.app/Contents/Developer/usr/local/bin:/Users/bf/.local/bin:/usr/local/bin:/System/Cryptexes/App/usr/bin:/usr/bin:/bin:/usr/sbin:/sbin:/var/run/com.apple.security.cryptexd/codex.system/bootstrap/usr/local/bin:/var/run/com.apple.security.cryptexd/codex.system/bootstrap/usr/bin:/var/run/com.apple.security.cryptexd/codex.system/bootstrap/usr/appleinternal/bin:/pkg/env/global/bin:/Library/Apple/usr/bin:/opt/homebrew/bin:/Users/bf/bin:/Users/bf/.codex/browser-tools/bin:/Users/bf/.holo/bin:/Users/bf/.opencode/bin:/opt/homebrew/sbin:/Users/bf/.cargo/bin:/Applications/iTerm.app/Contents/Resources/utilities:/Users/bf/.orbstack/bin:/Users/bf/.dotnet:/usr/local/sbin:/Users/bf/.hermes/node/bin:/Users/bf/.hermes/node:/Users/bf/.hermes/bin
    /Applications/Xcode.app/Contents/Developer/Toolchains/XcodeDefault.xctoolchain/usr/bin/dsymutil /tmp/pasteasfile-build/xcode-signed/Build/Products/Release/PasteAsFile.app/Contents/MacOS/PasteAsFile -o /tmp/pasteasfile-build/xcode-signed/Build/Products/Release/PasteAsFile.app.dSYM

CodeSign /tmp/pasteasfile-build/xcode-signed/Build/Products/Release/PasteAsFile.app (in target 'PasteAsFile' from project 'PasteAsFile')
    cd /Users/bf/Library/CloudStorage/GoogleDrive-bernynoussi@gmail.com/Mon\ Drive/Formation/Collège\ BDEB/ETE_2026/420-A60-BB\ ALGORITHMES\ D\'APPRENTISSAGE\ PROFOND/Examen\ Final/PasteAsFile
    
    Signing Identity:     "Apple Development: <AppleID-masque> (6DF5D67K87)"
    
    /usr/bin/codesign --force --sign 3ED1F3250F80E833F8B41E7E0F8980533CC0B5E1 --entitlements /tmp/pasteasfile-build/xcode-signed/Build/Intermediates.noindex/PasteAsFile.build/Release/PasteAsFile.build/PasteAsFile.app.xcent --timestamp\=none --generate-entitlement-der /tmp/pasteasfile-build/xcode-signed/Build/Products/Release/PasteAsFile.app

ValidateEmbeddedBinary /tmp/pasteasfile-build/xcode-signed/Build/Products/Release/PasteAsFile.app/Contents/PlugIns/PasteAsFileFinder.appex (in target 'PasteAsFile' from project 'PasteAsFile')
    cd /Users/bf/Library/CloudStorage/GoogleDrive-bernynoussi@gmail.com/Mon\ Drive/Formation/Collège\ BDEB/ETE_2026/420-A60-BB\ ALGORITHMES\ D\'APPRENTISSAGE\ PROFOND/Examen\ Final/PasteAsFile
    /Applications/Xcode.app/Contents/Developer/usr/bin/embeddedBinaryValidationUtility /tmp/pasteasfile-build/xcode-signed/Build/Products/Release/PasteAsFile.app/Contents/PlugIns/PasteAsFileFinder.appex -signing-cert 3ED1F3250F80E833F8B41E7E0F8980533CC0B5E1 -info-plist-path /tmp/pasteasfile-build/xcode-signed/Build/Products/Release/PasteAsFile.app/Contents/Info.plist

RegisterExecutionPolicyException /tmp/pasteasfile-build/xcode-signed/Build/Products/Release/PasteAsFile.app (in target 'PasteAsFile' from project 'PasteAsFile')
    cd /Users/bf/Library/CloudStorage/GoogleDrive-bernynoussi@gmail.com/Mon\ Drive/Formation/Collège\ BDEB/ETE_2026/420-A60-BB\ ALGORITHMES\ D\'APPRENTISSAGE\ PROFOND/Examen\ Final/PasteAsFile
    builtin-RegisterExecutionPolicyException /tmp/pasteasfile-build/xcode-signed/Build/Products/Release/PasteAsFile.app

Validate /tmp/pasteasfile-build/xcode-signed/Build/Products/Release/PasteAsFile.app (in target 'PasteAsFile' from project 'PasteAsFile')
    cd /Users/bf/Library/CloudStorage/GoogleDrive-bernynoussi@gmail.com/Mon\ Drive/Formation/Collège\ BDEB/ETE_2026/420-A60-BB\ ALGORITHMES\ D\'APPRENTISSAGE\ PROFOND/Examen\ Final/PasteAsFile
    builtin-validationUtility /tmp/pasteasfile-build/xcode-signed/Build/Products/Release/PasteAsFile.app -no-validate-extension -infoplist-subpath Contents/Info.plist

Touch /tmp/pasteasfile-build/xcode-signed/Build/Products/Release/PasteAsFile.app (in target 'PasteAsFile' from project 'PasteAsFile')
    cd /Users/bf/Library/CloudStorage/GoogleDrive-bernynoussi@gmail.com/Mon\ Drive/Formation/Collège\ BDEB/ETE_2026/420-A60-BB\ ALGORITHMES\ D\'APPRENTISSAGE\ PROFOND/Examen\ Final/PasteAsFile
    /usr/bin/touch -c /tmp/pasteasfile-build/xcode-signed/Build/Products/Release/PasteAsFile.app

RegisterWithLaunchServices /tmp/pasteasfile-build/xcode-signed/Build/Products/Release/PasteAsFile.app (in target 'PasteAsFile' from project 'PasteAsFile')
    cd /Users/bf/Library/CloudStorage/GoogleDrive-bernynoussi@gmail.com/Mon\ Drive/Formation/Collège\ BDEB/ETE_2026/420-A60-BB\ ALGORITHMES\ D\'APPRENTISSAGE\ PROFOND/Examen\ Final/PasteAsFile
    builtin-lsregisterurl --record-path /tmp/pasteasfile-build/xcode-signed/Build/Intermediates.noindex/XCBuildData/registered-launchservices.txt -- /System/Library/Frameworks/CoreServices.framework/Versions/Current/Frameworks/LaunchServices.framework/Versions/Current/Support/lsregister -f -R -trusted /tmp/pasteasfile-build/xcode-signed/Build/Products/Release/PasteAsFile.app

PruneExplicitPrecompiledModules /tmp/pasteasfile-build/xcode-signed/Build/Intermediates.noindex/ExplicitPrecompiledModules

PruneExplicitPrecompiledModules /tmp/pasteasfile-build/xcode-signed/Build/Intermediates.noindex/SwiftExplicitPrecompiledModules

PruneExplicitPrecompiledModules /tmp/pasteasfile-build/xcode-signed/SDKExplicitPrecompiledModules

** BUILD SUCCEEDED **

--prepared:/private/tmp/pasteasfile-build/xcode-signed/Build/Products/Release/PasteAsFile.app/Contents/PlugIns/PasteAsFileFinder.appex
--validated:/private/tmp/pasteasfile-build/xcode-signed/Build/Products/Release/PasteAsFile.app/Contents/PlugIns/PasteAsFileFinder.appex
/tmp/pasteasfile-build/xcode-signed/Build/Products/Release/PasteAsFile.app: valid on disk
/tmp/pasteasfile-build/xcode-signed/Build/Products/Release/PasteAsFile.app: satisfies its Designated Requirement
TeamIdentifier=7JX62UTF63
installé : /Applications/PasteAsFile.app
étape suivante : scripts/activate-extension.sh
