Command line invocation:
    /Applications/Xcode.app/Contents/Developer/usr/bin/xcodebuild -project PasteAsFile.xcodeproj -scheme PasteAsFile -configuration Release build

--- xcodebuild: WARNING: Using the first of multiple matching destinations:
{ platform:macOS, arch:arm64, id:00006041-001C08D93EF9801C, name:My Mac }
{ platform:macOS, arch:x86_64, id:00006041-001C08D93EF9801C, name:My Mac }
{ platform:macOS, name:Any Mac }
ComputePackagePrebuildTargetDependencyGraph

Prepare packages

CreateBuildRequest

SendProjectDescription

CreateBuildOperation

ComputeTargetDependencyGraph
note: Building targets in dependency order
note: Target dependency graph (2 targets)
    Target 'PasteAsFile' in project 'PasteAsFile'
        ➜ Explicit dependency on target 'PasteAsFileFinder' in project 'PasteAsFile'
    Target 'PasteAsFileFinder' in project 'PasteAsFile' (no dependencies)

GatherProvisioningInputs

CreateBuildDescription

ExecuteExternalTool /Applications/Xcode.app/Contents/Developer/Toolchains/XcodeDefault.xctoolchain/usr/bin/clang -v -E -dM -isysroot /Applications/Xcode.app/Contents/Developer/Platforms/MacOSX.platform/Developer/SDKs/MacOSX27.0.sdk -x c -c /dev/null

ExecuteExternalTool /Applications/Xcode.app/Contents/Developer/Toolchains/XcodeDefault.xctoolchain/usr/bin/swiftc --version

ExecuteExternalTool /Applications/Xcode.app/Contents/Developer/Toolchains/XcodeDefault.xctoolchain/usr/bin/ld -version_details

Build description signature: f1eb40a837ec490aab857a383f50ec3e
Build description path: /Users/bf/Library/Developer/Xcode/DerivedData/PasteAsFile-dgpbpeznkgqoaobgpyrnpeucjuwy/Build/Intermediates.noindex/XCBuildData/f1eb40a837ec490aab857a383f50ec3e.xcbuilddata
CreateBuildDirectory /Users/bf/Library/Developer/Xcode/DerivedData/ModuleCache.noindex
    cd /Users/bf/Library/CloudStorage/GoogleDrive-bernynoussi@gmail.com/Mon\ Drive/Formation/Collège\ BDEB/ETE_2026/420-A60-BB\ ALGORITHMES\ D\'APPRENTISSAGE\ PROFOND/Examen\ Final/PasteAsFile/PasteAsFile.xcodeproj
    builtin-create-build-directory /Users/bf/Library/Developer/Xcode/DerivedData/ModuleCache.noindex

CreateBuildDirectory /Users/bf/Library/Developer/Xcode/DerivedData/SDKExplicitPrecompiledModules
    cd /Users/bf/Library/CloudStorage/GoogleDrive-bernynoussi@gmail.com/Mon\ Drive/Formation/Collège\ BDEB/ETE_2026/420-A60-BB\ ALGORITHMES\ D\'APPRENTISSAGE\ PROFOND/Examen\ Final/PasteAsFile/PasteAsFile.xcodeproj
    builtin-create-build-directory /Users/bf/Library/Developer/Xcode/DerivedData/SDKExplicitPrecompiledModules

CreateBuildDirectory /Users/bf/Library/Developer/Xcode/DerivedData/CompilationCache.noindex
    cd /Users/bf/Library/CloudStorage/GoogleDrive-bernynoussi@gmail.com/Mon\ Drive/Formation/Collège\ BDEB/ETE_2026/420-A60-BB\ ALGORITHMES\ D\'APPRENTISSAGE\ PROFOND/Examen\ Final/PasteAsFile/PasteAsFile.xcodeproj
    builtin-create-build-directory /Users/bf/Library/Developer/Xcode/DerivedData/CompilationCache.noindex

CreateBuildDirectory /Users/bf/Library/Developer/Xcode/DerivedData/PasteAsFile-dgpbpeznkgqoaobgpyrnpeucjuwy/Build/Products
    cd /Users/bf/Library/CloudStorage/GoogleDrive-bernynoussi@gmail.com/Mon\ Drive/Formation/Collège\ BDEB/ETE_2026/420-A60-BB\ ALGORITHMES\ D\'APPRENTISSAGE\ PROFOND/Examen\ Final/PasteAsFile/PasteAsFile.xcodeproj
    builtin-create-build-directory /Users/bf/Library/Developer/Xcode/DerivedData/PasteAsFile-dgpbpeznkgqoaobgpyrnpeucjuwy/Build/Products

ClangStatCache /Applications/Xcode.app/Contents/Developer/Toolchains/XcodeDefault.xctoolchain/usr/bin/clang-stat-cache /Applications/Xcode.app/Contents/Developer/Platforms/MacOSX.platform/Developer/SDKs/MacOSX27.0.sdk /Users/bf/Library/Developer/Xcode/DerivedData/SDKStatCaches.noindex/macosx27.0-26A425-7231f6df4def33e022ae2eb8f782df1a.sdkstatcache
    cd /Users/bf/Library/CloudStorage/GoogleDrive-bernynoussi@gmail.com/Mon\ Drive/Formation/Collège\ BDEB/ETE_2026/420-A60-BB\ ALGORITHMES\ D\'APPRENTISSAGE\ PROFOND/Examen\ Final/PasteAsFile/PasteAsFile.xcodeproj
    /Applications/Xcode.app/Contents/Developer/Toolchains/XcodeDefault.xctoolchain/usr/bin/clang-stat-cache /Applications/Xcode.app/Contents/Developer/Platforms/MacOSX.platform/Developer/SDKs/MacOSX27.0.sdk -o /Users/bf/Library/Developer/Xcode/DerivedData/SDKStatCaches.noindex/macosx27.0-26A425-7231f6df4def33e022ae2eb8f782df1a.sdkstatcache

CreateBuildDirectory /Users/bf/Library/Developer/Xcode/DerivedData/PasteAsFile-dgpbpeznkgqoaobgpyrnpeucjuwy/Build/Intermediates.noindex
    cd /Users/bf/Library/CloudStorage/GoogleDrive-bernynoussi@gmail.com/Mon\ Drive/Formation/Collège\ BDEB/ETE_2026/420-A60-BB\ ALGORITHMES\ D\'APPRENTISSAGE\ PROFOND/Examen\ Final/PasteAsFile/PasteAsFile.xcodeproj
    builtin-create-build-directory /Users/bf/Library/Developer/Xcode/DerivedData/PasteAsFile-dgpbpeznkgqoaobgpyrnpeucjuwy/Build/Intermediates.noindex

CreateBuildDirectory /Users/bf/Library/Developer/Xcode/DerivedData/PasteAsFile-dgpbpeznkgqoaobgpyrnpeucjuwy/Build/Intermediates.noindex/SwiftExplicitPrecompiledModules
    cd /Users/bf/Library/CloudStorage/GoogleDrive-bernynoussi@gmail.com/Mon\ Drive/Formation/Collège\ BDEB/ETE_2026/420-A60-BB\ ALGORITHMES\ D\'APPRENTISSAGE\ PROFOND/Examen\ Final/PasteAsFile/PasteAsFile.xcodeproj
    builtin-create-build-directory /Users/bf/Library/Developer/Xcode/DerivedData/PasteAsFile-dgpbpeznkgqoaobgpyrnpeucjuwy/Build/Intermediates.noindex/SwiftExplicitPrecompiledModules

CreateBuildDirectory /Users/bf/Library/Developer/Xcode/DerivedData/PasteAsFile-dgpbpeznkgqoaobgpyrnpeucjuwy/Build/Intermediates.noindex/ExplicitPrecompiledModules
    cd /Users/bf/Library/CloudStorage/GoogleDrive-bernynoussi@gmail.com/Mon\ Drive/Formation/Collège\ BDEB/ETE_2026/420-A60-BB\ ALGORITHMES\ D\'APPRENTISSAGE\ PROFOND/Examen\ Final/PasteAsFile/PasteAsFile.xcodeproj
    builtin-create-build-directory /Users/bf/Library/Developer/Xcode/DerivedData/PasteAsFile-dgpbpeznkgqoaobgpyrnpeucjuwy/Build/Intermediates.noindex/ExplicitPrecompiledModules

CreateBuildDirectory /Users/bf/Library/Developer/Xcode/DerivedData/PasteAsFile-dgpbpeznkgqoaobgpyrnpeucjuwy/Build/Intermediates.noindex/PrecompiledHeaders
    cd /Users/bf/Library/CloudStorage/GoogleDrive-bernynoussi@gmail.com/Mon\ Drive/Formation/Collège\ BDEB/ETE_2026/420-A60-BB\ ALGORITHMES\ D\'APPRENTISSAGE\ PROFOND/Examen\ Final/PasteAsFile/PasteAsFile.xcodeproj
    builtin-create-build-directory /Users/bf/Library/Developer/Xcode/DerivedData/PasteAsFile-dgpbpeznkgqoaobgpyrnpeucjuwy/Build/Intermediates.noindex/PrecompiledHeaders

CreateBuildDirectory /Users/bf/Library/Developer/Xcode/DerivedData/PasteAsFile-dgpbpeznkgqoaobgpyrnpeucjuwy/Build/Products/Release
    cd /Users/bf/Library/CloudStorage/GoogleDrive-bernynoussi@gmail.com/Mon\ Drive/Formation/Collège\ BDEB/ETE_2026/420-A60-BB\ ALGORITHMES\ D\'APPRENTISSAGE\ PROFOND/Examen\ Final/PasteAsFile/PasteAsFile.xcodeproj
    builtin-create-build-directory /Users/bf/Library/Developer/Xcode/DerivedData/PasteAsFile-dgpbpeznkgqoaobgpyrnpeucjuwy/Build/Products/Release

CreateBuildDirectory /Users/bf/Library/Developer/Xcode/DerivedData/PasteAsFile-dgpbpeznkgqoaobgpyrnpeucjuwy/Build/Intermediates.noindex/EagerLinkingTBDs/Release
    cd /Users/bf/Library/CloudStorage/GoogleDrive-bernynoussi@gmail.com/Mon\ Drive/Formation/Collège\ BDEB/ETE_2026/420-A60-BB\ ALGORITHMES\ D\'APPRENTISSAGE\ PROFOND/Examen\ Final/PasteAsFile/PasteAsFile.xcodeproj
    builtin-create-build-directory /Users/bf/Library/Developer/Xcode/DerivedData/PasteAsFile-dgpbpeznkgqoaobgpyrnpeucjuwy/Build/Intermediates.noindex/EagerLinkingTBDs/Release

WriteAuxiliaryFile /Users/bf/Library/Developer/Xcode/DerivedData/PasteAsFile-dgpbpeznkgqoaobgpyrnpeucjuwy/Build/Intermediates.noindex/PasteAsFile.build/Release/PasteAsFile-7784b8919344372dd65da9ef1d65dc4a-VFS/all-product-headers.yaml
    cd /Users/bf/Library/CloudStorage/GoogleDrive-bernynoussi@gmail.com/Mon\ Drive/Formation/Collège\ BDEB/ETE_2026/420-A60-BB\ ALGORITHMES\ D\'APPRENTISSAGE\ PROFOND/Examen\ Final/PasteAsFile/PasteAsFile.xcodeproj
    write-file /Users/bf/Library/Developer/Xcode/DerivedData/PasteAsFile-dgpbpeznkgqoaobgpyrnpeucjuwy/Build/Intermediates.noindex/PasteAsFile.build/Release/PasteAsFile-7784b8919344372dd65da9ef1d65dc4a-VFS/all-product-headers.yaml

WriteAuxiliaryFile /Users/bf/Library/Developer/Xcode/DerivedData/PasteAsFile-dgpbpeznkgqoaobgpyrnpeucjuwy/Build/Intermediates.noindex/PasteAsFile.build/Release/PasteAsFileFinder.build/PasteAsFileFinder-project-headers.hmap (in target 'PasteAsFileFinder' from project 'PasteAsFile')
    cd /Users/bf/Library/CloudStorage/GoogleDrive-bernynoussi@gmail.com/Mon\ Drive/Formation/Collège\ BDEB/ETE_2026/420-A60-BB\ ALGORITHMES\ D\'APPRENTISSAGE\ PROFOND/Examen\ Final/PasteAsFile
    write-file /Users/bf/Library/Developer/Xcode/DerivedData/PasteAsFile-dgpbpeznkgqoaobgpyrnpeucjuwy/Build/Intermediates.noindex/PasteAsFile.build/Release/PasteAsFileFinder.build/PasteAsFileFinder-project-headers.hmap

WriteAuxiliaryFile /Users/bf/Library/Developer/Xcode/DerivedData/PasteAsFile-dgpbpeznkgqoaobgpyrnpeucjuwy/Build/Intermediates.noindex/PasteAsFile.build/Release/PasteAsFileFinder.build/PasteAsFileFinder-all-non-framework-target-headers.hmap (in target 'PasteAsFileFinder' from project 'PasteAsFile')
    cd /Users/bf/Library/CloudStorage/GoogleDrive-bernynoussi@gmail.com/Mon\ Drive/Formation/Collège\ BDEB/ETE_2026/420-A60-BB\ ALGORITHMES\ D\'APPRENTISSAGE\ PROFOND/Examen\ Final/PasteAsFile
    write-file /Users/bf/Library/Developer/Xcode/DerivedData/PasteAsFile-dgpbpeznkgqoaobgpyrnpeucjuwy/Build/Intermediates.noindex/PasteAsFile.build/Release/PasteAsFileFinder.build/PasteAsFileFinder-all-non-framework-target-headers.hmap

WriteAuxiliaryFile /Users/bf/Library/Developer/Xcode/DerivedData/PasteAsFile-dgpbpeznkgqoaobgpyrnpeucjuwy/Build/Intermediates.noindex/PasteAsFile.build/Release/PasteAsFileFinder.build/PasteAsFileFinder-all-target-headers.hmap (in target 'PasteAsFileFinder' from project 'PasteAsFile')
    cd /Users/bf/Library/CloudStorage/GoogleDrive-bernynoussi@gmail.com/Mon\ Drive/Formation/Collège\ BDEB/ETE_2026/420-A60-BB\ ALGORITHMES\ D\'APPRENTISSAGE\ PROFOND/Examen\ Final/PasteAsFile
    write-file /Users/bf/Library/Developer/Xcode/DerivedData/PasteAsFile-dgpbpeznkgqoaobgpyrnpeucjuwy/Build/Intermediates.noindex/PasteAsFile.build/Release/PasteAsFileFinder.build/PasteAsFileFinder-all-target-headers.hmap

WriteAuxiliaryFile /Users/bf/Library/Developer/Xcode/DerivedData/PasteAsFile-dgpbpeznkgqoaobgpyrnpeucjuwy/Build/Intermediates.noindex/PasteAsFile.build/Release/PasteAsFileFinder.build/PasteAsFileFinder-own-target-headers.hmap (in target 'PasteAsFileFinder' from project 'PasteAsFile')
    cd /Users/bf/Library/CloudStorage/GoogleDrive-bernynoussi@gmail.com/Mon\ Drive/Formation/Collège\ BDEB/ETE_2026/420-A60-BB\ ALGORITHMES\ D\'APPRENTISSAGE\ PROFOND/Examen\ Final/PasteAsFile
    write-file /Users/bf/Library/Developer/Xcode/DerivedData/PasteAsFile-dgpbpeznkgqoaobgpyrnpeucjuwy/Build/Intermediates.noindex/PasteAsFile.build/Release/PasteAsFileFinder.build/PasteAsFileFinder-own-target-headers.hmap

WriteAuxiliaryFile /Users/bf/Library/Developer/Xcode/DerivedData/PasteAsFile-dgpbpeznkgqoaobgpyrnpeucjuwy/Build/Intermediates.noindex/PasteAsFile.build/Release/PasteAsFileFinder.build/PasteAsFileFinder.hmap (in target 'PasteAsFileFinder' from project 'PasteAsFile')
    cd /Users/bf/Library/CloudStorage/GoogleDrive-bernynoussi@gmail.com/Mon\ Drive/Formation/Collège\ BDEB/ETE_2026/420-A60-BB\ ALGORITHMES\ D\'APPRENTISSAGE\ PROFOND/Examen\ Final/PasteAsFile
    write-file /Users/bf/Library/Developer/Xcode/DerivedData/PasteAsFile-dgpbpeznkgqoaobgpyrnpeucjuwy/Build/Intermediates.noindex/PasteAsFile.build/Release/PasteAsFileFinder.build/PasteAsFileFinder.hmap

WriteAuxiliaryFile /Users/bf/Library/Developer/Xcode/DerivedData/PasteAsFile-dgpbpeznkgqoaobgpyrnpeucjuwy/Build/Intermediates.noindex/PasteAsFile.build/Release/PasteAsFileFinder.build/PasteAsFileFinder-generated-files.hmap (in target 'PasteAsFileFinder' from project 'PasteAsFile')
    cd /Users/bf/Library/CloudStorage/GoogleDrive-bernynoussi@gmail.com/Mon\ Drive/Formation/Collège\ BDEB/ETE_2026/420-A60-BB\ ALGORITHMES\ D\'APPRENTISSAGE\ PROFOND/Examen\ Final/PasteAsFile
    write-file /Users/bf/Library/Developer/Xcode/DerivedData/PasteAsFile-dgpbpeznkgqoaobgpyrnpeucjuwy/Build/Intermediates.noindex/PasteAsFile.build/Release/PasteAsFileFinder.build/PasteAsFileFinder-generated-files.hmap

MkDir /Users/bf/Library/Developer/Xcode/DerivedData/PasteAsFile-dgpbpeznkgqoaobgpyrnpeucjuwy/Build/Products/Release/PasteAsFileFinder.appex (in target 'PasteAsFileFinder' from project 'PasteAsFile')
    cd /Users/bf/Library/CloudStorage/GoogleDrive-bernynoussi@gmail.com/Mon\ Drive/Formation/Collège\ BDEB/ETE_2026/420-A60-BB\ ALGORITHMES\ D\'APPRENTISSAGE\ PROFOND/Examen\ Final/PasteAsFile
    /bin/mkdir -p /Users/bf/Library/Developer/Xcode/DerivedData/PasteAsFile-dgpbpeznkgqoaobgpyrnpeucjuwy/Build/Products/Release/PasteAsFileFinder.appex

WriteAuxiliaryFile /Users/bf/Library/Developer/Xcode/DerivedData/PasteAsFile-dgpbpeznkgqoaobgpyrnpeucjuwy/Build/Intermediates.noindex/PasteAsFile.build/Release/PasteAsFileFinder.build/PasteAsFileFinder.DependencyStaticMetadataFileList (in target 'PasteAsFileFinder' from project 'PasteAsFile')
    cd /Users/bf/Library/CloudStorage/GoogleDrive-bernynoussi@gmail.com/Mon\ Drive/Formation/Collège\ BDEB/ETE_2026/420-A60-BB\ ALGORITHMES\ D\'APPRENTISSAGE\ PROFOND/Examen\ Final/PasteAsFile
    write-file /Users/bf/Library/Developer/Xcode/DerivedData/PasteAsFile-dgpbpeznkgqoaobgpyrnpeucjuwy/Build/Intermediates.noindex/PasteAsFile.build/Release/PasteAsFileFinder.build/PasteAsFileFinder.DependencyStaticMetadataFileList

WriteAuxiliaryFile /Users/bf/Library/Developer/Xcode/DerivedData/PasteAsFile-dgpbpeznkgqoaobgpyrnpeucjuwy/Build/Intermediates.noindex/PasteAsFile.build/Release/PasteAsFileFinder.build/Objects-normal/x86_64/PasteAsFileFinder.LinkFileList (in target 'PasteAsFileFinder' from project 'PasteAsFile')
    cd /Users/bf/Library/CloudStorage/GoogleDrive-bernynoussi@gmail.com/Mon\ Drive/Formation/Collège\ BDEB/ETE_2026/420-A60-BB\ ALGORITHMES\ D\'APPRENTISSAGE\ PROFOND/Examen\ Final/PasteAsFile
    write-file /Users/bf/Library/Developer/Xcode/DerivedData/PasteAsFile-dgpbpeznkgqoaobgpyrnpeucjuwy/Build/Intermediates.noindex/PasteAsFile.build/Release/PasteAsFileFinder.build/Objects-normal/x86_64/PasteAsFileFinder.LinkFileList

WriteAuxiliaryFile /Users/bf/Library/Developer/Xcode/DerivedData/PasteAsFile-dgpbpeznkgqoaobgpyrnpeucjuwy/Build/Intermediates.noindex/PasteAsFile.build/Release/PasteAsFileFinder.build/Objects-normal/x86_64/PasteAsFileFinder-OutputFileMap.json (in target 'PasteAsFileFinder' from project 'PasteAsFile')
    cd /Users/bf/Library/CloudStorage/GoogleDrive-bernynoussi@gmail.com/Mon\ Drive/Formation/Collège\ BDEB/ETE_2026/420-A60-BB\ ALGORITHMES\ D\'APPRENTISSAGE\ PROFOND/Examen\ Final/PasteAsFile
    write-file /Users/bf/Library/Developer/Xcode/DerivedData/PasteAsFile-dgpbpeznkgqoaobgpyrnpeucjuwy/Build/Intermediates.noindex/PasteAsFile.build/Release/PasteAsFileFinder.build/Objects-normal/x86_64/PasteAsFileFinder-OutputFileMap.json

WriteAuxiliaryFile /Users/bf/Library/Developer/Xcode/DerivedData/PasteAsFile-dgpbpeznkgqoaobgpyrnpeucjuwy/Build/Intermediates.noindex/PasteAsFile.build/Release/PasteAsFileFinder.build/Objects-normal/x86_64/PasteAsFileFinder_const_extract_protocols.json (in target 'PasteAsFileFinder' from project 'PasteAsFile')
    cd /Users/bf/Library/CloudStorage/GoogleDrive-bernynoussi@gmail.com/Mon\ Drive/Formation/Collège\ BDEB/ETE_2026/420-A60-BB\ ALGORITHMES\ D\'APPRENTISSAGE\ PROFOND/Examen\ Final/PasteAsFile
    write-file /Users/bf/Library/Developer/Xcode/DerivedData/PasteAsFile-dgpbpeznkgqoaobgpyrnpeucjuwy/Build/Intermediates.noindex/PasteAsFile.build/Release/PasteAsFileFinder.build/Objects-normal/x86_64/PasteAsFileFinder_const_extract_protocols.json

WriteAuxiliaryFile /Users/bf/Library/Developer/Xcode/DerivedData/PasteAsFile-dgpbpeznkgqoaobgpyrnpeucjuwy/Build/Intermediates.noindex/PasteAsFile.build/Release/PasteAsFileFinder.build/Objects-normal/arm64/PasteAsFileFinder_const_extract_protocols.json (in target 'PasteAsFileFinder' from project 'PasteAsFile')
    cd /Users/bf/Library/CloudStorage/GoogleDrive-bernynoussi@gmail.com/Mon\ Drive/Formation/Collège\ BDEB/ETE_2026/420-A60-BB\ ALGORITHMES\ D\'APPRENTISSAGE\ PROFOND/Examen\ Final/PasteAsFile
    write-file /Users/bf/Library/Developer/Xcode/DerivedData/PasteAsFile-dgpbpeznkgqoaobgpyrnpeucjuwy/Build/Intermediates.noindex/PasteAsFile.build/Release/PasteAsFileFinder.build/Objects-normal/arm64/PasteAsFileFinder_const_extract_protocols.json

WriteAuxiliaryFile /Users/bf/Library/Developer/Xcode/DerivedData/PasteAsFile-dgpbpeznkgqoaobgpyrnpeucjuwy/Build/Intermediates.noindex/PasteAsFile.build/Release/PasteAsFileFinder.build/Objects-normal/arm64/PasteAsFileFinder-OutputFileMap.json (in target 'PasteAsFileFinder' from project 'PasteAsFile')
    cd /Users/bf/Library/CloudStorage/GoogleDrive-bernynoussi@gmail.com/Mon\ Drive/Formation/Collège\ BDEB/ETE_2026/420-A60-BB\ ALGORITHMES\ D\'APPRENTISSAGE\ PROFOND/Examen\ Final/PasteAsFile
    write-file /Users/bf/Library/Developer/Xcode/DerivedData/PasteAsFile-dgpbpeznkgqoaobgpyrnpeucjuwy/Build/Intermediates.noindex/PasteAsFile.build/Release/PasteAsFileFinder.build/Objects-normal/arm64/PasteAsFileFinder-OutputFileMap.json

WriteAuxiliaryFile /Users/bf/Library/Developer/Xcode/DerivedData/PasteAsFile-dgpbpeznkgqoaobgpyrnpeucjuwy/Build/Intermediates.noindex/PasteAsFile.build/Release/PasteAsFileFinder.build/Objects-normal/arm64/PasteAsFileFinder.LinkFileList (in target 'PasteAsFileFinder' from project 'PasteAsFile')
    cd /Users/bf/Library/CloudStorage/GoogleDrive-bernynoussi@gmail.com/Mon\ Drive/Formation/Collège\ BDEB/ETE_2026/420-A60-BB\ ALGORITHMES\ D\'APPRENTISSAGE\ PROFOND/Examen\ Final/PasteAsFile
    write-file /Users/bf/Library/Developer/Xcode/DerivedData/PasteAsFile-dgpbpeznkgqoaobgpyrnpeucjuwy/Build/Intermediates.noindex/PasteAsFile.build/Release/PasteAsFileFinder.build/Objects-normal/arm64/PasteAsFileFinder.LinkFileList

WriteAuxiliaryFile /Users/bf/Library/Developer/Xcode/DerivedData/PasteAsFile-dgpbpeznkgqoaobgpyrnpeucjuwy/Build/Intermediates.noindex/PasteAsFile.build/Release/PasteAsFileFinder.build/DerivedSources/Entitlements.plist (in target 'PasteAsFileFinder' from project 'PasteAsFile')
    cd /Users/bf/Library/CloudStorage/GoogleDrive-bernynoussi@gmail.com/Mon\ Drive/Formation/Collège\ BDEB/ETE_2026/420-A60-BB\ ALGORITHMES\ D\'APPRENTISSAGE\ PROFOND/Examen\ Final/PasteAsFile
    write-file /Users/bf/Library/Developer/Xcode/DerivedData/PasteAsFile-dgpbpeznkgqoaobgpyrnpeucjuwy/Build/Intermediates.noindex/PasteAsFile.build/Release/PasteAsFileFinder.build/DerivedSources/Entitlements.plist

WriteAuxiliaryFile /Users/bf/Library/Developer/Xcode/DerivedData/PasteAsFile-dgpbpeznkgqoaobgpyrnpeucjuwy/Build/Intermediates.noindex/PasteAsFile.build/Release/PasteAsFileFinder.build/PasteAsFileFinder.DependencyMetadataFileList (in target 'PasteAsFileFinder' from project 'PasteAsFile')
    cd /Users/bf/Library/CloudStorage/GoogleDrive-bernynoussi@gmail.com/Mon\ Drive/Formation/Collège\ BDEB/ETE_2026/420-A60-BB\ ALGORITHMES\ D\'APPRENTISSAGE\ PROFOND/Examen\ Final/PasteAsFile
    write-file /Users/bf/Library/Developer/Xcode/DerivedData/PasteAsFile-dgpbpeznkgqoaobgpyrnpeucjuwy/Build/Intermediates.noindex/PasteAsFile.build/Release/PasteAsFileFinder.build/PasteAsFileFinder.DependencyMetadataFileList

WriteAuxiliaryFile /Users/bf/Library/Developer/Xcode/DerivedData/PasteAsFile-dgpbpeznkgqoaobgpyrnpeucjuwy/Build/Intermediates.noindex/PasteAsFile.build/Release/PasteAsFileFinder.build/Objects-normal/x86_64/PasteAsFileFinder.SwiftFileList (in target 'PasteAsFileFinder' from project 'PasteAsFile')
    cd /Users/bf/Library/CloudStorage/GoogleDrive-bernynoussi@gmail.com/Mon\ Drive/Formation/Collège\ BDEB/ETE_2026/420-A60-BB\ ALGORITHMES\ D\'APPRENTISSAGE\ PROFOND/Examen\ Final/PasteAsFile
    write-file /Users/bf/Library/Developer/Xcode/DerivedData/PasteAsFile-dgpbpeznkgqoaobgpyrnpeucjuwy/Build/Intermediates.noindex/PasteAsFile.build/Release/PasteAsFileFinder.build/Objects-normal/x86_64/PasteAsFileFinder.SwiftFileList

WriteAuxiliaryFile /Users/bf/Library/Developer/Xcode/DerivedData/PasteAsFile-dgpbpeznkgqoaobgpyrnpeucjuwy/Build/Intermediates.noindex/PasteAsFile.build/Release/PasteAsFileFinder.build/Objects-normal/x86_64/PasteAsFileFinder.SwiftConstValuesFileList (in target 'PasteAsFileFinder' from project 'PasteAsFile')
    cd /Users/bf/Library/CloudStorage/GoogleDrive-bernynoussi@gmail.com/Mon\ Drive/Formation/Collège\ BDEB/ETE_2026/420-A60-BB\ ALGORITHMES\ D\'APPRENTISSAGE\ PROFOND/Examen\ Final/PasteAsFile
    write-file /Users/bf/Library/Developer/Xcode/DerivedData/PasteAsFile-dgpbpeznkgqoaobgpyrnpeucjuwy/Build/Intermediates.noindex/PasteAsFile.build/Release/PasteAsFileFinder.build/Objects-normal/x86_64/PasteAsFileFinder.SwiftConstValuesFileList

WriteAuxiliaryFile /Users/bf/Library/Developer/Xcode/DerivedData/PasteAsFile-dgpbpeznkgqoaobgpyrnpeucjuwy/Build/Intermediates.noindex/PasteAsFile.build/Release/PasteAsFileFinder.build/Objects-normal/arm64/PasteAsFileFinder.SwiftFileList (in target 'PasteAsFileFinder' from project 'PasteAsFile')
    cd /Users/bf/Library/CloudStorage/GoogleDrive-bernynoussi@gmail.com/Mon\ Drive/Formation/Collège\ BDEB/ETE_2026/420-A60-BB\ ALGORITHMES\ D\'APPRENTISSAGE\ PROFOND/Examen\ Final/PasteAsFile
    write-file /Users/bf/Library/Developer/Xcode/DerivedData/PasteAsFile-dgpbpeznkgqoaobgpyrnpeucjuwy/Build/Intermediates.noindex/PasteAsFile.build/Release/PasteAsFileFinder.build/Objects-normal/arm64/PasteAsFileFinder.SwiftFileList

WriteAuxiliaryFile /Users/bf/Library/Developer/Xcode/DerivedData/PasteAsFile-dgpbpeznkgqoaobgpyrnpeucjuwy/Build/Intermediates.noindex/PasteAsFile.build/Release/PasteAsFileFinder.build/Objects-normal/arm64/PasteAsFileFinder.SwiftConstValuesFileList (in target 'PasteAsFileFinder' from project 'PasteAsFile')
    cd /Users/bf/Library/CloudStorage/GoogleDrive-bernynoussi@gmail.com/Mon\ Drive/Formation/Collège\ BDEB/ETE_2026/420-A60-BB\ ALGORITHMES\ D\'APPRENTISSAGE\ PROFOND/Examen\ Final/PasteAsFile
    write-file /Users/bf/Library/Developer/Xcode/DerivedData/PasteAsFile-dgpbpeznkgqoaobgpyrnpeucjuwy/Build/Intermediates.noindex/PasteAsFile.build/Release/PasteAsFileFinder.build/Objects-normal/arm64/PasteAsFileFinder.SwiftConstValuesFileList

WriteAuxiliaryFile /Users/bf/Library/Developer/Xcode/DerivedData/PasteAsFile-dgpbpeznkgqoaobgpyrnpeucjuwy/Build/Intermediates.noindex/PasteAsFile.build/Release/PasteAsFile.build/PasteAsFile.DependencyStaticMetadataFileList (in target 'PasteAsFile' from project 'PasteAsFile')
    cd /Users/bf/Library/CloudStorage/GoogleDrive-bernynoussi@gmail.com/Mon\ Drive/Formation/Collège\ BDEB/ETE_2026/420-A60-BB\ ALGORITHMES\ D\'APPRENTISSAGE\ PROFOND/Examen\ Final/PasteAsFile
    write-file /Users/bf/Library/Developer/Xcode/DerivedData/PasteAsFile-dgpbpeznkgqoaobgpyrnpeucjuwy/Build/Intermediates.noindex/PasteAsFile.build/Release/PasteAsFile.build/PasteAsFile.DependencyStaticMetadataFileList

WriteAuxiliaryFile /Users/bf/Library/Developer/Xcode/DerivedData/PasteAsFile-dgpbpeznkgqoaobgpyrnpeucjuwy/Build/Intermediates.noindex/PasteAsFile.build/Release/PasteAsFile.build/PasteAsFile.DependencyMetadataFileList (in target 'PasteAsFile' from project 'PasteAsFile')
    cd /Users/bf/Library/CloudStorage/GoogleDrive-bernynoussi@gmail.com/Mon\ Drive/Formation/Collège\ BDEB/ETE_2026/420-A60-BB\ ALGORITHMES\ D\'APPRENTISSAGE\ PROFOND/Examen\ Final/PasteAsFile
    write-file /Users/bf/Library/Developer/Xcode/DerivedData/PasteAsFile-dgpbpeznkgqoaobgpyrnpeucjuwy/Build/Intermediates.noindex/PasteAsFile.build/Release/PasteAsFile.build/PasteAsFile.DependencyMetadataFileList

WriteAuxiliaryFile /Users/bf/Library/Developer/Xcode/DerivedData/PasteAsFile-dgpbpeznkgqoaobgpyrnpeucjuwy/Build/Intermediates.noindex/PasteAsFile.build/Release/PasteAsFile.build/PasteAsFile-project-headers.hmap (in target 'PasteAsFile' from project 'PasteAsFile')
    cd /Users/bf/Library/CloudStorage/GoogleDrive-bernynoussi@gmail.com/Mon\ Drive/Formation/Collège\ BDEB/ETE_2026/420-A60-BB\ ALGORITHMES\ D\'APPRENTISSAGE\ PROFOND/Examen\ Final/PasteAsFile
    write-file /Users/bf/Library/Developer/Xcode/DerivedData/PasteAsFile-dgpbpeznkgqoaobgpyrnpeucjuwy/Build/Intermediates.noindex/PasteAsFile.build/Release/PasteAsFile.build/PasteAsFile-project-headers.hmap

WriteAuxiliaryFile /Users/bf/Library/Developer/Xcode/DerivedData/PasteAsFile-dgpbpeznkgqoaobgpyrnpeucjuwy/Build/Intermediates.noindex/PasteAsFile.build/Release/PasteAsFile.build/PasteAsFile.hmap (in target 'PasteAsFile' from project 'PasteAsFile')
    cd /Users/bf/Library/CloudStorage/GoogleDrive-bernynoussi@gmail.com/Mon\ Drive/Formation/Collège\ BDEB/ETE_2026/420-A60-BB\ ALGORITHMES\ D\'APPRENTISSAGE\ PROFOND/Examen\ Final/PasteAsFile
    write-file /Users/bf/Library/Developer/Xcode/DerivedData/PasteAsFile-dgpbpeznkgqoaobgpyrnpeucjuwy/Build/Intermediates.noindex/PasteAsFile.build/Release/PasteAsFile.build/PasteAsFile.hmap

WriteAuxiliaryFile /Users/bf/Library/Developer/Xcode/DerivedData/PasteAsFile-dgpbpeznkgqoaobgpyrnpeucjuwy/Build/Intermediates.noindex/PasteAsFile.build/Release/PasteAsFile.build/PasteAsFile-own-target-headers.hmap (in target 'PasteAsFile' from project 'PasteAsFile')
    cd /Users/bf/Library/CloudStorage/GoogleDrive-bernynoussi@gmail.com/Mon\ Drive/Formation/Collège\ BDEB/ETE_2026/420-A60-BB\ ALGORITHMES\ D\'APPRENTISSAGE\ PROFOND/Examen\ Final/PasteAsFile
    write-file /Users/bf/Library/Developer/Xcode/DerivedData/PasteAsFile-dgpbpeznkgqoaobgpyrnpeucjuwy/Build/Intermediates.noindex/PasteAsFile.build/Release/PasteAsFile.build/PasteAsFile-own-target-headers.hmap

WriteAuxiliaryFile /Users/bf/Library/Developer/Xcode/DerivedData/PasteAsFile-dgpbpeznkgqoaobgpyrnpeucjuwy/Build/Intermediates.noindex/PasteAsFile.build/Release/PasteAsFile.build/PasteAsFile-generated-files.hmap (in target 'PasteAsFile' from project 'PasteAsFile')
    cd /Users/bf/Library/CloudStorage/GoogleDrive-bernynoussi@gmail.com/Mon\ Drive/Formation/Collège\ BDEB/ETE_2026/420-A60-BB\ ALGORITHMES\ D\'APPRENTISSAGE\ PROFOND/Examen\ Final/PasteAsFile
    write-file /Users/bf/Library/Developer/Xcode/DerivedData/PasteAsFile-dgpbpeznkgqoaobgpyrnpeucjuwy/Build/Intermediates.noindex/PasteAsFile.build/Release/PasteAsFile.build/PasteAsFile-generated-files.hmap

WriteAuxiliaryFile /Users/bf/Library/Developer/Xcode/DerivedData/PasteAsFile-dgpbpeznkgqoaobgpyrnpeucjuwy/Build/Intermediates.noindex/PasteAsFile.build/Release/PasteAsFile.build/PasteAsFile-all-target-headers.hmap (in target 'PasteAsFile' from project 'PasteAsFile')
    cd /Users/bf/Library/CloudStorage/GoogleDrive-bernynoussi@gmail.com/Mon\ Drive/Formation/Collège\ BDEB/ETE_2026/420-A60-BB\ ALGORITHMES\ D\'APPRENTISSAGE\ PROFOND/Examen\ Final/PasteAsFile
    write-file /Users/bf/Library/Developer/Xcode/DerivedData/PasteAsFile-dgpbpeznkgqoaobgpyrnpeucjuwy/Build/Intermediates.noindex/PasteAsFile.build/Release/PasteAsFile.build/PasteAsFile-all-target-headers.hmap

WriteAuxiliaryFile /Users/bf/Library/Developer/Xcode/DerivedData/PasteAsFile-dgpbpeznkgqoaobgpyrnpeucjuwy/Build/Intermediates.noindex/PasteAsFile.build/Release/PasteAsFile.build/PasteAsFile-all-non-framework-target-headers.hmap (in target 'PasteAsFile' from project 'PasteAsFile')
    cd /Users/bf/Library/CloudStorage/GoogleDrive-bernynoussi@gmail.com/Mon\ Drive/Formation/Collège\ BDEB/ETE_2026/420-A60-BB\ ALGORITHMES\ D\'APPRENTISSAGE\ PROFOND/Examen\ Final/PasteAsFile
    write-file /Users/bf/Library/Developer/Xcode/DerivedData/PasteAsFile-dgpbpeznkgqoaobgpyrnpeucjuwy/Build/Intermediates.noindex/PasteAsFile.build/Release/PasteAsFile.build/PasteAsFile-all-non-framework-target-headers.hmap

WriteAuxiliaryFile /Users/bf/Library/Developer/Xcode/DerivedData/PasteAsFile-dgpbpeznkgqoaobgpyrnpeucjuwy/Build/Intermediates.noindex/PasteAsFile.build/Release/PasteAsFile.build/Objects-normal/x86_64/PasteAsFile.LinkFileList (in target 'PasteAsFile' from project 'PasteAsFile')
    cd /Users/bf/Library/CloudStorage/GoogleDrive-bernynoussi@gmail.com/Mon\ Drive/Formation/Collège\ BDEB/ETE_2026/420-A60-BB\ ALGORITHMES\ D\'APPRENTISSAGE\ PROFOND/Examen\ Final/PasteAsFile
    write-file /Users/bf/Library/Developer/Xcode/DerivedData/PasteAsFile-dgpbpeznkgqoaobgpyrnpeucjuwy/Build/Intermediates.noindex/PasteAsFile.build/Release/PasteAsFile.build/Objects-normal/x86_64/PasteAsFile.LinkFileList

WriteAuxiliaryFile /Users/bf/Library/Developer/Xcode/DerivedData/PasteAsFile-dgpbpeznkgqoaobgpyrnpeucjuwy/Build/Intermediates.noindex/PasteAsFile.build/Release/PasteAsFile.build/Objects-normal/x86_64/PasteAsFile.SwiftConstValuesFileList (in target 'PasteAsFile' from project 'PasteAsFile')
    cd /Users/bf/Library/CloudStorage/GoogleDrive-bernynoussi@gmail.com/Mon\ Drive/Formation/Collège\ BDEB/ETE_2026/420-A60-BB\ ALGORITHMES\ D\'APPRENTISSAGE\ PROFOND/Examen\ Final/PasteAsFile
    write-file /Users/bf/Library/Developer/Xcode/DerivedData/PasteAsFile-dgpbpeznkgqoaobgpyrnpeucjuwy/Build/Intermediates.noindex/PasteAsFile.build/Release/PasteAsFile.build/Objects-normal/x86_64/PasteAsFile.SwiftConstValuesFileList

WriteAuxiliaryFile /Users/bf/Library/Developer/Xcode/DerivedData/PasteAsFile-dgpbpeznkgqoaobgpyrnpeucjuwy/Build/Intermediates.noindex/PasteAsFile.build/Release/PasteAsFile.build/Objects-normal/x86_64/PasteAsFile-OutputFileMap.json (in target 'PasteAsFile' from project 'PasteAsFile')
    cd /Users/bf/Library/CloudStorage/GoogleDrive-bernynoussi@gmail.com/Mon\ Drive/Formation/Collège\ BDEB/ETE_2026/420-A60-BB\ ALGORITHMES\ D\'APPRENTISSAGE\ PROFOND/Examen\ Final/PasteAsFile
    write-file /Users/bf/Library/Developer/Xcode/DerivedData/PasteAsFile-dgpbpeznkgqoaobgpyrnpeucjuwy/Build/Intermediates.noindex/PasteAsFile.build/Release/PasteAsFile.build/Objects-normal/x86_64/PasteAsFile-OutputFileMap.json

WriteAuxiliaryFile /Users/bf/Library/Developer/Xcode/DerivedData/PasteAsFile-dgpbpeznkgqoaobgpyrnpeucjuwy/Build/Intermediates.noindex/PasteAsFile.build/Release/PasteAsFile.build/Objects-normal/x86_64/PasteAsFile.SwiftFileList (in target 'PasteAsFile' from project 'PasteAsFile')
    cd /Users/bf/Library/CloudStorage/GoogleDrive-bernynoussi@gmail.com/Mon\ Drive/Formation/Collège\ BDEB/ETE_2026/420-A60-BB\ ALGORITHMES\ D\'APPRENTISSAGE\ PROFOND/Examen\ Final/PasteAsFile
    write-file /Users/bf/Library/Developer/Xcode/DerivedData/PasteAsFile-dgpbpeznkgqoaobgpyrnpeucjuwy/Build/Intermediates.noindex/PasteAsFile.build/Release/PasteAsFile.build/Objects-normal/x86_64/PasteAsFile.SwiftFileList

WriteAuxiliaryFile /Users/bf/Library/Developer/Xcode/DerivedData/PasteAsFile-dgpbpeznkgqoaobgpyrnpeucjuwy/Build/Intermediates.noindex/PasteAsFile.build/Release/PasteAsFile.build/Objects-normal/x86_64/PasteAsFile_const_extract_protocols.json (in target 'PasteAsFile' from project 'PasteAsFile')
    cd /Users/bf/Library/CloudStorage/GoogleDrive-bernynoussi@gmail.com/Mon\ Drive/Formation/Collège\ BDEB/ETE_2026/420-A60-BB\ ALGORITHMES\ D\'APPRENTISSAGE\ PROFOND/Examen\ Final/PasteAsFile
    write-file /Users/bf/Library/Developer/Xcode/DerivedData/PasteAsFile-dgpbpeznkgqoaobgpyrnpeucjuwy/Build/Intermediates.noindex/PasteAsFile.build/Release/PasteAsFile.build/Objects-normal/x86_64/PasteAsFile_const_extract_protocols.json

WriteAuxiliaryFile /Users/bf/Library/Developer/Xcode/DerivedData/PasteAsFile-dgpbpeznkgqoaobgpyrnpeucjuwy/Build/Intermediates.noindex/PasteAsFile.build/Release/PasteAsFile.build/Objects-normal/arm64/PasteAsFile.SwiftFileList (in target 'PasteAsFile' from project 'PasteAsFile')
    cd /Users/bf/Library/CloudStorage/GoogleDrive-bernynoussi@gmail.com/Mon\ Drive/Formation/Collège\ BDEB/ETE_2026/420-A60-BB\ ALGORITHMES\ D\'APPRENTISSAGE\ PROFOND/Examen\ Final/PasteAsFile
    write-file /Users/bf/Library/Developer/Xcode/DerivedData/PasteAsFile-dgpbpeznkgqoaobgpyrnpeucjuwy/Build/Intermediates.noindex/PasteAsFile.build/Release/PasteAsFile.build/Objects-normal/arm64/PasteAsFile.SwiftFileList

WriteAuxiliaryFile /Users/bf/Library/Developer/Xcode/DerivedData/PasteAsFile-dgpbpeznkgqoaobgpyrnpeucjuwy/Build/Intermediates.noindex/PasteAsFile.build/Release/PasteAsFile.build/Objects-normal/arm64/PasteAsFile.SwiftConstValuesFileList (in target 'PasteAsFile' from project 'PasteAsFile')
    cd /Users/bf/Library/CloudStorage/GoogleDrive-bernynoussi@gmail.com/Mon\ Drive/Formation/Collège\ BDEB/ETE_2026/420-A60-BB\ ALGORITHMES\ D\'APPRENTISSAGE\ PROFOND/Examen\ Final/PasteAsFile
    write-file /Users/bf/Library/Developer/Xcode/DerivedData/PasteAsFile-dgpbpeznkgqoaobgpyrnpeucjuwy/Build/Intermediates.noindex/PasteAsFile.build/Release/PasteAsFile.build/Objects-normal/arm64/PasteAsFile.SwiftConstValuesFileList

WriteAuxiliaryFile /Users/bf/Library/Developer/Xcode/DerivedData/PasteAsFile-dgpbpeznkgqoaobgpyrnpeucjuwy/Build/Intermediates.noindex/PasteAsFile.build/Release/PasteAsFile.build/Objects-normal/arm64/PasteAsFile_const_extract_protocols.json (in target 'PasteAsFile' from project 'PasteAsFile')
    cd /Users/bf/Library/CloudStorage/GoogleDrive-bernynoussi@gmail.com/Mon\ Drive/Formation/Collège\ BDEB/ETE_2026/420-A60-BB\ ALGORITHMES\ D\'APPRENTISSAGE\ PROFOND/Examen\ Final/PasteAsFile
    write-file /Users/bf/Library/Developer/Xcode/DerivedData/PasteAsFile-dgpbpeznkgqoaobgpyrnpeucjuwy/Build/Intermediates.noindex/PasteAsFile.build/Release/PasteAsFile.build/Objects-normal/arm64/PasteAsFile_const_extract_protocols.json

WriteAuxiliaryFile /Users/bf/Library/Developer/Xcode/DerivedData/PasteAsFile-dgpbpeznkgqoaobgpyrnpeucjuwy/Build/Intermediates.noindex/PasteAsFile.build/Release/PasteAsFile.build/Objects-normal/arm64/PasteAsFile.LinkFileList (in target 'PasteAsFile' from project 'PasteAsFile')
    cd /Users/bf/Library/CloudStorage/GoogleDrive-bernynoussi@gmail.com/Mon\ Drive/Formation/Collège\ BDEB/ETE_2026/420-A60-BB\ ALGORITHMES\ D\'APPRENTISSAGE\ PROFOND/Examen\ Final/PasteAsFile
    write-file /Users/bf/Library/Developer/Xcode/DerivedData/PasteAsFile-dgpbpeznkgqoaobgpyrnpeucjuwy/Build/Intermediates.noindex/PasteAsFile.build/Release/PasteAsFile.build/Objects-normal/arm64/PasteAsFile.LinkFileList

WriteAuxiliaryFile /Users/bf/Library/Developer/Xcode/DerivedData/PasteAsFile-dgpbpeznkgqoaobgpyrnpeucjuwy/Build/Intermediates.noindex/PasteAsFile.build/Release/PasteAsFile.build/Objects-normal/arm64/PasteAsFile-OutputFileMap.json (in target 'PasteAsFile' from project 'PasteAsFile')
    cd /Users/bf/Library/CloudStorage/GoogleDrive-bernynoussi@gmail.com/Mon\ Drive/Formation/Collège\ BDEB/ETE_2026/420-A60-BB\ ALGORITHMES\ D\'APPRENTISSAGE\ PROFOND/Examen\ Final/PasteAsFile
    write-file /Users/bf/Library/Developer/Xcode/DerivedData/PasteAsFile-dgpbpeznkgqoaobgpyrnpeucjuwy/Build/Intermediates.noindex/PasteAsFile.build/Release/PasteAsFile.build/Objects-normal/arm64/PasteAsFile-OutputFileMap.json

WriteAuxiliaryFile /Users/bf/Library/Developer/Xcode/DerivedData/PasteAsFile-dgpbpeznkgqoaobgpyrnpeucjuwy/Build/Intermediates.noindex/PasteAsFile.build/Release/PasteAsFile.build/DerivedSources/Entitlements.plist (in target 'PasteAsFile' from project 'PasteAsFile')
    cd /Users/bf/Library/CloudStorage/GoogleDrive-bernynoussi@gmail.com/Mon\ Drive/Formation/Collège\ BDEB/ETE_2026/420-A60-BB\ ALGORITHMES\ D\'APPRENTISSAGE\ PROFOND/Examen\ Final/PasteAsFile
    write-file /Users/bf/Library/Developer/Xcode/DerivedData/PasteAsFile-dgpbpeznkgqoaobgpyrnpeucjuwy/Build/Intermediates.noindex/PasteAsFile.build/Release/PasteAsFile.build/DerivedSources/Entitlements.plist

MkDir /Users/bf/Library/Developer/Xcode/DerivedData/PasteAsFile-dgpbpeznkgqoaobgpyrnpeucjuwy/Build/Products/Release/PasteAsFileFinder.appex/Contents/MacOS (in target 'PasteAsFileFinder' from project 'PasteAsFile')
    cd /Users/bf/Library/CloudStorage/GoogleDrive-bernynoussi@gmail.com/Mon\ Drive/Formation/Collège\ BDEB/ETE_2026/420-A60-BB\ ALGORITHMES\ D\'APPRENTISSAGE\ PROFOND/Examen\ Final/PasteAsFile
    /bin/mkdir -p /Users/bf/Library/Developer/Xcode/DerivedData/PasteAsFile-dgpbpeznkgqoaobgpyrnpeucjuwy/Build/Products/Release/PasteAsFileFinder.appex/Contents/MacOS

MkDir /Users/bf/Library/Developer/Xcode/DerivedData/PasteAsFile-dgpbpeznkgqoaobgpyrnpeucjuwy/Build/Products/Release/PasteAsFileFinder.appex/Contents (in target 'PasteAsFileFinder' from project 'PasteAsFile')
    cd /Users/bf/Library/CloudStorage/GoogleDrive-bernynoussi@gmail.com/Mon\ Drive/Formation/Collège\ BDEB/ETE_2026/420-A60-BB\ ALGORITHMES\ D\'APPRENTISSAGE\ PROFOND/Examen\ Final/PasteAsFile
    /bin/mkdir -p /Users/bf/Library/Developer/Xcode/DerivedData/PasteAsFile-dgpbpeznkgqoaobgpyrnpeucjuwy/Build/Products/Release/PasteAsFileFinder.appex/Contents

MkDir /Users/bf/Library/Developer/Xcode/DerivedData/PasteAsFile-dgpbpeznkgqoaobgpyrnpeucjuwy/Build/Products/Release/PasteAsFile.app/Contents/MacOS (in target 'PasteAsFile' from project 'PasteAsFile')
    cd /Users/bf/Library/CloudStorage/GoogleDrive-bernynoussi@gmail.com/Mon\ Drive/Formation/Collège\ BDEB/ETE_2026/420-A60-BB\ ALGORITHMES\ D\'APPRENTISSAGE\ PROFOND/Examen\ Final/PasteAsFile
    /bin/mkdir -p /Users/bf/Library/Developer/Xcode/DerivedData/PasteAsFile-dgpbpeznkgqoaobgpyrnpeucjuwy/Build/Products/Release/PasteAsFile.app/Contents/MacOS

MkDir /Users/bf/Library/Developer/Xcode/DerivedData/PasteAsFile-dgpbpeznkgqoaobgpyrnpeucjuwy/Build/Products/Release/PasteAsFile.app/Contents/PlugIns (in target 'PasteAsFile' from project 'PasteAsFile')
    cd /Users/bf/Library/CloudStorage/GoogleDrive-bernynoussi@gmail.com/Mon\ Drive/Formation/Collège\ BDEB/ETE_2026/420-A60-BB\ ALGORITHMES\ D\'APPRENTISSAGE\ PROFOND/Examen\ Final/PasteAsFile
    /bin/mkdir -p /Users/bf/Library/Developer/Xcode/DerivedData/PasteAsFile-dgpbpeznkgqoaobgpyrnpeucjuwy/Build/Products/Release/PasteAsFile.app/Contents/PlugIns

MkDir /Users/bf/Library/Developer/Xcode/DerivedData/PasteAsFile-dgpbpeznkgqoaobgpyrnpeucjuwy/Build/Products/Release/PasteAsFile.app/Contents (in target 'PasteAsFile' from project 'PasteAsFile')
    cd /Users/bf/Library/CloudStorage/GoogleDrive-bernynoussi@gmail.com/Mon\ Drive/Formation/Collège\ BDEB/ETE_2026/420-A60-BB\ ALGORITHMES\ D\'APPRENTISSAGE\ PROFOND/Examen\ Final/PasteAsFile
    /bin/mkdir -p /Users/bf/Library/Developer/Xcode/DerivedData/PasteAsFile-dgpbpeznkgqoaobgpyrnpeucjuwy/Build/Products/Release/PasteAsFile.app/Contents

MkDir /Users/bf/Library/Developer/Xcode/DerivedData/PasteAsFile-dgpbpeznkgqoaobgpyrnpeucjuwy/Build/Products/Release/PasteAsFile.app (in target 'PasteAsFile' from project 'PasteAsFile')
    cd /Users/bf/Library/CloudStorage/GoogleDrive-bernynoussi@gmail.com/Mon\ Drive/Formation/Collège\ BDEB/ETE_2026/420-A60-BB\ ALGORITHMES\ D\'APPRENTISSAGE\ PROFOND/Examen\ Final/PasteAsFile
    /bin/mkdir -p /Users/bf/Library/Developer/Xcode/DerivedData/PasteAsFile-dgpbpeznkgqoaobgpyrnpeucjuwy/Build/Products/Release/PasteAsFile.app

ProcessProductPackaging /Users/bf/Library/CloudStorage/GoogleDrive-bernynoussi@gmail.com/Mon\ Drive/Formation/Collège\ BDEB/ETE_2026/420-A60-BB\ ALGORITHMES\ D\'APPRENTISSAGE\ PROFOND/Examen\ Final/PasteAsFile/PasteAsFileFinder/PasteAsFileFinder.entitlements /Users/bf/Library/Developer/Xcode/DerivedData/PasteAsFile-dgpbpeznkgqoaobgpyrnpeucjuwy/Build/Intermediates.noindex/PasteAsFile.build/Release/PasteAsFileFinder.build/PasteAsFileFinder.appex.xcent (in target 'PasteAsFileFinder' from project 'PasteAsFile')
    cd /Users/bf/Library/CloudStorage/GoogleDrive-bernynoussi@gmail.com/Mon\ Drive/Formation/Collège\ BDEB/ETE_2026/420-A60-BB\ ALGORITHMES\ D\'APPRENTISSAGE\ PROFOND/Examen\ Final/PasteAsFile
    
    Entitlements:
    
    {
    "com.apple.security.app-sandbox" = 0;
    "com.apple.security.get-task-allow" = 1;
}
    
    builtin-productPackagingUtility /Users/bf/Library/CloudStorage/GoogleDrive-bernynoussi@gmail.com/Mon\ Drive/Formation/Collège\ BDEB/ETE_2026/420-A60-BB\ ALGORITHMES\ D\'APPRENTISSAGE\ PROFOND/Examen\ Final/PasteAsFile/PasteAsFileFinder/PasteAsFileFinder.entitlements -entitlements -format xml -o /Users/bf/Library/Developer/Xcode/DerivedData/PasteAsFile-dgpbpeznkgqoaobgpyrnpeucjuwy/Build/Intermediates.noindex/PasteAsFile.build/Release/PasteAsFileFinder.build/PasteAsFileFinder.appex.xcent

ProcessProductPackagingDER /Users/bf/Library/Developer/Xcode/DerivedData/PasteAsFile-dgpbpeznkgqoaobgpyrnpeucjuwy/Build/Intermediates.noindex/PasteAsFile.build/Release/PasteAsFileFinder.build/PasteAsFileFinder.appex.xcent /Users/bf/Library/Developer/Xcode/DerivedData/PasteAsFile-dgpbpeznkgqoaobgpyrnpeucjuwy/Build/Intermediates.noindex/PasteAsFile.build/Release/PasteAsFileFinder.build/PasteAsFileFinder.appex.xcent.der (in target 'PasteAsFileFinder' from project 'PasteAsFile')
    cd /Users/bf/Library/CloudStorage/GoogleDrive-bernynoussi@gmail.com/Mon\ Drive/Formation/Collège\ BDEB/ETE_2026/420-A60-BB\ ALGORITHMES\ D\'APPRENTISSAGE\ PROFOND/Examen\ Final/PasteAsFile
    /usr/bin/derq query -f xml -i /Users/bf/Library/Developer/Xcode/DerivedData/PasteAsFile-dgpbpeznkgqoaobgpyrnpeucjuwy/Build/Intermediates.noindex/PasteAsFile.build/Release/PasteAsFileFinder.build/PasteAsFileFinder.appex.xcent -o /Users/bf/Library/Developer/Xcode/DerivedData/PasteAsFile-dgpbpeznkgqoaobgpyrnpeucjuwy/Build/Intermediates.noindex/PasteAsFile.build/Release/PasteAsFileFinder.build/PasteAsFileFinder.appex.xcent.der --raw

ProcessInfoPlistFile /Users/bf/Library/Developer/Xcode/DerivedData/PasteAsFile-dgpbpeznkgqoaobgpyrnpeucjuwy/Build/Products/Release/PasteAsFileFinder.appex/Contents/Info.plist /Users/bf/Library/CloudStorage/GoogleDrive-bernynoussi@gmail.com/Mon\ Drive/Formation/Collège\ BDEB/ETE_2026/420-A60-BB\ ALGORITHMES\ D\'APPRENTISSAGE\ PROFOND/Examen\ Final/PasteAsFile/PasteAsFileFinder/Info.plist (in target 'PasteAsFileFinder' from project 'PasteAsFile')
    cd /Users/bf/Library/CloudStorage/GoogleDrive-bernynoussi@gmail.com/Mon\ Drive/Formation/Collège\ BDEB/ETE_2026/420-A60-BB\ ALGORITHMES\ D\'APPRENTISSAGE\ PROFOND/Examen\ Final/PasteAsFile
    builtin-infoPlistUtility /Users/bf/Library/CloudStorage/GoogleDrive-bernynoussi@gmail.com/Mon\ Drive/Formation/Collège\ BDEB/ETE_2026/420-A60-BB\ ALGORITHMES\ D\'APPRENTISSAGE\ PROFOND/Examen\ Final/PasteAsFile/PasteAsFileFinder/Info.plist -producttype com.apple.product-type.app-extension -expandbuildsettings -platform macosx -o /Users/bf/Library/Developer/Xcode/DerivedData/PasteAsFile-dgpbpeznkgqoaobgpyrnpeucjuwy/Build/Products/Release/PasteAsFileFinder.appex/Contents/Info.plist

SwiftDriver PasteAsFileFinder normal arm64 com.apple.xcode.tools.swift.compiler (in target 'PasteAsFileFinder' from project 'PasteAsFile')
    cd /Users/bf/Library/CloudStorage/GoogleDrive-bernynoussi@gmail.com/Mon\ Drive/Formation/Collège\ BDEB/ETE_2026/420-A60-BB\ ALGORITHMES\ D\'APPRENTISSAGE\ PROFOND/Examen\ Final/PasteAsFile
    builtin-SwiftDriver -- /Applications/Xcode.app/Contents/Developer/Toolchains/XcodeDefault.xctoolchain/usr/bin/swiftc -module-name PasteAsFileFinder -O -whole-module-optimization @/Users/bf/Library/Developer/Xcode/DerivedData/PasteAsFile-dgpbpeznkgqoaobgpyrnpeucjuwy/Build/Intermediates.noindex/PasteAsFile.build/Release/PasteAsFileFinder.build/Objects-normal/arm64/PasteAsFileFinder.SwiftFileList -enable-bare-slash-regex -enable-experimental-feature DebugDescriptionMacro -sdk /Applications/Xcode.app/Contents/Developer/Platforms/MacOSX.platform/Developer/SDKs/MacOSX27.0.sdk -target arm64-apple-macos13.0 -g -module-cache-path /Users/bf/Library/Developer/Xcode/DerivedData/ModuleCache.noindex -Xfrontend -serialize-debugging-options -application-extension -swift-version 5 -I /Users/bf/Library/Developer/Xcode/DerivedData/PasteAsFile-dgpbpeznkgqoaobgpyrnpeucjuwy/Build/Products/Release -F /Users/bf/Library/Developer/Xcode/DerivedData/PasteAsFile-dgpbpeznkgqoaobgpyrnpeucjuwy/Build/Products/Release -emit-localized-strings -emit-localized-strings-path /Users/bf/Library/Developer/Xcode/DerivedData/PasteAsFile-dgpbpeznkgqoaobgpyrnpeucjuwy/Build/Intermediates.noindex/PasteAsFile.build/Release/PasteAsFileFinder.build/Objects-normal/arm64 -c -num-threads 16 -Xcc -ivfsstatcache -Xcc /Users/bf/Library/Developer/Xcode/DerivedData/SDKStatCaches.noindex/macosx27.0-26A425-7231f6df4def33e022ae2eb8f782df1a.sdkstatcache -output-file-map /Users/bf/Library/Developer/Xcode/DerivedData/PasteAsFile-dgpbpeznkgqoaobgpyrnpeucjuwy/Build/Intermediates.noindex/PasteAsFile.build/Release/PasteAsFileFinder.build/Objects-normal/arm64/PasteAsFileFinder-OutputFileMap.json -save-temps -no-color-diagnostics -explicit-module-build -module-cache-path /Users/bf/Library/Developer/Xcode/DerivedData/PasteAsFile-dgpbpeznkgqoaobgpyrnpeucjuwy/Build/Intermediates.noindex/SwiftExplicitPrecompiledModules -clang-scanner-module-cache-path /Users/bf/Library/Developer/Xcode/DerivedData/ModuleCache.noindex -sdk-module-cache-path /Users/bf/Library/Developer/Xcode/DerivedData/SDKExplicitPrecompiledModules -emit-dependencies -emit-module -emit-module-path /Users/bf/Library/Developer/Xcode/DerivedData/PasteAsFile-dgpbpeznkgqoaobgpyrnpeucjuwy/Build/Intermediates.noindex/PasteAsFile.build/Release/PasteAsFileFinder.build/Objects-normal/arm64/PasteAsFileFinder.swiftmodule -serialize-diagnostics -dependency-scan-serialize-diagnostics-path /Users/bf/Library/Developer/Xcode/DerivedData/PasteAsFile-dgpbpeznkgqoaobgpyrnpeucjuwy/Build/Intermediates.noindex/PasteAsFile.build/Release/PasteAsFileFinder.build/Objects-normal/arm64/PasteAsFileFinder-dependency-scan.dia -validate-clang-modules-once -clang-build-session-file /Users/bf/Library/Developer/Xcode/DerivedData/ModuleCache.noindex/Session.modulevalidation -Xcc -fmodules-prune-interval\=86400 -Xcc -fmodules-prune-after\=345600 -emit-const-values -const-gather-protocols-list /Users/bf/Library/Developer/Xcode/DerivedData/PasteAsFile-dgpbpeznkgqoaobgpyrnpeucjuwy/Build/Intermediates.noindex/PasteAsFile.build/Release/PasteAsFileFinder.build/Objects-normal/arm64/PasteAsFileFinder_const_extract_protocols.json -Xcc -iquote -Xcc /Users/bf/Library/Developer/Xcode/DerivedData/PasteAsFile-dgpbpeznkgqoaobgpyrnpeucjuwy/Build/Intermediates.noindex/PasteAsFile.build/Release/PasteAsFileFinder.build/PasteAsFileFinder-generated-files.hmap -Xcc -I/Users/bf/Library/Developer/Xcode/DerivedData/PasteAsFile-dgpbpeznkgqoaobgpyrnpeucjuwy/Build/Intermediates.noindex/PasteAsFile.build/Release/PasteAsFileFinder.build/PasteAsFileFinder-own-target-headers.hmap -Xcc -I/Users/bf/Library/Developer/Xcode/DerivedData/PasteAsFile-dgpbpeznkgqoaobgpyrnpeucjuwy/Build/Intermediates.noindex/PasteAsFile.build/Release/PasteAsFileFinder.build/PasteAsFileFinder-all-target-headers.hmap -Xcc -iquote -Xcc /Users/bf/Library/Developer/Xcode/DerivedData/PasteAsFile-dgpbpeznkgqoaobgpyrnpeucjuwy/Build/Intermediates.noindex/PasteAsFile.build/Release/PasteAsFileFinder.build/PasteAsFileFinder-project-headers.hmap -Xcc -I/Users/bf/Library/Developer/Xcode/DerivedData/PasteAsFile-dgpbpeznkgqoaobgpyrnpeucjuwy/Build/Products/Release/include -Xcc -I/Users/bf/Library/Developer/Xcode/DerivedData/PasteAsFile-dgpbpeznkgqoaobgpyrnpeucjuwy/Build/Intermediates.noindex/PasteAsFile.build/Release/PasteAsFileFinder.build/DerivedSources-normal/arm64 -Xcc -I/Users/bf/Library/Developer/Xcode/DerivedData/PasteAsFile-dgpbpeznkgqoaobgpyrnpeucjuwy/Build/Intermediates.noindex/PasteAsFile.build/Release/PasteAsFileFinder.build/DerivedSources/arm64 -Xcc -I/Users/bf/Library/Developer/Xcode/DerivedData/PasteAsFile-dgpbpeznkgqoaobgpyrnpeucjuwy/Build/Intermediates.noindex/PasteAsFile.build/Release/PasteAsFileFinder.build/DerivedSources -emit-objc-header -emit-objc-header-path /Users/bf/Library/Developer/Xcode/DerivedData/PasteAsFile-dgpbpeznkgqoaobgpyrnpeucjuwy/Build/Intermediates.noindex/PasteAsFile.build/Release/PasteAsFileFinder.build/Objects-normal/arm64/PasteAsFileFinder-Swift.h -working-directory /Users/bf/Library/CloudStorage/GoogleDrive-bernynoussi@gmail.com/Mon\ Drive/Formation/Collège\ BDEB/ETE_2026/420-A60-BB\ ALGORITHMES\ D\'APPRENTISSAGE\ PROFOND/Examen\ Final/PasteAsFile -no-emit-module-separately-wmo

SwiftDriver PasteAsFileFinder normal x86_64 com.apple.xcode.tools.swift.compiler (in target 'PasteAsFileFinder' from project 'PasteAsFile')
    cd /Users/bf/Library/CloudStorage/GoogleDrive-bernynoussi@gmail.com/Mon\ Drive/Formation/Collège\ BDEB/ETE_2026/420-A60-BB\ ALGORITHMES\ D\'APPRENTISSAGE\ PROFOND/Examen\ Final/PasteAsFile
    builtin-SwiftDriver -- /Applications/Xcode.app/Contents/Developer/Toolchains/XcodeDefault.xctoolchain/usr/bin/swiftc -module-name PasteAsFileFinder -O -whole-module-optimization @/Users/bf/Library/Developer/Xcode/DerivedData/PasteAsFile-dgpbpeznkgqoaobgpyrnpeucjuwy/Build/Intermediates.noindex/PasteAsFile.build/Release/PasteAsFileFinder.build/Objects-normal/x86_64/PasteAsFileFinder.SwiftFileList -enable-bare-slash-regex -enable-experimental-feature DebugDescriptionMacro -sdk /Applications/Xcode.app/Contents/Developer/Platforms/MacOSX.platform/Developer/SDKs/MacOSX27.0.sdk -target x86_64-apple-macos13.0 -g -module-cache-path /Users/bf/Library/Developer/Xcode/DerivedData/ModuleCache.noindex -Xfrontend -serialize-debugging-options -application-extension -swift-version 5 -I /Users/bf/Library/Developer/Xcode/DerivedData/PasteAsFile-dgpbpeznkgqoaobgpyrnpeucjuwy/Build/Products/Release -F /Users/bf/Library/Developer/Xcode/DerivedData/PasteAsFile-dgpbpeznkgqoaobgpyrnpeucjuwy/Build/Products/Release -emit-localized-strings -emit-localized-strings-path /Users/bf/Library/Developer/Xcode/DerivedData/PasteAsFile-dgpbpeznkgqoaobgpyrnpeucjuwy/Build/Intermediates.noindex/PasteAsFile.build/Release/PasteAsFileFinder.build/Objects-normal/x86_64 -c -num-threads 16 -Xcc -ivfsstatcache -Xcc /Users/bf/Library/Developer/Xcode/DerivedData/SDKStatCaches.noindex/macosx27.0-26A425-7231f6df4def33e022ae2eb8f782df1a.sdkstatcache -output-file-map /Users/bf/Library/Developer/Xcode/DerivedData/PasteAsFile-dgpbpeznkgqoaobgpyrnpeucjuwy/Build/Intermediates.noindex/PasteAsFile.build/Release/PasteAsFileFinder.build/Objects-normal/x86_64/PasteAsFileFinder-OutputFileMap.json -save-temps -no-color-diagnostics -explicit-module-build -module-cache-path /Users/bf/Library/Developer/Xcode/DerivedData/PasteAsFile-dgpbpeznkgqoaobgpyrnpeucjuwy/Build/Intermediates.noindex/SwiftExplicitPrecompiledModules -clang-scanner-module-cache-path /Users/bf/Library/Developer/Xcode/DerivedData/ModuleCache.noindex -sdk-module-cache-path /Users/bf/Library/Developer/Xcode/DerivedData/SDKExplicitPrecompiledModules -emit-dependencies -emit-module -emit-module-path /Users/bf/Library/Developer/Xcode/DerivedData/PasteAsFile-dgpbpeznkgqoaobgpyrnpeucjuwy/Build/Intermediates.noindex/PasteAsFile.build/Release/PasteAsFileFinder.build/Objects-normal/x86_64/PasteAsFileFinder.swiftmodule -serialize-diagnostics -dependency-scan-serialize-diagnostics-path /Users/bf/Library/Developer/Xcode/DerivedData/PasteAsFile-dgpbpeznkgqoaobgpyrnpeucjuwy/Build/Intermediates.noindex/PasteAsFile.build/Release/PasteAsFileFinder.build/Objects-normal/x86_64/PasteAsFileFinder-dependency-scan.dia -validate-clang-modules-once -clang-build-session-file /Users/bf/Library/Developer/Xcode/DerivedData/ModuleCache.noindex/Session.modulevalidation -Xcc -fmodules-prune-interval\=86400 -Xcc -fmodules-prune-after\=345600 -emit-const-values -const-gather-protocols-list /Users/bf/Library/Developer/Xcode/DerivedData/PasteAsFile-dgpbpeznkgqoaobgpyrnpeucjuwy/Build/Intermediates.noindex/PasteAsFile.build/Release/PasteAsFileFinder.build/Objects-normal/x86_64/PasteAsFileFinder_const_extract_protocols.json -Xcc -iquote -Xcc /Users/bf/Library/Developer/Xcode/DerivedData/PasteAsFile-dgpbpeznkgqoaobgpyrnpeucjuwy/Build/Intermediates.noindex/PasteAsFile.build/Release/PasteAsFileFinder.build/PasteAsFileFinder-generated-files.hmap -Xcc -I/Users/bf/Library/Developer/Xcode/DerivedData/PasteAsFile-dgpbpeznkgqoaobgpyrnpeucjuwy/Build/Intermediates.noindex/PasteAsFile.build/Release/PasteAsFileFinder.build/PasteAsFileFinder-own-target-headers.hmap -Xcc -I/Users/bf/Library/Developer/Xcode/DerivedData/PasteAsFile-dgpbpeznkgqoaobgpyrnpeucjuwy/Build/Intermediates.noindex/PasteAsFile.build/Release/PasteAsFileFinder.build/PasteAsFileFinder-all-target-headers.hmap -Xcc -iquote -Xcc /Users/bf/Library/Developer/Xcode/DerivedData/PasteAsFile-dgpbpeznkgqoaobgpyrnpeucjuwy/Build/Intermediates.noindex/PasteAsFile.build/Release/PasteAsFileFinder.build/PasteAsFileFinder-project-headers.hmap -Xcc -I/Users/bf/Library/Developer/Xcode/DerivedData/PasteAsFile-dgpbpeznkgqoaobgpyrnpeucjuwy/Build/Products/Release/include -Xcc -I/Users/bf/Library/Developer/Xcode/DerivedData/PasteAsFile-dgpbpeznkgqoaobgpyrnpeucjuwy/Build/Intermediates.noindex/PasteAsFile.build/Release/PasteAsFileFinder.build/DerivedSources-normal/x86_64 -Xcc -I/Users/bf/Library/Developer/Xcode/DerivedData/PasteAsFile-dgpbpeznkgqoaobgpyrnpeucjuwy/Build/Intermediates.noindex/PasteAsFile.build/Release/PasteAsFileFinder.build/DerivedSources/x86_64 -Xcc -I/Users/bf/Library/Developer/Xcode/DerivedData/PasteAsFile-dgpbpeznkgqoaobgpyrnpeucjuwy/Build/Intermediates.noindex/PasteAsFile.build/Release/PasteAsFileFinder.build/DerivedSources -emit-objc-header -emit-objc-header-path /Users/bf/Library/Developer/Xcode/DerivedData/PasteAsFile-dgpbpeznkgqoaobgpyrnpeucjuwy/Build/Intermediates.noindex/PasteAsFile.build/Release/PasteAsFileFinder.build/Objects-normal/x86_64/PasteAsFileFinder-Swift.h -working-directory /Users/bf/Library/CloudStorage/GoogleDrive-bernynoussi@gmail.com/Mon\ Drive/Formation/Collège\ BDEB/ETE_2026/420-A60-BB\ ALGORITHMES\ D\'APPRENTISSAGE\ PROFOND/Examen\ Final/PasteAsFile -no-emit-module-separately-wmo

SwiftDriver\ Compilation PasteAsFileFinder normal x86_64 com.apple.xcode.tools.swift.compiler (in target 'PasteAsFileFinder' from project 'PasteAsFile')
    cd /Users/bf/Library/CloudStorage/GoogleDrive-bernynoussi@gmail.com/Mon\ Drive/Formation/Collège\ BDEB/ETE_2026/420-A60-BB\ ALGORITHMES\ D\'APPRENTISSAGE\ PROFOND/Examen\ Final/PasteAsFile
    builtin-Swift-Compilation -- /Applications/Xcode.app/Contents/Developer/Toolchains/XcodeDefault.xctoolchain/usr/bin/swiftc -module-name PasteAsFileFinder -O -whole-module-optimization @/Users/bf/Library/Developer/Xcode/DerivedData/PasteAsFile-dgpbpeznkgqoaobgpyrnpeucjuwy/Build/Intermediates.noindex/PasteAsFile.build/Release/PasteAsFileFinder.build/Objects-normal/x86_64/PasteAsFileFinder.SwiftFileList -enable-bare-slash-regex -enable-experimental-feature DebugDescriptionMacro -sdk /Applications/Xcode.app/Contents/Developer/Platforms/MacOSX.platform/Developer/SDKs/MacOSX27.0.sdk -target x86_64-apple-macos13.0 -g -module-cache-path /Users/bf/Library/Developer/Xcode/DerivedData/ModuleCache.noindex -Xfrontend -serialize-debugging-options -application-extension -swift-version 5 -I /Users/bf/Library/Developer/Xcode/DerivedData/PasteAsFile-dgpbpeznkgqoaobgpyrnpeucjuwy/Build/Products/Release -F /Users/bf/Library/Developer/Xcode/DerivedData/PasteAsFile-dgpbpeznkgqoaobgpyrnpeucjuwy/Build/Products/Release -emit-localized-strings -emit-localized-strings-path /Users/bf/Library/Developer/Xcode/DerivedData/PasteAsFile-dgpbpeznkgqoaobgpyrnpeucjuwy/Build/Intermediates.noindex/PasteAsFile.build/Release/PasteAsFileFinder.build/Objects-normal/x86_64 -c -num-threads 16 -Xcc -ivfsstatcache -Xcc /Users/bf/Library/Developer/Xcode/DerivedData/SDKStatCaches.noindex/macosx27.0-26A425-7231f6df4def33e022ae2eb8f782df1a.sdkstatcache -output-file-map /Users/bf/Library/Developer/Xcode/DerivedData/PasteAsFile-dgpbpeznkgqoaobgpyrnpeucjuwy/Build/Intermediates.noindex/PasteAsFile.build/Release/PasteAsFileFinder.build/Objects-normal/x86_64/PasteAsFileFinder-OutputFileMap.json -save-temps -no-color-diagnostics -explicit-module-build -module-cache-path /Users/bf/Library/Developer/Xcode/DerivedData/PasteAsFile-dgpbpeznkgqoaobgpyrnpeucjuwy/Build/Intermediates.noindex/SwiftExplicitPrecompiledModules -clang-scanner-module-cache-path /Users/bf/Library/Developer/Xcode/DerivedData/ModuleCache.noindex -sdk-module-cache-path /Users/bf/Library/Developer/Xcode/DerivedData/SDKExplicitPrecompiledModules -emit-dependencies -emit-module -emit-module-path /Users/bf/Library/Developer/Xcode/DerivedData/PasteAsFile-dgpbpeznkgqoaobgpyrnpeucjuwy/Build/Intermediates.noindex/PasteAsFile.build/Release/PasteAsFileFinder.build/Objects-normal/x86_64/PasteAsFileFinder.swiftmodule -serialize-diagnostics -dependency-scan-serialize-diagnostics-path /Users/bf/Library/Developer/Xcode/DerivedData/PasteAsFile-dgpbpeznkgqoaobgpyrnpeucjuwy/Build/Intermediates.noindex/PasteAsFile.build/Release/PasteAsFileFinder.build/Objects-normal/x86_64/PasteAsFileFinder-dependency-scan.dia -validate-clang-modules-once -clang-build-session-file /Users/bf/Library/Developer/Xcode/DerivedData/ModuleCache.noindex/Session.modulevalidation -Xcc -fmodules-prune-interval\=86400 -Xcc -fmodules-prune-after\=345600 -emit-const-values -const-gather-protocols-list /Users/bf/Library/Developer/Xcode/DerivedData/PasteAsFile-dgpbpeznkgqoaobgpyrnpeucjuwy/Build/Intermediates.noindex/PasteAsFile.build/Release/PasteAsFileFinder.build/Objects-normal/x86_64/PasteAsFileFinder_const_extract_protocols.json -Xcc -iquote -Xcc /Users/bf/Library/Developer/Xcode/DerivedData/PasteAsFile-dgpbpeznkgqoaobgpyrnpeucjuwy/Build/Intermediates.noindex/PasteAsFile.build/Release/PasteAsFileFinder.build/PasteAsFileFinder-generated-files.hmap -Xcc -I/Users/bf/Library/Developer/Xcode/DerivedData/PasteAsFile-dgpbpeznkgqoaobgpyrnpeucjuwy/Build/Intermediates.noindex/PasteAsFile.build/Release/PasteAsFileFinder.build/PasteAsFileFinder-own-target-headers.hmap -Xcc -I/Users/bf/Library/Developer/Xcode/DerivedData/PasteAsFile-dgpbpeznkgqoaobgpyrnpeucjuwy/Build/Intermediates.noindex/PasteAsFile.build/Release/PasteAsFileFinder.build/PasteAsFileFinder-all-target-headers.hmap -Xcc -iquote -Xcc /Users/bf/Library/Developer/Xcode/DerivedData/PasteAsFile-dgpbpeznkgqoaobgpyrnpeucjuwy/Build/Intermediates.noindex/PasteAsFile.build/Release/PasteAsFileFinder.build/PasteAsFileFinder-project-headers.hmap -Xcc -I/Users/bf/Library/Developer/Xcode/DerivedData/PasteAsFile-dgpbpeznkgqoaobgpyrnpeucjuwy/Build/Products/Release/include -Xcc -I/Users/bf/Library/Developer/Xcode/DerivedData/PasteAsFile-dgpbpeznkgqoaobgpyrnpeucjuwy/Build/Intermediates.noindex/PasteAsFile.build/Release/PasteAsFileFinder.build/DerivedSources-normal/x86_64 -Xcc -I/Users/bf/Library/Developer/Xcode/DerivedData/PasteAsFile-dgpbpeznkgqoaobgpyrnpeucjuwy/Build/Intermediates.noindex/PasteAsFile.build/Release/PasteAsFileFinder.build/DerivedSources/x86_64 -Xcc -I/Users/bf/Library/Developer/Xcode/DerivedData/PasteAsFile-dgpbpeznkgqoaobgpyrnpeucjuwy/Build/Intermediates.noindex/PasteAsFile.build/Release/PasteAsFileFinder.build/DerivedSources -emit-objc-header -emit-objc-header-path /Users/bf/Library/Developer/Xcode/DerivedData/PasteAsFile-dgpbpeznkgqoaobgpyrnpeucjuwy/Build/Intermediates.noindex/PasteAsFile.build/Release/PasteAsFileFinder.build/Objects-normal/x86_64/PasteAsFileFinder-Swift.h -working-directory /Users/bf/Library/CloudStorage/GoogleDrive-bernynoussi@gmail.com/Mon\ Drive/Formation/Collège\ BDEB/ETE_2026/420-A60-BB\ ALGORITHMES\ D\'APPRENTISSAGE\ PROFOND/Examen\ Final/PasteAsFile -no-emit-module-separately-wmo

SwiftDriver\ Compilation PasteAsFileFinder normal arm64 com.apple.xcode.tools.swift.compiler (in target 'PasteAsFileFinder' from project 'PasteAsFile')
    cd /Users/bf/Library/CloudStorage/GoogleDrive-bernynoussi@gmail.com/Mon\ Drive/Formation/Collège\ BDEB/ETE_2026/420-A60-BB\ ALGORITHMES\ D\'APPRENTISSAGE\ PROFOND/Examen\ Final/PasteAsFile
    builtin-Swift-Compilation -- /Applications/Xcode.app/Contents/Developer/Toolchains/XcodeDefault.xctoolchain/usr/bin/swiftc -module-name PasteAsFileFinder -O -whole-module-optimization @/Users/bf/Library/Developer/Xcode/DerivedData/PasteAsFile-dgpbpeznkgqoaobgpyrnpeucjuwy/Build/Intermediates.noindex/PasteAsFile.build/Release/PasteAsFileFinder.build/Objects-normal/arm64/PasteAsFileFinder.SwiftFileList -enable-bare-slash-regex -enable-experimental-feature DebugDescriptionMacro -sdk /Applications/Xcode.app/Contents/Developer/Platforms/MacOSX.platform/Developer/SDKs/MacOSX27.0.sdk -target arm64-apple-macos13.0 -g -module-cache-path /Users/bf/Library/Developer/Xcode/DerivedData/ModuleCache.noindex -Xfrontend -serialize-debugging-options -application-extension -swift-version 5 -I /Users/bf/Library/Developer/Xcode/DerivedData/PasteAsFile-dgpbpeznkgqoaobgpyrnpeucjuwy/Build/Products/Release -F /Users/bf/Library/Developer/Xcode/DerivedData/PasteAsFile-dgpbpeznkgqoaobgpyrnpeucjuwy/Build/Products/Release -emit-localized-strings -emit-localized-strings-path /Users/bf/Library/Developer/Xcode/DerivedData/PasteAsFile-dgpbpeznkgqoaobgpyrnpeucjuwy/Build/Intermediates.noindex/PasteAsFile.build/Release/PasteAsFileFinder.build/Objects-normal/arm64 -c -num-threads 16 -Xcc -ivfsstatcache -Xcc /Users/bf/Library/Developer/Xcode/DerivedData/SDKStatCaches.noindex/macosx27.0-26A425-7231f6df4def33e022ae2eb8f782df1a.sdkstatcache -output-file-map /Users/bf/Library/Developer/Xcode/DerivedData/PasteAsFile-dgpbpeznkgqoaobgpyrnpeucjuwy/Build/Intermediates.noindex/PasteAsFile.build/Release/PasteAsFileFinder.build/Objects-normal/arm64/PasteAsFileFinder-OutputFileMap.json -save-temps -no-color-diagnostics -explicit-module-build -module-cache-path /Users/bf/Library/Developer/Xcode/DerivedData/PasteAsFile-dgpbpeznkgqoaobgpyrnpeucjuwy/Build/Intermediates.noindex/SwiftExplicitPrecompiledModules -clang-scanner-module-cache-path /Users/bf/Library/Developer/Xcode/DerivedData/ModuleCache.noindex -sdk-module-cache-path /Users/bf/Library/Developer/Xcode/DerivedData/SDKExplicitPrecompiledModules -emit-dependencies -emit-module -emit-module-path /Users/bf/Library/Developer/Xcode/DerivedData/PasteAsFile-dgpbpeznkgqoaobgpyrnpeucjuwy/Build/Intermediates.noindex/PasteAsFile.build/Release/PasteAsFileFinder.build/Objects-normal/arm64/PasteAsFileFinder.swiftmodule -serialize-diagnostics -dependency-scan-serialize-diagnostics-path /Users/bf/Library/Developer/Xcode/DerivedData/PasteAsFile-dgpbpeznkgqoaobgpyrnpeucjuwy/Build/Intermediates.noindex/PasteAsFile.build/Release/PasteAsFileFinder.build/Objects-normal/arm64/PasteAsFileFinder-dependency-scan.dia -validate-clang-modules-once -clang-build-session-file /Users/bf/Library/Developer/Xcode/DerivedData/ModuleCache.noindex/Session.modulevalidation -Xcc -fmodules-prune-interval\=86400 -Xcc -fmodules-prune-after\=345600 -emit-const-values -const-gather-protocols-list /Users/bf/Library/Developer/Xcode/DerivedData/PasteAsFile-dgpbpeznkgqoaobgpyrnpeucjuwy/Build/Intermediates.noindex/PasteAsFile.build/Release/PasteAsFileFinder.build/Objects-normal/arm64/PasteAsFileFinder_const_extract_protocols.json -Xcc -iquote -Xcc /Users/bf/Library/Developer/Xcode/DerivedData/PasteAsFile-dgpbpeznkgqoaobgpyrnpeucjuwy/Build/Intermediates.noindex/PasteAsFile.build/Release/PasteAsFileFinder.build/PasteAsFileFinder-generated-files.hmap -Xcc -I/Users/bf/Library/Developer/Xcode/DerivedData/PasteAsFile-dgpbpeznkgqoaobgpyrnpeucjuwy/Build/Intermediates.noindex/PasteAsFile.build/Release/PasteAsFileFinder.build/PasteAsFileFinder-own-target-headers.hmap -Xcc -I/Users/bf/Library/Developer/Xcode/DerivedData/PasteAsFile-dgpbpeznkgqoaobgpyrnpeucjuwy/Build/Intermediates.noindex/PasteAsFile.build/Release/PasteAsFileFinder.build/PasteAsFileFinder-all-target-headers.hmap -Xcc -iquote -Xcc /Users/bf/Library/Developer/Xcode/DerivedData/PasteAsFile-dgpbpeznkgqoaobgpyrnpeucjuwy/Build/Intermediates.noindex/PasteAsFile.build/Release/PasteAsFileFinder.build/PasteAsFileFinder-project-headers.hmap -Xcc -I/Users/bf/Library/Developer/Xcode/DerivedData/PasteAsFile-dgpbpeznkgqoaobgpyrnpeucjuwy/Build/Products/Release/include -Xcc -I/Users/bf/Library/Developer/Xcode/DerivedData/PasteAsFile-dgpbpeznkgqoaobgpyrnpeucjuwy/Build/Intermediates.noindex/PasteAsFile.build/Release/PasteAsFileFinder.build/DerivedSources-normal/arm64 -Xcc -I/Users/bf/Library/Developer/Xcode/DerivedData/PasteAsFile-dgpbpeznkgqoaobgpyrnpeucjuwy/Build/Intermediates.noindex/PasteAsFile.build/Release/PasteAsFileFinder.build/DerivedSources/arm64 -Xcc -I/Users/bf/Library/Developer/Xcode/DerivedData/PasteAsFile-dgpbpeznkgqoaobgpyrnpeucjuwy/Build/Intermediates.noindex/PasteAsFile.build/Release/PasteAsFileFinder.build/DerivedSources -emit-objc-header -emit-objc-header-path /Users/bf/Library/Developer/Xcode/DerivedData/PasteAsFile-dgpbpeznkgqoaobgpyrnpeucjuwy/Build/Intermediates.noindex/PasteAsFile.build/Release/PasteAsFileFinder.build/Objects-normal/arm64/PasteAsFileFinder-Swift.h -working-directory /Users/bf/Library/CloudStorage/GoogleDrive-bernynoussi@gmail.com/Mon\ Drive/Formation/Collège\ BDEB/ETE_2026/420-A60-BB\ ALGORITHMES\ D\'APPRENTISSAGE\ PROFOND/Examen\ Final/PasteAsFile -no-emit-module-separately-wmo

SwiftExplicitDependencyGeneratePcm arm64 /Users/bf/Library/Developer/Xcode/DerivedData/SDKExplicitPrecompiledModules/SwiftShims-DENKN0TFQ09XP7L699K8UH5U7.pcm

SwiftExplicitDependencyGeneratePcm arm64 /Users/bf/Library/Developer/Xcode/DerivedData/SDKExplicitPrecompiledModules/_SwiftConcurrencyShims-D43WSQX179LT0M30629J9Z6BH.pcm

SwiftExplicitDependencyGeneratePcm arm64 /Users/bf/Library/Developer/Xcode/DerivedData/SDKExplicitPrecompiledModules/ptrauth-8BZY1ZHN2JN6IDTNEMUJN6HEI.pcm

SwiftExplicitDependencyGeneratePcm arm64 /Users/bf/Library/Developer/Xcode/DerivedData/SDKExplicitPrecompiledModules/_Builtin_stddef-6I6XH8E6ZIAJY8MBQI6X9K9YE.pcm

SwiftExplicitDependencyGeneratePcm x86_64 /Users/bf/Library/Developer/Xcode/DerivedData/SDKExplicitPrecompiledModules/DeveloperToolsSupport-CO7UU1CPH3O2M7XED96F6OE9G.pcm

SwiftExplicitDependencyGeneratePcm arm64 /Users/bf/Library/Developer/Xcode/DerivedData/SDKExplicitPrecompiledModules/ptrcheck-BI54TSUVFUYS1KZ4KUSUEQDHQ.pcm

SwiftExplicitDependencyGeneratePcm x86_64 /Users/bf/Library/Developer/Xcode/DerivedData/SDKExplicitPrecompiledModules/_Builtin_stdarg-83PP8B0167JVK7BRPSM8BVFYY.pcm

SwiftExplicitDependencyGeneratePcm x86_64 /Users/bf/Library/Developer/Xcode/DerivedData/SDKExplicitPrecompiledModules/_Builtin_float-B9GRVK62J0OIBLWGYBAPIASFO.pcm

SwiftExplicitDependencyGeneratePcm x86_64 /Users/bf/Library/Developer/Xcode/DerivedData/SDKExplicitPrecompiledModules/_SwiftConcurrencyShims-7TQJ9MZQYRTV0YC10PDFQQXZT.pcm

SwiftExplicitDependencyGeneratePcm x86_64 /Users/bf/Library/Developer/Xcode/DerivedData/SDKExplicitPrecompiledModules/_Builtin_stdbool-DSRVCEF9T1Q42V1N18HBSRZL1.pcm

SwiftExplicitDependencyGeneratePcm x86_64 /Users/bf/Library/Developer/Xcode/DerivedData/SDKExplicitPrecompiledModules/ptrauth-63P0REZ8WXNSN3N4KSOCDK34G.pcm

SwiftExplicitDependencyGeneratePcm arm64 /Users/bf/Library/Developer/Xcode/DerivedData/SDKExplicitPrecompiledModules/DeveloperToolsSupport-2YNPQOCW6D3QKAPYK5EAAXHZ6.pcm

SwiftExplicitDependencyGeneratePcm arm64 /Users/bf/Library/Developer/Xcode/DerivedData/SDKExplicitPrecompiledModules/_Builtin_stdbool-1NVVF1SLQ388IRL418MHELDPQ.pcm

SwiftExplicitDependencyGeneratePcm x86_64 /Users/bf/Library/Developer/Xcode/DerivedData/SDKExplicitPrecompiledModules/_AvailabilityInternal-9ZGDV8311HYTK3CUA7Y0MXP5Q.pcm

SwiftExplicitDependencyGeneratePcm x86_64 /Users/bf/Library/Developer/Xcode/DerivedData/SDKExplicitPrecompiledModules/SwiftShims-ZPDFBCSJJ3LLU32H29H8FE75.pcm

SwiftExplicitDependencyGeneratePcm arm64 /Users/bf/Library/Developer/Xcode/DerivedData/SDKExplicitPrecompiledModules/_AvailabilityInternal-6MATGJKJF8ZKHHATYZ6GIQ4NH.pcm

SwiftExplicitDependencyGeneratePcm arm64 /Users/bf/Library/Developer/Xcode/DerivedData/SDKExplicitPrecompiledModules/_Builtin_stdarg-6VVNOXNFUFZENXH1KPCTLAC93.pcm

SwiftExplicitDependencyGeneratePcm x86_64 /Users/bf/Library/Developer/Xcode/DerivedData/SDKExplicitPrecompiledModules/ptrcheck-CDDJD3RGGJ207533QPOA0YPYE.pcm

SwiftExplicitDependencyGeneratePcm x86_64 /Users/bf/Library/Developer/Xcode/DerivedData/SDKExplicitPrecompiledModules/_Builtin_stddef-8Z5OKXKNW2KYONGZ9RHNOM1VP.pcm

SwiftExplicitDependencyGeneratePcm arm64 /Users/bf/Library/Developer/Xcode/DerivedData/SDKExplicitPrecompiledModules/_Builtin_float-15U8AEUIZLT8SFJA70MV9FE1A.pcm

SwiftExplicitDependencyGeneratePcm arm64 /Users/bf/Library/Developer/Xcode/DerivedData/SDKExplicitPrecompiledModules/_DarwinFoundation1-5QTTBV321ADT8GN6MIE247WZT.pcm

SwiftExplicitDependencyGeneratePcm x86_64 /Users/bf/Library/Developer/Xcode/DerivedData/SDKExplicitPrecompiledModules/_DarwinFoundation1-8XKBCSUMNDZ4QJPP9FB135OBY.pcm

SwiftExplicitDependencyGeneratePcm x86_64 /Users/bf/Library/Developer/Xcode/DerivedData/SDKExplicitPrecompiledModules/_Builtin_limits-B9BEBZ8L3ILGRLL7C7KSWSFM6.pcm

SwiftExplicitDependencyGeneratePcm x86_64 /Users/bf/Library/Developer/Xcode/DerivedData/SDKExplicitPrecompiledModules/_DarwinFoundation2-DB4BUMBIMGIGXL1DIP1M0OFOW.pcm

SwiftExplicitDependencyGeneratePcm arm64 /Users/bf/Library/Developer/Xcode/DerivedData/SDKExplicitPrecompiledModules/_DarwinFoundation2-CV5AE2T1EP0K6G5R1ZA9BWQXY.pcm

SwiftExplicitDependencyGeneratePcm arm64 /Users/bf/Library/Developer/Xcode/DerivedData/SDKExplicitPrecompiledModules/_Builtin_limits-4NQ9NAQQXC1JBDGVFHHNS33O5.pcm

SwiftExplicitDependencyGeneratePcm x86_64 /Users/bf/Library/Developer/Xcode/DerivedData/SDKExplicitPrecompiledModules/string_h-43QZ7Q7XB6G6PQ1UCHR59EVU2.pcm

SwiftExplicitDependencyGeneratePcm x86_64 /Users/bf/Library/Developer/Xcode/DerivedData/SDKExplicitPrecompiledModules/sys_types-FGNX8PNDLUY9T06CX0X61520.pcm

SwiftExplicitDependencyGeneratePcm x86_64 /Users/bf/Library/Developer/Xcode/DerivedData/SDKExplicitPrecompiledModules/_Builtin_tgmath-C52MICDP9YKFD5XKJZ3Q4KPH1.pcm

SwiftExplicitDependencyGeneratePcm x86_64 /Users/bf/Library/Developer/Xcode/DerivedData/SDKExplicitPrecompiledModules/_Builtin_stdint-A2OPOHBGPSVLPRHS42IL5899Z.pcm

SwiftExplicitDependencyGeneratePcm arm64 /Users/bf/Library/Developer/Xcode/DerivedData/SDKExplicitPrecompiledModules/_Builtin_stdint-9WZOLYLRZ3Z0ZOIUGI12L0I3M.pcm

SwiftExplicitDependencyGeneratePcm arm64 /Users/bf/Library/Developer/Xcode/DerivedData/SDKExplicitPrecompiledModules/sys_types-BCM1ODZ6A97IA9TDDDQ50397U.pcm

SwiftExplicitDependencyGeneratePcm arm64 /Users/bf/Library/Developer/Xcode/DerivedData/SDKExplicitPrecompiledModules/_Builtin_tgmath-9V1H6V4BYZA65XPSXMVEENL4V.pcm

SwiftExplicitDependencyGeneratePcm arm64 /Users/bf/Library/Developer/Xcode/DerivedData/SDKExplicitPrecompiledModules/string_h-ALITCRT5XETC94TAZCL3FYYPH.pcm

SwiftExplicitDependencyGeneratePcm x86_64 /Users/bf/Library/Developer/Xcode/DerivedData/SDKExplicitPrecompiledModules/_Builtin_stdatomic-C85C776Z2P74A74861733Z553.pcm

SwiftExplicitDependencyGeneratePcm x86_64 /Users/bf/Library/Developer/Xcode/DerivedData/SDKExplicitPrecompiledModules/libDER-4E9X0IT0WFD131GDP19FOKL41.pcm

SwiftExplicitDependencyGeneratePcm x86_64 /Users/bf/Library/Developer/Xcode/DerivedData/SDKExplicitPrecompiledModules/_DarwinFoundation3-E93TEXQI32WLAZ9HZGI25BDVC.pcm

SwiftExplicitDependencyGeneratePcm arm64 /Users/bf/Library/Developer/Xcode/DerivedData/SDKExplicitPrecompiledModules/_Builtin_intrinsics-EYR4XEEGS1CPN795OQJRUCBTL.pcm

SwiftExplicitDependencyGeneratePcm arm64 /Users/bf/Library/Developer/Xcode/DerivedData/SDKExplicitPrecompiledModules/_DarwinFoundation3-625MXMVW8VUH91H9U1207UYB5.pcm

SwiftExplicitDependencyGeneratePcm arm64 /Users/bf/Library/Developer/Xcode/DerivedData/SDKExplicitPrecompiledModules/_Builtin_stdatomic-COVV8WSISM6SMTWNO4MG9011.pcm

SwiftExplicitDependencyGeneratePcm arm64 /Users/bf/Library/Developer/Xcode/DerivedData/SDKExplicitPrecompiledModules/libDER-1J0JNUJNWM1N1PF9MXCDQ0PBN.pcm

SwiftExplicitDependencyGeneratePcm x86_64 /Users/bf/Library/Developer/Xcode/DerivedData/SDKExplicitPrecompiledModules/_Builtin_inttypes-AROVTGP6VP1CSAD7SJ9Z0CMEQ.pcm

SwiftExplicitDependencyGeneratePcm x86_64 /Users/bf/Library/Developer/Xcode/DerivedData/SDKExplicitPrecompiledModules/_Builtin_intrinsics-2SMJE4WZNQ7THVAE3SPNSFAAP.pcm

SwiftExplicitDependencyGeneratePcm arm64 /Users/bf/Library/Developer/Xcode/DerivedData/SDKExplicitPrecompiledModules/_Builtin_inttypes-2BIF8CAMJZA9JCATG2CX52I2D.pcm

SwiftExplicitDependencyGeneratePcm x86_64 /Users/bf/Library/Developer/Xcode/DerivedData/SDKExplicitPrecompiledModules/Darwin-238RFBXBCWBVUEBDM5ZW7WYM.pcm

SwiftExplicitDependencyGeneratePcm arm64 /Users/bf/Library/Developer/Xcode/DerivedData/SDKExplicitPrecompiledModules/Darwin-ECMYV0L8JAC8OO1ZCZHKBUP3T.pcm

SwiftExplicitDependencyGeneratePcm arm64 /Users/bf/Library/Developer/Xcode/DerivedData/SDKExplicitPrecompiledModules/simd-DA75MJCOHOJ7YWOD6HEZ28WFG.pcm

SwiftExplicitDependencyGeneratePcm x86_64 /Users/bf/Library/Developer/Xcode/DerivedData/SDKExplicitPrecompiledModules/simd-BTMN9TFZUORTZHWML8EN3BX1T.pcm

SwiftExplicitDependencyGeneratePcm x86_64 /Users/bf/Library/Developer/Xcode/DerivedData/SDKExplicitPrecompiledModules/libkern-1GJWCG7R00C4IAHL9TE4VCGN1.pcm

SwiftExplicitDependencyGeneratePcm x86_64 /Users/bf/Library/Developer/Xcode/DerivedData/SDKExplicitPrecompiledModules/launch-AN8H84A6CXHEOK5LFCLOJYGWE.pcm

SwiftExplicitDependencyGeneratePcm x86_64 /Users/bf/Library/Developer/Xcode/DerivedData/SDKExplicitPrecompiledModules/CUPS-2AN0DG1CF016RWL726YUJUIHN.pcm

SwiftExplicitDependencyGeneratePcm x86_64 /Users/bf/Library/Developer/Xcode/DerivedData/SDKExplicitPrecompiledModules/MachO-2H2TNM16MP77XYFA42CPR1VYU.pcm

SwiftExplicitDependencyGeneratePcm arm64 /Users/bf/Library/Developer/Xcode/DerivedData/SDKExplicitPrecompiledModules/launch-69M6J6OPLUXIZQIIIZLIYTYCK.pcm

SwiftExplicitDependencyGeneratePcm arm64 /Users/bf/Library/Developer/Xcode/DerivedData/SDKExplicitPrecompiledModules/MachO-38D1JRG38I4QQRSOUP3C9ISXS.pcm

SwiftExplicitDependencyGeneratePcm arm64 /Users/bf/Library/Developer/Xcode/DerivedData/SDKExplicitPrecompiledModules/libkern-5SYIYLTOK712RTLLB5P30AQG1.pcm

SwiftExplicitDependencyGeneratePcm arm64 /Users/bf/Library/Developer/Xcode/DerivedData/SDKExplicitPrecompiledModules/CUPS-9YYMCJ1Z9TQPJVU2HYSTM7WIN.pcm

SwiftExplicitDependencyGeneratePcm x86_64 /Users/bf/Library/Developer/Xcode/DerivedData/SDKExplicitPrecompiledModules/ObjectiveC-2JMLJWOJZROSIWK6K4YFW24UG.pcm

SwiftExplicitDependencyGeneratePcm arm64 /Users/bf/Library/Developer/Xcode/DerivedData/SDKExplicitPrecompiledModules/ObjectiveC-D6WFMXW40A8PJKFRQ7VMYUCDU.pcm

SwiftExplicitDependencyGeneratePcm arm64 /Users/bf/Library/Developer/Xcode/DerivedData/SDKExplicitPrecompiledModules/Spatial-302BQXMB01P1JO3DHMCZQT40.pcm

SwiftExplicitDependencyGeneratePcm x86_64 /Users/bf/Library/Developer/Xcode/DerivedData/SDKExplicitPrecompiledModules/os_object-ETLIDR6OZCT28X77Q765P0VL2.pcm

SwiftExplicitDependencyGeneratePcm arm64 /Users/bf/Library/Developer/Xcode/DerivedData/SDKExplicitPrecompiledModules/os_object-DTSEP5RUFO0XTWZA91L21CE8Z.pcm

SwiftExplicitDependencyGeneratePcm x86_64 /Users/bf/Library/Developer/Xcode/DerivedData/SDKExplicitPrecompiledModules/os_workgroup-C9Q3ID37VX7ON34MRIFXC6CSL.pcm

SwiftExplicitDependencyGeneratePcm arm64 /Users/bf/Library/Developer/Xcode/DerivedData/SDKExplicitPrecompiledModules/os_workgroup-AW9FYJAHJYBY4B435T6GJQ2D3.pcm

SwiftExplicitDependencyGeneratePcm x86_64 /Users/bf/Library/Developer/Xcode/DerivedData/SDKExplicitPrecompiledModules/Dispatch-LBPMPP0PRX05YTRNN0MWASPJ.pcm

SwiftExplicitDependencyGeneratePcm arm64 /Users/bf/Library/Developer/Xcode/DerivedData/SDKExplicitPrecompiledModules/Dispatch-9CB9WB6MJQTJ9MVBKCZ8BE0IF.pcm

SwiftExplicitDependencyGeneratePcm x86_64 /Users/bf/Library/Developer/Xcode/DerivedData/SDKExplicitPrecompiledModules/XPC-AT17JYKX2DUH8VSB5QV6F93T5.pcm

SwiftExplicitDependencyGeneratePcm x86_64 /Users/bf/Library/Developer/Xcode/DerivedData/SDKExplicitPrecompiledModules/CoreFoundation-3T9LFX439RVWXSTDXB02G16QQ.pcm

SwiftExplicitDependencyGeneratePcm x86_64 /Users/bf/Library/Developer/Xcode/DerivedData/SDKExplicitPrecompiledModules/Spatial-7ZIBH2E173XFHSU49L664X64D.pcm

SwiftExplicitDependencyGeneratePcm arm64 /Users/bf/Library/Developer/Xcode/DerivedData/SDKExplicitPrecompiledModules/CoreFoundation-ALTT2ISQC4IW0GV95V6N0NTKW.pcm

SwiftExplicitDependencyGeneratePcm arm64 /Users/bf/Library/Developer/Xcode/DerivedData/SDKExplicitPrecompiledModules/XPC-BMC0PPM6207F47KN6YUR7EZFS.pcm

SwiftExplicitDependencyGeneratePcm x86_64 /Users/bf/Library/Developer/Xcode/DerivedData/SDKExplicitPrecompiledModules/os-9B0MTL13GUUKDSAE8V9N945IH.pcm

SwiftExplicitDependencyGeneratePcm x86_64 /Users/bf/Library/Developer/Xcode/DerivedData/SDKExplicitPrecompiledModules/IOKit-2171PXVWY9I0R6SYNO9MOA7YE.pcm

SwiftExplicitDependencyGeneratePcm x86_64 /Users/bf/Library/Developer/Xcode/DerivedData/SDKExplicitPrecompiledModules/CFNetwork-49QYZHG22O2EJC2TMF8JT6T07.pcm

SwiftExplicitDependencyGeneratePcm x86_64 /Users/bf/Library/Developer/Xcode/DerivedData/SDKExplicitPrecompiledModules/Security-DAR2JBRVO6E733K6TEZXV7LE0.pcm

SwiftExplicitDependencyGeneratePcm x86_64 /Users/bf/Library/Developer/Xcode/DerivedData/SDKExplicitPrecompiledModules/ColorSync-ERQ702JDOKVDNKNXP8D1OCD7C.pcm

SwiftExplicitDependencyGeneratePcm arm64 /Users/bf/Library/Developer/Xcode/DerivedData/SDKExplicitPrecompiledModules/os-AXEVC2FDHEZE76JMDY08H0A30.pcm

SwiftExplicitDependencyGeneratePcm arm64 /Users/bf/Library/Developer/Xcode/DerivedData/SDKExplicitPrecompiledModules/IOKit-1DYROEC6I85W682KTRZI1KE7P.pcm

SwiftExplicitDependencyGeneratePcm arm64 /Users/bf/Library/Developer/Xcode/DerivedData/SDKExplicitPrecompiledModules/ColorSync-8QE8JFPGFKT65RAY3YZE80JAO.pcm

SwiftExplicitDependencyGeneratePcm arm64 /Users/bf/Library/Developer/Xcode/DerivedData/SDKExplicitPrecompiledModules/Security-1AC9YNN7O5WAKADEU07QSOHGA.pcm

SwiftExplicitDependencyGeneratePcm arm64 /Users/bf/Library/Developer/Xcode/DerivedData/SDKExplicitPrecompiledModules/CFNetwork-UN2I35M59YWXYSFSEZAHZ4RN.pcm

SwiftExplicitDependencyGeneratePcm x86_64 /Users/bf/Library/Developer/Xcode/DerivedData/SDKExplicitPrecompiledModules/DiskArbitration-R45CDPOF5O61WB8KZQIYXJDB.pcm

SwiftExplicitDependencyGeneratePcm x86_64 /Users/bf/Library/Developer/Xcode/DerivedData/SDKExplicitPrecompiledModules/CoreGraphics-DFZ8GBOLETUJM6NEWMMYCP020.pcm

SwiftExplicitDependencyGeneratePcm x86_64 /Users/bf/Library/Developer/Xcode/DerivedData/SDKExplicitPrecompiledModules/CoreServices-1Z22LF0W413IOXNWESEE7MLFI.pcm

SwiftExplicitDependencyGeneratePcm arm64 /Users/bf/Library/Developer/Xcode/DerivedData/SDKExplicitPrecompiledModules/CoreGraphics-9EORBJGHXZ01C01QMCUEEUCL9.pcm

SwiftExplicitDependencyGeneratePcm arm64 /Users/bf/Library/Developer/Xcode/DerivedData/SDKExplicitPrecompiledModules/DiskArbitration-CGR2ROYPLQSYHITGEL8QTOUJB.pcm

SwiftExplicitDependencyGeneratePcm x86_64 /Users/bf/Library/Developer/Xcode/DerivedData/SDKExplicitPrecompiledModules/CoreText-43O7MYXVGS2ZLPFFQ3H88FX0X.pcm

SwiftExplicitDependencyGeneratePcm x86_64 /Users/bf/Library/Developer/Xcode/DerivedData/SDKExplicitPrecompiledModules/ImageIO-8WFOWYD2VAE6I8MJGTE9MELXT.pcm

SwiftExplicitDependencyGeneratePcm arm64 /Users/bf/Library/Developer/Xcode/DerivedData/SDKExplicitPrecompiledModules/CoreServices-8RNALFD7T4Z06YU4JJVOXHINZ.pcm

SwiftExplicitDependencyGeneratePcm arm64 /Users/bf/Library/Developer/Xcode/DerivedData/SDKExplicitPrecompiledModules/CoreText-YPKYBYK2OCR4WPW2PPZNCS9P.pcm

SwiftExplicitDependencyGeneratePcm arm64 /Users/bf/Library/Developer/Xcode/DerivedData/SDKExplicitPrecompiledModules/ImageIO-DZ6V8A6B5E1B8EKAD5YWZE2Z2.pcm

SwiftExplicitDependencyGeneratePcm x86_64 /Users/bf/Library/Developer/Xcode/DerivedData/SDKExplicitPrecompiledModules/Foundation-2Z5UJW8C89TRWBY30ZDIA711L.pcm

SwiftExplicitDependencyGeneratePcm arm64 /Users/bf/Library/Developer/Xcode/DerivedData/SDKExplicitPrecompiledModules/Foundation-OAC9YBOOCRQ2ZH009CG4KMUL.pcm

SwiftExplicitDependencyGeneratePcm x86_64 /Users/bf/Library/Developer/Xcode/DerivedData/SDKExplicitPrecompiledModules/Symbols-2A4PG5CSH774OPKEWN195VWAK.pcm

SwiftExplicitDependencyGeneratePcm x86_64 /Users/bf/Library/Developer/Xcode/DerivedData/SDKExplicitPrecompiledModules/OSLog-7Z0P6KXITT9WHK2GPGOZ2HP5L.pcm

SwiftExplicitDependencyGeneratePcm x86_64 /Users/bf/Library/Developer/Xcode/DerivedData/SDKExplicitPrecompiledModules/CoreData-9QCY5YTDYUYVG32QDYW8OK5WH.pcm

SwiftExplicitDependencyGeneratePcm x86_64 /Users/bf/Library/Developer/Xcode/DerivedData/SDKExplicitPrecompiledModules/ApplicationServices-A67665HOI43V9MBZCWE8SJQLU.pcm

SwiftExplicitDependencyGeneratePcm x86_64 /Users/bf/Library/Developer/Xcode/DerivedData/SDKExplicitPrecompiledModules/CoreTransferable-47A7PEMAFKYWF2W4CYQUM6BHW.pcm

SwiftExplicitDependencyGeneratePcm x86_64 /Users/bf/Library/Developer/Xcode/DerivedData/SDKExplicitPrecompiledModules/Accessibility-9DOJEKJK7QKWQW797J13RX2XA.pcm

SwiftExplicitDependencyGeneratePcm x86_64 /Users/bf/Library/Developer/Xcode/DerivedData/SDKExplicitPrecompiledModules/IOSurface-2NUDGLFCCG83CKNB17TR8Q6JA.pcm

SwiftExplicitDependencyGeneratePcm x86_64 /Users/bf/Library/Developer/Xcode/DerivedData/SDKExplicitPrecompiledModules/DataDetection-5JU0LIZ0TNYQ6TIO8XL60BJ4B.pcm

SwiftExplicitDependencyGeneratePcm x86_64 /Users/bf/Library/Developer/Xcode/DerivedData/SDKExplicitPrecompiledModules/UniformTypeIdentifiers-A8WD461ET7TDFM25YV5S13Z5I.pcm

SwiftExplicitDependencyGeneratePcm arm64 /Users/bf/Library/Developer/Xcode/DerivedData/SDKExplicitPrecompiledModules/Symbols-83IMNQ15K2JBLIDGPQE7AWRA1.pcm

SwiftExplicitDependencyGeneratePcm arm64 /Users/bf/Library/Developer/Xcode/DerivedData/SDKExplicitPrecompiledModules/ApplicationServices-CB2V73616QRKSLZQOKUIG6PAH.pcm

SwiftExplicitDependencyGeneratePcm arm64 /Users/bf/Library/Developer/Xcode/DerivedData/SDKExplicitPrecompiledModules/CoreData-AGUGJRS17XH3C09MJHJNYTY5Z.pcm

SwiftExplicitDependencyGeneratePcm arm64 /Users/bf/Library/Developer/Xcode/DerivedData/SDKExplicitPrecompiledModules/OSLog-17IK0E058SMRPCKNC8CP2NY3V.pcm

SwiftExplicitDependencyGeneratePcm arm64 /Users/bf/Library/Developer/Xcode/DerivedData/SDKExplicitPrecompiledModules/DataDetection-5O4OTCZ79YLM34A75QEIHHSO2.pcm

SwiftExplicitDependencyGeneratePcm arm64 /Users/bf/Library/Developer/Xcode/DerivedData/SDKExplicitPrecompiledModules/IOSurface-BB7BWKUT9XD5TMYCJQS8B3GBT.pcm

SwiftExplicitDependencyGeneratePcm arm64 /Users/bf/Library/Developer/Xcode/DerivedData/SDKExplicitPrecompiledModules/UniformTypeIdentifiers-EW38VZXKLIW0H4JD5JGT175KY.pcm

SwiftExplicitDependencyGeneratePcm arm64 /Users/bf/Library/Developer/Xcode/DerivedData/SDKExplicitPrecompiledModules/Accessibility-5BRB4FIIPZWZZKZCU0T6ATWA0.pcm

SwiftExplicitDependencyGeneratePcm arm64 /Users/bf/Library/Developer/Xcode/DerivedData/SDKExplicitPrecompiledModules/CoreTransferable-3RXTVIX279J5KXLL3UXV10S4Q.pcm

SwiftExplicitDependencyGeneratePcm x86_64 /Users/bf/Library/Developer/Xcode/DerivedData/SDKExplicitPrecompiledModules/OpenGL-3UKZ5BH38SJB4F9BTBLA6QJ3X.pcm

SwiftExplicitDependencyGeneratePcm x86_64 /Users/bf/Library/Developer/Xcode/DerivedData/SDKExplicitPrecompiledModules/Metal-CT5UHYZBZKZ0L1BI8K4JODFZ5.pcm

SwiftExplicitDependencyGeneratePcm arm64 /Users/bf/Library/Developer/Xcode/DerivedData/SDKExplicitPrecompiledModules/OpenGL-1CKD9C95H5UKJZLVJ07EWM1KY.pcm

SwiftExplicitDependencyGeneratePcm arm64 /Users/bf/Library/Developer/Xcode/DerivedData/SDKExplicitPrecompiledModules/Metal-38V7IMX7G3BEFDB3LIK1HSF9L.pcm

SwiftExplicitDependencyGeneratePcm x86_64 /Users/bf/Library/Developer/Xcode/DerivedData/SDKExplicitPrecompiledModules/CoreVideo-25BK0AHGB7ERYSBETQD7N8VKT.pcm

SwiftExplicitDependencyGeneratePcm arm64 /Users/bf/Library/Developer/Xcode/DerivedData/SDKExplicitPrecompiledModules/CoreVideo-355CNPFQHIIPH1HCNUR41IDRO.pcm

SwiftExplicitDependencyGeneratePcm x86_64 /Users/bf/Library/Developer/Xcode/DerivedData/SDKExplicitPrecompiledModules/CoreImage-CENJMG3V7VQHNTQR30RN8GSEZ.pcm

SwiftExplicitDependencyGeneratePcm x86_64 /Users/bf/Library/Developer/Xcode/DerivedData/SDKExplicitPrecompiledModules/QuartzCore-6GDPTUIL284RLLFHZ9L4M6PHS.pcm

SwiftExplicitDependencyGeneratePcm arm64 /Users/bf/Library/Developer/Xcode/DerivedData/SDKExplicitPrecompiledModules/QuartzCore-CEC5XLEZWVSPWR7OT0QIK80M1.pcm

SwiftExplicitDependencyGeneratePcm arm64 /Users/bf/Library/Developer/Xcode/DerivedData/SDKExplicitPrecompiledModules/CoreImage-CKB8OKGAT2OCKL56OW9BTQRAM.pcm

SwiftExplicitDependencyGeneratePcm x86_64 /Users/bf/Library/Developer/Xcode/DerivedData/SDKExplicitPrecompiledModules/SwiftUICore-33C4ML235NV8UN9P5QFVBPT91.pcm

SwiftExplicitDependencyGeneratePcm x86_64 /Users/bf/Library/Developer/Xcode/DerivedData/SDKExplicitPrecompiledModules/AppKit-1XSGE0PA4C0XS24HL90G17UPO.pcm

SwiftExplicitDependencyGeneratePcm arm64 /Users/bf/Library/Developer/Xcode/DerivedData/SDKExplicitPrecompiledModules/SwiftUICore-57GML5VVTQTWWTA4V8VZ9INFT.pcm

SwiftExplicitDependencyGeneratePcm arm64 /Users/bf/Library/Developer/Xcode/DerivedData/SDKExplicitPrecompiledModules/AppKit-D6PMXJC5RSHR2D7Z2FQFTTJMY.pcm

SwiftExplicitDependencyGeneratePcm x86_64 /Users/bf/Library/Developer/Xcode/DerivedData/SDKExplicitPrecompiledModules/FinderSync-6TS6GUZIJ6AAEF25Y9BVDQMPX.pcm

SwiftExplicitDependencyGeneratePcm arm64 /Users/bf/Library/Developer/Xcode/DerivedData/SDKExplicitPrecompiledModules/FinderSync-8MQ3PEVH1FOHFCH15SKI1MED6.pcm

SwiftCompile normal x86_64 Compiling\ FinderSync.swift,\ PasteLogic.swift /Users/bf/Library/CloudStorage/GoogleDrive-bernynoussi@gmail.com/Mon\ Drive/Formation/Collège\ BDEB/ETE_2026/420-A60-BB\ ALGORITHMES\ D\'APPRENTISSAGE\ PROFOND/Examen\ Final/PasteAsFile/PasteAsFileFinder/FinderSync.swift /Users/bf/Library/CloudStorage/GoogleDrive-bernynoussi@gmail.com/Mon\ Drive/Formation/Collège\ BDEB/ETE_2026/420-A60-BB\ ALGORITHMES\ D\'APPRENTISSAGE\ PROFOND/Examen\ Final/PasteAsFile/PasteAsFileCore/PasteLogic.swift /Applications/Xcode.app/Contents/Developer/Toolchains/XcodeDefault.xctoolchain/usr/lib/swift/macosx/prebuilt-modules/27.0/_Builtin_float.swiftmodule/x86_64-apple-macos.swiftmodule /Applications/Xcode.app/Contents/Developer/Toolchains/XcodeDefault.xctoolchain/usr/lib/swift/macosx/prebuilt-modules/27.0/simd.swiftmodule/x86_64-apple-macos.swiftmodule /Applications/Xcode.app/Contents/Developer/Toolchains/XcodeDefault.xctoolchain/usr/lib/swift/macosx/prebuilt-modules/27.0/CoreText.swiftmodule/x86_64-apple-macos.swiftmodule /Applications/Xcode.app/Contents/Developer/Toolchains/XcodeDefault.xctoolchain/usr/lib/swift/macosx/prebuilt-modules/27.0/_StringProcessing.swiftmodule/x86_64-apple-macos.swiftmodule /Applications/Xcode.app/Contents/Developer/Toolchains/XcodeDefault.xctoolchain/usr/lib/swift/macosx/prebuilt-modules/27.0/CoreTransferable.swiftmodule/x86_64-apple-macos.swiftmodule /Applications/Xcode.app/Contents/Developer/Toolchains/XcodeDefault.xctoolchain/usr/lib/swift/macosx/prebuilt-modules/27.0/IOKit.swiftmodule/x86_64-apple-macos.swiftmodule /Applications/Xcode.app/Contents/Developer/Toolchains/XcodeDefault.xctoolchain/usr/lib/swift/macosx/prebuilt-modules/27.0/Observation.swiftmodule/x86_64-apple-macos.swiftmodule /Applications/Xcode.app/Contents/Developer/Toolchains/XcodeDefault.xctoolchain/usr/lib/swift/macosx/prebuilt-modules/27.0/CoreImage.swiftmodule/x86_64-apple-macos.swiftmodule /Applications/Xcode.app/Contents/Developer/Toolchains/XcodeDefault.xctoolchain/usr/lib/swift/macosx/prebuilt-modules/27.0/QuartzCore.swiftmodule/x86_64-apple-macos.swiftmodule /Applications/Xcode.app/Contents/Developer/Toolchains/XcodeDefault.xctoolchain/usr/lib/swift/macosx/prebuilt-modules/27.0/DataDetection.swiftmodule/x86_64-apple-macos.swiftmodule /Applications/Xcode.app/Contents/Developer/Toolchains/XcodeDefault.xctoolchain/usr/lib/swift/macosx/prebuilt-modules/27.0/Foundation.swiftmodule/x86_64-apple-macos.swiftmodule /Applications/Xcode.app/Contents/Developer/Toolchains/XcodeDefault.xctoolchain/usr/lib/swift/macosx/prebuilt-modules/27.0/CoreGraphics.swiftmodule/x86_64-apple-macos.swiftmodule /Applications/Xcode.app/Contents/Developer/Toolchains/XcodeDefault.xctoolchain/usr/lib/swift/macosx/prebuilt-modules/27.0/CoreVideo.swiftmodule/x86_64-apple-macos.swiftmodule /Applications/Xcode.app/Contents/Developer/Toolchains/XcodeDefault.xctoolchain/usr/lib/swift/macosx/prebuilt-modules/27.0/Dispatch.swiftmodule/x86_64-apple-macos.swiftmodule /Applications/Xcode.app/Contents/Developer/Toolchains/XcodeDefault.xctoolchain/usr/lib/swift/macosx/prebuilt-modules/27.0/Metal.swiftmodule/x86_64-apple-macos.swiftmodule /Applications/Xcode.app/Contents/Developer/Toolchains/XcodeDefault.xctoolchain/usr/lib/swift/macosx/prebuilt-modules/27.0/XPC.swiftmodule/x86_64-apple-macos.swiftmodule /Applications/Xcode.app/Contents/Developer/Toolchains/XcodeDefault.xctoolchain/usr/lib/swift/macosx/prebuilt-modules/27.0/Symbols.swiftmodule/x86_64-apple-macos.swiftmodule /Applications/Xcode.app/Contents/Developer/Toolchains/XcodeDefault.xctoolchain/usr/lib/swift/macosx/prebuilt-modules/27.0/_Concurrency.swiftmodule/x86_64-apple-macos.swiftmodule /Applications/Xcode.app/Contents/Developer/Toolchains/XcodeDefault.xctoolchain/usr/lib/swift/macosx/prebuilt-modules/27.0/SwiftUICore.swiftmodule/x86_64-apple-macos.swiftmodule /Applications/Xcode.app/Contents/Developer/Toolchains/XcodeDefault.xctoolchain/usr/lib/swift/macosx/prebuilt-modules/27.0/ColorSync.swiftmodule/x86_64-apple-macos.swiftmodule /Applications/Xcode.app/Contents/Developer/Toolchains/XcodeDefault.xctoolchain/usr/lib/swift/macosx/prebuilt-modules/27.0/Combine.swiftmodule/x86_64-apple-macos.swiftmodule /Applications/Xcode.app/Contents/Developer/Toolchains/XcodeDefault.xctoolchain/usr/lib/swift/macosx/prebuilt-modules/27.0/Swift.swiftmodule/x86_64-apple-macos.swiftmodule /Applications/Xcode.app/Contents/Developer/Toolchains/XcodeDefault.xctoolchain/usr/lib/swift/macosx/prebuilt-modules/27.0/_DarwinFoundation1.swiftmodule/x86_64-apple-macos.swiftmodule /Applications/Xcode.app/Contents/Developer/Toolchains/XcodeDefault.xctoolchain/usr/lib/swift/macosx/prebuilt-modules/27.0/System.swiftmodule/x86_64-apple-macos.swiftmodule /Applications/Xcode.app/Contents/Developer/Toolchains/XcodeDefault.xctoolchain/usr/lib/swift/macosx/prebuilt-modules/27.0/_DarwinFoundation2.swiftmodule/x86_64-apple-macos.swiftmodule /Applications/Xcode.app/Contents/Developer/Toolchains/XcodeDefault.xctoolchain/usr/lib/swift/macosx/prebuilt-modules/27.0/DeveloperToolsSupport.swiftmodule/x86_64-apple-macos.swiftmodule /Applications/Xcode.app/Contents/Developer/Toolchains/XcodeDefault.xctoolchain/usr/lib/swift/macosx/prebuilt-modules/27.0/Spatial.swiftmodule/x86_64-apple-macos.swiftmodule /Applications/Xcode.app/Contents/Developer/Toolchains/XcodeDefault.xctoolchain/usr/lib/swift/macosx/prebuilt-modules/27.0/AppKit.swiftmodule/x86_64-apple-macos.swiftmodule /Applications/Xcode.app/Contents/Developer/Toolchains/XcodeDefault.xctoolchain/usr/lib/swift/macosx/prebuilt-modules/27.0/UniformTypeIdentifiers.swiftmodule/x86_64-apple-macos.swiftmodule /Applications/Xcode.app/Contents/Developer/Toolchains/XcodeDefault.xctoolchain/usr/lib/swift/macosx/prebuilt-modules/27.0/Darwin.swiftmodule/x86_64-apple-macos.swiftmodule /Applications/Xcode.app/Contents/Developer/Toolchains/XcodeDefault.xctoolchain/usr/lib/swift/macosx/prebuilt-modules/27.0/CoreFoundation.swiftmodule/x86_64-apple-macos.swiftmodule /Applications/Xcode.app/Contents/Developer/Toolchains/XcodeDefault.xctoolchain/usr/lib/swift/macosx/prebuilt-modules/27.0/ObjectiveC.swiftmodule/x86_64-apple-macos.swiftmodule /Applications/Xcode.app/Contents/Developer/Toolchains/XcodeDefault.xctoolchain/usr/lib/swift/macosx/prebuilt-modules/27.0/Accessibility.swiftmodule/x86_64-apple-macos.swiftmodule /Applications/Xcode.app/Contents/Developer/Toolchains/XcodeDefault.xctoolchain/usr/lib/swift/macosx/prebuilt-modules/27.0/ImageIO.swiftmodule/x86_64-apple-macos.swiftmodule /Applications/Xcode.app/Contents/Developer/Toolchains/XcodeDefault.xctoolchain/usr/lib/swift/macosx/prebuilt-modules/27.0/CoreData.swiftmodule/x86_64-apple-macos.swiftmodule /Applications/Xcode.app/Contents/Developer/Toolchains/XcodeDefault.xctoolchain/usr/lib/swift/macosx/prebuilt-modules/27.0/OSLog.swiftmodule/x86_64-apple-macos.swiftmodule /Applications/Xcode.app/Contents/Developer/Toolchains/XcodeDefault.xctoolchain/usr/lib/swift/macosx/prebuilt-modules/27.0/_DarwinFoundation3.swiftmodule/x86_64-apple-macos.swiftmodule /Applications/Xcode.app/Contents/Developer/Toolchains/XcodeDefault.xctoolchain/usr/lib/swift/macosx/prebuilt-modules/27.0/os.swiftmodule/x86_64-apple-macos.swiftmodule /Users/bf/Library/Developer/Xcode/DerivedData/SDKExplicitPrecompiledModules/_Builtin_stdint-A2OPOHBGPSVLPRHS42IL5899Z.pcm /Users/bf/Library/Developer/Xcode/DerivedData/SDKExplicitPrecompiledModules/Accessibility-9DOJEKJK7QKWQW797J13RX2XA.pcm /Users/bf/Library/Developer/Xcode/DerivedData/SDKExplicitPrecompiledModules/Security-DAR2JBRVO6E733K6TEZXV7LE0.pcm /Users/bf/Library/Developer/Xcode/DerivedData/SDKExplicitPrecompiledModules/_Builtin_stddef-8Z5OKXKNW2KYONGZ9RHNOM1VP.pcm /Users/bf/Library/Developer/Xcode/DerivedData/SDKExplicitPrecompiledModules/simd-BTMN9TFZUORTZHWML8EN3BX1T.pcm /Users/bf/Library/Developer/Xcode/DerivedData/SDKExplicitPrecompiledModules/FinderSync-6TS6GUZIJ6AAEF25Y9BVDQMPX.pcm /Users/bf/Library/Developer/Xcode/DerivedData/SDKExplicitPrecompiledModules/AppKit-1XSGE0PA4C0XS24HL90G17UPO.pcm /Users/bf/Library/Developer/Xcode/DerivedData/SDKExplicitPrecompiledModules/Spatial-7ZIBH2E173XFHSU49L664X64D.pcm /Users/bf/Library/Developer/Xcode/DerivedData/SDKExplicitPrecompiledModules/XPC-AT17JYKX2DUH8VSB5QV6F93T5.pcm /Users/bf/Library/Developer/Xcode/DerivedData/SDKExplicitPrecompiledModules/_Builtin_intrinsics-2SMJE4WZNQ7THVAE3SPNSFAAP.pcm /Users/bf/Library/Developer/Xcode/DerivedData/SDKExplicitPrecompiledModules/_Builtin_tgmath-C52MICDP9YKFD5XKJZ3Q4KPH1.pcm /Users/bf/Library/Developer/Xcode/DerivedData/SDKExplicitPrecompiledModules/ApplicationServices-A67665HOI43V9MBZCWE8SJQLU.pcm /Users/bf/Library/Developer/Xcode/DerivedData/SDKExplicitPrecompiledModules/CoreText-43O7MYXVGS2ZLPFFQ3H88FX0X.pcm /Users/bf/Library/Developer/Xcode/DerivedData/SDKExplicitPrecompiledModules/SwiftShims-ZPDFBCSJJ3LLU32H29H8FE75.pcm /Users/bf/Library/Developer/Xcode/DerivedData/SDKExplicitPrecompiledModules/_Builtin_inttypes-AROVTGP6VP1CSAD7SJ9Z0CMEQ.pcm /Users/bf/Library/Developer/Xcode/DerivedData/SDKExplicitPrecompiledModules/DiskArbitration-R45CDPOF5O61WB8KZQIYXJDB.pcm /Users/bf/Library/Developer/Xcode/DerivedData/SDKExplicitPrecompiledModules/OpenGL-3UKZ5BH38SJB4F9BTBLA6QJ3X.pcm /Users/bf/Library/Developer/Xcode/DerivedData/SDKExplicitPrecompiledModules/CFNetwork-49QYZHG22O2EJC2TMF8JT6T07.pcm /Users/bf/Library/Developer/Xcode/DerivedData/SDKExplicitPrecompiledModules/IOKit-2171PXVWY9I0R6SYNO9MOA7YE.pcm /Users/bf/Library/Developer/Xcode/DerivedData/SDKExplicitPrecompiledModules/_Builtin_float-B9GRVK62J0OIBLWGYBAPIASFO.pcm /Users/bf/Library/Developer/Xcode/DerivedData/SDKExplicitPrecompiledModules/UniformTypeIdentifiers-A8WD461ET7TDFM25YV5S13Z5I.pcm /Users/bf/Library/Developer/Xcode/DerivedData/SDKExplicitPrecompiledModules/_DarwinFoundation2-DB4BUMBIMGIGXL1DIP1M0OFOW.pcm /Users/bf/Library/Developer/Xcode/DerivedData/SDKExplicitPrecompiledModules/MachO-2H2TNM16MP77XYFA42CPR1VYU.pcm /Users/bf/Library/Developer/Xcode/DerivedData/SDKExplicitPrecompiledModules/CoreFoundation-3T9LFX439RVWXSTDXB02G16QQ.pcm /Users/bf/Library/Developer/Xcode/DerivedData/SDKExplicitPrecompiledModules/Metal-CT5UHYZBZKZ0L1BI8K4JODFZ5.pcm /Users/bf/Library/Developer/Xcode/DerivedData/SDKExplicitPrecompiledModules/CUPS-2AN0DG1CF016RWL726YUJUIHN.pcm /Users/bf/Library/Developer/Xcode/DerivedData/SDKExplicitPrecompiledModules/Symbols-2A4PG5CSH774OPKEWN195VWAK.pcm /Users/bf/Library/Developer/Xcode/DerivedData/SDKExplicitPrecompiledModules/_AvailabilityInternal-9ZGDV8311HYTK3CUA7Y0MXP5Q.pcm /Users/bf/Library/Developer/Xcode/DerivedData/SDKExplicitPrecompiledModules/ptrauth-63P0REZ8WXNSN3N4KSOCDK34G.pcm /Users/bf/Library/Developer/Xcode/DerivedData/SDKExplicitPrecompiledModules/CoreImage-CENJMG3V7VQHNTQR30RN8GSEZ.pcm /Users/bf/Library/Developer/Xcode/DerivedData/SDKExplicitPrecompiledModules/CoreData-9QCY5YTDYUYVG32QDYW8OK5WH.pcm /Users/bf/Library/Developer/Xcode/DerivedData/SDKExplicitPrecompiledModules/ObjectiveC-2JMLJWOJZROSIWK6K4YFW24UG.pcm /Users/bf/Library/Developer/Xcode/DerivedData/SDKExplicitPrecompiledModules/Darwin-238RFBXBCWBVUEBDM5ZW7WYM.pcm /Users/bf/Library/Developer/Xcode/DerivedData/SDKExplicitPrecompiledModules/string_h-43QZ7Q7XB6G6PQ1UCHR59EVU2.pcm /Users/bf/Library/Developer/Xcode/DerivedData/SDKExplicitPrecompiledModules/_Builtin_limits-B9BEBZ8L3ILGRLL7C7KSWSFM6.pcm /Users/bf/Library/Developer/Xcode/DerivedData/SDKExplicitPrecompiledModules/QuartzCore-6GDPTUIL284RLLFHZ9L4M6PHS.pcm /Users/bf/Library/Developer/Xcode/DerivedData/SDKExplicitPrecompiledModules/CoreServices-1Z22LF0W413IOXNWESEE7MLFI.pcm /Users/bf/Library/Developer/Xcode/DerivedData/SDKExplicitPrecompiledModules/libDER-4E9X0IT0WFD131GDP19FOKL41.pcm /Users/bf/Library/Developer/Xcode/DerivedData/SDKExplicitPrecompiledModules/_SwiftConcurrencyShims-7TQJ9MZQYRTV0YC10PDFQQXZT.pcm /Users/bf/Library/Developer/Xcode/DerivedData/SDKExplicitPrecompiledModules/Dispatch-LBPMPP0PRX05YTRNN0MWASPJ.pcm /Users/bf/Library/Developer/Xcode/DerivedData/SDKExplicitPrecompiledModules/os_object-ETLIDR6OZCT28X77Q765P0VL2.pcm /Users/bf/Library/Developer/Xcode/DerivedData/SDKExplicitPrecompiledModules/_Builtin_stdarg-83PP8B0167JVK7BRPSM8BVFYY.pcm /Users/bf/Library/Developer/Xcode/DerivedData/SDKExplicitPrecompiledModules/_Builtin_stdatomic-C85C776Z2P74A74861733Z553.pcm /Users/bf/Library/Developer/Xcode/DerivedData/SDKExplicitPrecompiledModules/OSLog-7Z0P6KXITT9WHK2GPGOZ2HP5L.pcm /Users/bf/Library/Developer/Xcode/DerivedData/SDKExplicitPrecompiledModules/ColorSync-ERQ702JDOKVDNKNXP8D1OCD7C.pcm /Users/bf/Library/Developer/Xcode/DerivedData/SDKExplicitPrecompiledModules/CoreGraphics-DFZ8GBOLETUJM6NEWMMYCP020.pcm /Users/bf/Library/Developer/Xcode/DerivedData/SDKExplicitPrecompiledModules/Foundation-2Z5UJW8C89TRWBY30ZDIA711L.pcm /Users/bf/Library/Developer/Xcode/DerivedData/SDKExplicitPrecompiledModules/DeveloperToolsSupport-CO7UU1CPH3O2M7XED96F6OE9G.pcm /Users/bf/Library/Developer/Xcode/DerivedData/SDKExplicitPrecompiledModules/launch-AN8H84A6CXHEOK5LFCLOJYGWE.pcm /Users/bf/Library/Developer/Xcode/DerivedData/SDKExplicitPrecompiledModules/CoreTransferable-47A7PEMAFKYWF2W4CYQUM6BHW.pcm /Users/bf/Library/Developer/Xcode/DerivedData/SDKExplicitPrecompiledModules/os-9B0MTL13GUUKDSAE8V9N945IH.pcm /Users/bf/Library/Developer/Xcode/DerivedData/SDKExplicitPrecompiledModules/libkern-1GJWCG7R00C4IAHL9TE4VCGN1.pcm /Users/bf/Library/Developer/Xcode/DerivedData/SDKExplicitPrecompiledModules/CoreVideo-25BK0AHGB7ERYSBETQD7N8VKT.pcm /Users/bf/Library/Developer/Xcode/DerivedData/SDKExplicitPrecompiledModules/ImageIO-8WFOWYD2VAE6I8MJGTE9MELXT.pcm /Users/bf/Library/Developer/Xcode/DerivedData/SDKExplicitPrecompiledModules/DataDetection-5JU0LIZ0TNYQ6TIO8XL60BJ4B.pcm /Users/bf/Library/Developer/Xcode/DerivedData/SDKExplicitPrecompiledModules/_DarwinFoundation1-8XKBCSUMNDZ4QJPP9FB135OBY.pcm /Users/bf/Library/Developer/Xcode/DerivedData/SDKExplicitPrecompiledModules/_DarwinFoundation3-E93TEXQI32WLAZ9HZGI25BDVC.pcm /Users/bf/Library/Developer/Xcode/DerivedData/SDKExplicitPrecompiledModules/SwiftUICore-33C4ML235NV8UN9P5QFVBPT91.pcm /Users/bf/Library/Developer/Xcode/DerivedData/SDKExplicitPrecompiledModules/os_workgroup-C9Q3ID37VX7ON34MRIFXC6CSL.pcm /Users/bf/Library/Developer/Xcode/DerivedData/SDKExplicitPrecompiledModules/_Builtin_stdbool-DSRVCEF9T1Q42V1N18HBSRZL1.pcm /Users/bf/Library/Developer/Xcode/DerivedData/SDKExplicitPrecompiledModules/IOSurface-2NUDGLFCCG83CKNB17TR8Q6JA.pcm /Users/bf/Library/Developer/Xcode/DerivedData/SDKExplicitPrecompiledModules/sys_types-FGNX8PNDLUY9T06CX0X61520.pcm /Users/bf/Library/Developer/Xcode/DerivedData/SDKExplicitPrecompiledModules/ptrcheck-CDDJD3RGGJ207533QPOA0YPYE.pcm /Users/bf/Library/Developer/Xcode/DerivedData/PasteAsFile-dgpbpeznkgqoaobgpyrnpeucjuwy/Build/Intermediates.noindex/PasteAsFile.build/Release/PasteAsFileFinder.build/Objects-normal/x86_64/PasteAsFileFinder-dependencies-2.json (in target 'PasteAsFileFinder' from project 'PasteAsFile')

SwiftCompile normal x86_64 (in target 'PasteAsFileFinder' from project 'PasteAsFile')
    cd /Users/bf/Library/CloudStorage/GoogleDrive-bernynoussi@gmail.com/Mon\ Drive/Formation/Collège\ BDEB/ETE_2026/420-A60-BB\ ALGORITHMES\ D\'APPRENTISSAGE\ PROFOND/Examen\ Final/PasteAsFile
    

SwiftCompile normal arm64 Compiling\ FinderSync.swift,\ PasteLogic.swift /Users/bf/Library/CloudStorage/GoogleDrive-bernynoussi@gmail.com/Mon\ Drive/Formation/Collège\ BDEB/ETE_2026/420-A60-BB\ ALGORITHMES\ D\'APPRENTISSAGE\ PROFOND/Examen\ Final/PasteAsFile/PasteAsFileFinder/FinderSync.swift /Users/bf/Library/CloudStorage/GoogleDrive-bernynoussi@gmail.com/Mon\ Drive/Formation/Collège\ BDEB/ETE_2026/420-A60-BB\ ALGORITHMES\ D\'APPRENTISSAGE\ PROFOND/Examen\ Final/PasteAsFile/PasteAsFileCore/PasteLogic.swift /Applications/Xcode.app/Contents/Developer/Toolchains/XcodeDefault.xctoolchain/usr/lib/swift/macosx/prebuilt-modules/27.0/QuartzCore.swiftmodule/arm64e-apple-macos.swiftmodule /Applications/Xcode.app/Contents/Developer/Toolchains/XcodeDefault.xctoolchain/usr/lib/swift/macosx/prebuilt-modules/27.0/IOKit.swiftmodule/arm64e-apple-macos.swiftmodule /Applications/Xcode.app/Contents/Developer/Toolchains/XcodeDefault.xctoolchain/usr/lib/swift/macosx/prebuilt-modules/27.0/ObjectiveC.swiftmodule/arm64e-apple-macos.swiftmodule /Applications/Xcode.app/Contents/Developer/Toolchains/XcodeDefault.xctoolchain/usr/lib/swift/macosx/prebuilt-modules/27.0/simd.swiftmodule/arm64e-apple-macos.swiftmodule /Applications/Xcode.app/Contents/Developer/Toolchains/XcodeDefault.xctoolchain/usr/lib/swift/macosx/prebuilt-modules/27.0/SwiftUICore.swiftmodule/arm64e-apple-macos.swiftmodule /Applications/Xcode.app/Contents/Developer/Toolchains/XcodeDefault.xctoolchain/usr/lib/swift/macosx/prebuilt-modules/27.0/System.swiftmodule/arm64e-apple-macos.swiftmodule /Applications/Xcode.app/Contents/Developer/Toolchains/XcodeDefault.xctoolchain/usr/lib/swift/macosx/prebuilt-modules/27.0/UniformTypeIdentifiers.swiftmodule/arm64e-apple-macos.swiftmodule /Applications/Xcode.app/Contents/Developer/Toolchains/XcodeDefault.xctoolchain/usr/lib/swift/macosx/prebuilt-modules/27.0/Spatial.swiftmodule/arm64e-apple-macos.swiftmodule /Applications/Xcode.app/Contents/Developer/Toolchains/XcodeDefault.xctoolchain/usr/lib/swift/macosx/prebuilt-modules/27.0/CoreGraphics.swiftmodule/arm64e-apple-macos.swiftmodule /Applications/Xcode.app/Contents/Developer/Toolchains/XcodeDefault.xctoolchain/usr/lib/swift/macosx/prebuilt-modules/27.0/Swift.swiftmodule/arm64e-apple-macos.swiftmodule /Applications/Xcode.app/Contents/Developer/Toolchains/XcodeDefault.xctoolchain/usr/lib/swift/macosx/prebuilt-modules/27.0/_DarwinFoundation3.swiftmodule/arm64e-apple-macos.swiftmodule /Applications/Xcode.app/Contents/Developer/Toolchains/XcodeDefault.xctoolchain/usr/lib/swift/macosx/prebuilt-modules/27.0/Observation.swiftmodule/arm64e-apple-macos.swiftmodule /Applications/Xcode.app/Contents/Developer/Toolchains/XcodeDefault.xctoolchain/usr/lib/swift/macosx/prebuilt-modules/27.0/CoreImage.swiftmodule/arm64e-apple-macos.swiftmodule /Applications/Xcode.app/Contents/Developer/Toolchains/XcodeDefault.xctoolchain/usr/lib/swift/macosx/prebuilt-modules/27.0/Symbols.swiftmodule/arm64e-apple-macos.swiftmodule /Applications/Xcode.app/Contents/Developer/Toolchains/XcodeDefault.xctoolchain/usr/lib/swift/macosx/prebuilt-modules/27.0/AppKit.swiftmodule/arm64e-apple-macos.swiftmodule /Applications/Xcode.app/Contents/Developer/Toolchains/XcodeDefault.xctoolchain/usr/lib/swift/macosx/prebuilt-modules/27.0/DataDetection.swiftmodule/arm64e-apple-macos.swiftmodule /Applications/Xcode.app/Contents/Developer/Toolchains/XcodeDefault.xctoolchain/usr/lib/swift/macosx/prebuilt-modules/27.0/os.swiftmodule/arm64e-apple-macos.swiftmodule /Applications/Xcode.app/Contents/Developer/Toolchains/XcodeDefault.xctoolchain/usr/lib/swift/macosx/prebuilt-modules/27.0/OSLog.swiftmodule/arm64e-apple-macos.swiftmodule /Applications/Xcode.app/Contents/Developer/Toolchains/XcodeDefault.xctoolchain/usr/lib/swift/macosx/prebuilt-modules/27.0/Foundation.swiftmodule/arm64e-apple-macos.swiftmodule /Applications/Xcode.app/Contents/Developer/Toolchains/XcodeDefault.xctoolchain/usr/lib/swift/macosx/prebuilt-modules/27.0/_DarwinFoundation2.swiftmodule/arm64e-apple-macos.swiftmodule /Applications/Xcode.app/Contents/Developer/Toolchains/XcodeDefault.xctoolchain/usr/lib/swift/macosx/prebuilt-modules/27.0/Combine.swiftmodule/arm64e-apple-macos.swiftmodule /Applications/Xcode.app/Contents/Developer/Toolchains/XcodeDefault.xctoolchain/usr/lib/swift/macosx/prebuilt-modules/27.0/CoreTransferable.swiftmodule/arm64e-apple-macos.swiftmodule /Applications/Xcode.app/Contents/Developer/Toolchains/XcodeDefault.xctoolchain/usr/lib/swift/macosx/prebuilt-modules/27.0/XPC.swiftmodule/arm64e-apple-macos.swiftmodule /Applications/Xcode.app/Contents/Developer/Toolchains/XcodeDefault.xctoolchain/usr/lib/swift/macosx/prebuilt-modules/27.0/Darwin.swiftmodule/arm64e-apple-macos.swiftmodule /Applications/Xcode.app/Contents/Developer/Toolchains/XcodeDefault.xctoolchain/usr/lib/swift/macosx/prebuilt-modules/27.0/CoreText.swiftmodule/arm64e-apple-macos.swiftmodule /Applications/Xcode.app/Contents/Developer/Toolchains/XcodeDefault.xctoolchain/usr/lib/swift/macosx/prebuilt-modules/27.0/ImageIO.swiftmodule/arm64e-apple-macos.swiftmodule /Applications/Xcode.app/Contents/Developer/Toolchains/XcodeDefault.xctoolchain/usr/lib/swift/macosx/prebuilt-modules/27.0/DeveloperToolsSupport.swiftmodule/arm64e-apple-macos.swiftmodule /Applications/Xcode.app/Contents/Developer/Toolchains/XcodeDefault.xctoolchain/usr/lib/swift/macosx/prebuilt-modules/27.0/Dispatch.swiftmodule/arm64e-apple-macos.swiftmodule /Applications/Xcode.app/Contents/Developer/Toolchains/XcodeDefault.xctoolchain/usr/lib/swift/macosx/prebuilt-modules/27.0/Accessibility.swiftmodule/arm64e-apple-macos.swiftmodule /Applications/Xcode.app/Contents/Developer/Toolchains/XcodeDefault.xctoolchain/usr/lib/swift/macosx/prebuilt-modules/27.0/_Concurrency.swiftmodule/arm64e-apple-macos.swiftmodule /Applications/Xcode.app/Contents/Developer/Toolchains/XcodeDefault.xctoolchain/usr/lib/swift/macosx/prebuilt-modules/27.0/CoreData.swiftmodule/arm64e-apple-macos.swiftmodule /Applications/Xcode.app/Contents/Developer/Toolchains/XcodeDefault.xctoolchain/usr/lib/swift/macosx/prebuilt-modules/27.0/_StringProcessing.swiftmodule/arm64e-apple-macos.swiftmodule /Applications/Xcode.app/Contents/Developer/Toolchains/XcodeDefault.xctoolchain/usr/lib/swift/macosx/prebuilt-modules/27.0/_Builtin_float.swiftmodule/arm64e-apple-macos.swiftmodule /Applications/Xcode.app/Contents/Developer/Toolchains/XcodeDefault.xctoolchain/usr/lib/swift/macosx/prebuilt-modules/27.0/_DarwinFoundation1.swiftmodule/arm64e-apple-macos.swiftmodule /Applications/Xcode.app/Contents/Developer/Toolchains/XcodeDefault.xctoolchain/usr/lib/swift/macosx/prebuilt-modules/27.0/CoreFoundation.swiftmodule/arm64e-apple-macos.swiftmodule /Applications/Xcode.app/Contents/Developer/Toolchains/XcodeDefault.xctoolchain/usr/lib/swift/macosx/prebuilt-modules/27.0/CoreVideo.swiftmodule/arm64e-apple-macos.swiftmodule /Applications/Xcode.app/Contents/Developer/Toolchains/XcodeDefault.xctoolchain/usr/lib/swift/macosx/prebuilt-modules/27.0/Metal.swiftmodule/arm64e-apple-macos.swiftmodule /Applications/Xcode.app/Contents/Developer/Toolchains/XcodeDefault.xctoolchain/usr/lib/swift/macosx/prebuilt-modules/27.0/ColorSync.swiftmodule/arm64e-apple-macos.swiftmodule /Users/bf/Library/Developer/Xcode/DerivedData/SDKExplicitPrecompiledModules/ImageIO-DZ6V8A6B5E1B8EKAD5YWZE2Z2.pcm /Users/bf/Library/Developer/Xcode/DerivedData/SDKExplicitPrecompiledModules/Accessibility-5BRB4FIIPZWZZKZCU0T6ATWA0.pcm /Users/bf/Library/Developer/Xcode/DerivedData/SDKExplicitPrecompiledModules/ptrcheck-BI54TSUVFUYS1KZ4KUSUEQDHQ.pcm /Users/bf/Library/Developer/Xcode/DerivedData/SDKExplicitPrecompiledModules/SwiftUICore-57GML5VVTQTWWTA4V8VZ9INFT.pcm /Users/bf/Library/Developer/Xcode/DerivedData/SDKExplicitPrecompiledModules/CFNetwork-UN2I35M59YWXYSFSEZAHZ4RN.pcm /Users/bf/Library/Developer/Xcode/DerivedData/SDKExplicitPrecompiledModules/Spatial-302BQXMB01P1JO3DHMCZQT40.pcm /Users/bf/Library/Developer/Xcode/DerivedData/SDKExplicitPrecompiledModules/IOSurface-BB7BWKUT9XD5TMYCJQS8B3GBT.pcm /Users/bf/Library/Developer/Xcode/DerivedData/SDKExplicitPrecompiledModules/_Builtin_stdint-9WZOLYLRZ3Z0ZOIUGI12L0I3M.pcm /Users/bf/Library/Developer/Xcode/DerivedData/SDKExplicitPrecompiledModules/CoreText-YPKYBYK2OCR4WPW2PPZNCS9P.pcm /Users/bf/Library/Developer/Xcode/DerivedData/SDKExplicitPrecompiledModules/_Builtin_stdarg-6VVNOXNFUFZENXH1KPCTLAC93.pcm /Users/bf/Library/Developer/Xcode/DerivedData/SDKExplicitPrecompiledModules/ObjectiveC-D6WFMXW40A8PJKFRQ7VMYUCDU.pcm /Users/bf/Library/Developer/Xcode/DerivedData/SDKExplicitPrecompiledModules/_SwiftConcurrencyShims-D43WSQX179LT0M30629J9Z6BH.pcm /Users/bf/Library/Developer/Xcode/DerivedData/SDKExplicitPrecompiledModules/OSLog-17IK0E058SMRPCKNC8CP2NY3V.pcm /Users/bf/Library/Developer/Xcode/DerivedData/SDKExplicitPrecompiledModules/_Builtin_tgmath-9V1H6V4BYZA65XPSXMVEENL4V.pcm /Users/bf/Library/Developer/Xcode/DerivedData/SDKExplicitPrecompiledModules/_Builtin_float-15U8AEUIZLT8SFJA70MV9FE1A.pcm /Users/bf/Library/Developer/Xcode/DerivedData/SDKExplicitPrecompiledModules/os_workgroup-AW9FYJAHJYBY4B435T6GJQ2D3.pcm /Users/bf/Library/Developer/Xcode/DerivedData/SDKExplicitPrecompiledModules/QuartzCore-CEC5XLEZWVSPWR7OT0QIK80M1.pcm /Users/bf/Library/Developer/Xcode/DerivedData/SDKExplicitPrecompiledModules/_Builtin_limits-4NQ9NAQQXC1JBDGVFHHNS33O5.pcm /Users/bf/Library/Developer/Xcode/DerivedData/SDKExplicitPrecompiledModules/CoreImage-CKB8OKGAT2OCKL56OW9BTQRAM.pcm /Users/bf/Library/Developer/Xcode/DerivedData/SDKExplicitPrecompiledModules/os_object-DTSEP5RUFO0XTWZA91L21CE8Z.pcm /Users/bf/Library/Developer/Xcode/DerivedData/SDKExplicitPrecompiledModules/CoreGraphics-9EORBJGHXZ01C01QMCUEEUCL9.pcm /Users/bf/Library/Developer/Xcode/DerivedData/SDKExplicitPrecompiledModules/UniformTypeIdentifiers-EW38VZXKLIW0H4JD5JGT175KY.pcm /Users/bf/Library/Developer/Xcode/DerivedData/SDKExplicitPrecompiledModules/CoreFoundation-ALTT2ISQC4IW0GV95V6N0NTKW.pcm /Users/bf/Library/Developer/Xcode/DerivedData/SDKExplicitPrecompiledModules/_AvailabilityInternal-6MATGJKJF8ZKHHATYZ6GIQ4NH.pcm /Users/bf/Library/Developer/Xcode/DerivedData/SDKExplicitPrecompiledModules/CoreServices-8RNALFD7T4Z06YU4JJVOXHINZ.pcm /Users/bf/Library/Developer/Xcode/DerivedData/SDKExplicitPrecompiledModules/_Builtin_stdbool-1NVVF1SLQ388IRL418MHELDPQ.pcm /Users/bf/Library/Developer/Xcode/DerivedData/SDKExplicitPrecompiledModules/OpenGL-1CKD9C95H5UKJZLVJ07EWM1KY.pcm /Users/bf/Library/Developer/Xcode/DerivedData/SDKExplicitPrecompiledModules/Security-1AC9YNN7O5WAKADEU07QSOHGA.pcm /Users/bf/Library/Developer/Xcode/DerivedData/SDKExplicitPrecompiledModules/Metal-38V7IMX7G3BEFDB3LIK1HSF9L.pcm /Users/bf/Library/Developer/Xcode/DerivedData/SDKExplicitPrecompiledModules/_Builtin_intrinsics-EYR4XEEGS1CPN795OQJRUCBTL.pcm /Users/bf/Library/Developer/Xcode/DerivedData/SDKExplicitPrecompiledModules/ptrauth-8BZY1ZHN2JN6IDTNEMUJN6HEI.pcm /Users/bf/Library/Developer/Xcode/DerivedData/SDKExplicitPrecompiledModules/AppKit-D6PMXJC5RSHR2D7Z2FQFTTJMY.pcm /Users/bf/Library/Developer/Xcode/DerivedData/SDKExplicitPrecompiledModules/_DarwinFoundation3-625MXMVW8VUH91H9U1207UYB5.pcm /Users/bf/Library/Developer/Xcode/DerivedData/SDKExplicitPrecompiledModules/_DarwinFoundation2-CV5AE2T1EP0K6G5R1ZA9BWQXY.pcm /Users/bf/Library/Developer/Xcode/DerivedData/SDKExplicitPrecompiledModules/_Builtin_inttypes-2BIF8CAMJZA9JCATG2CX52I2D.pcm /Users/bf/Library/Developer/Xcode/DerivedData/SDKExplicitPrecompiledModules/CoreVideo-355CNPFQHIIPH1HCNUR41IDRO.pcm /Users/bf/Library/Developer/Xcode/DerivedData/SDKExplicitPrecompiledModules/ApplicationServices-CB2V73616QRKSLZQOKUIG6PAH.pcm /Users/bf/Library/Developer/Xcode/DerivedData/SDKExplicitPrecompiledModules/DataDetection-5O4OTCZ79YLM34A75QEIHHSO2.pcm /Users/bf/Library/Developer/Xcode/DerivedData/SDKExplicitPrecompiledModules/DiskArbitration-CGR2ROYPLQSYHITGEL8QTOUJB.pcm /Users/bf/Library/Developer/Xcode/DerivedData/SDKExplicitPrecompiledModules/string_h-ALITCRT5XETC94TAZCL3FYYPH.pcm /Users/bf/Library/Developer/Xcode/DerivedData/SDKExplicitPrecompiledModules/Foundation-OAC9YBOOCRQ2ZH009CG4KMUL.pcm /Users/bf/Library/Developer/Xcode/DerivedData/SDKExplicitPrecompiledModules/libDER-1J0JNUJNWM1N1PF9MXCDQ0PBN.pcm /Users/bf/Library/Developer/Xcode/DerivedData/SDKExplicitPrecompiledModules/sys_types-BCM1ODZ6A97IA9TDDDQ50397U.pcm /Users/bf/Library/Developer/Xcode/DerivedData/SDKExplicitPrecompiledModules/DeveloperToolsSupport-2YNPQOCW6D3QKAPYK5EAAXHZ6.pcm /Users/bf/Library/Developer/Xcode/DerivedData/SDKExplicitPrecompiledModules/_Builtin_stdatomic-COVV8WSISM6SMTWNO4MG9011.pcm /Users/bf/Library/Developer/Xcode/DerivedData/SDKExplicitPrecompiledModules/launch-69M6J6OPLUXIZQIIIZLIYTYCK.pcm /Users/bf/Library/Developer/Xcode/DerivedData/SDKExplicitPrecompiledModules/os-AXEVC2FDHEZE76JMDY08H0A30.pcm /Users/bf/Library/Developer/Xcode/DerivedData/SDKExplicitPrecompiledModules/ColorSync-8QE8JFPGFKT65RAY3YZE80JAO.pcm /Users/bf/Library/Developer/Xcode/DerivedData/SDKExplicitPrecompiledModules/_DarwinFoundation1-5QTTBV321ADT8GN6MIE247WZT.pcm /Users/bf/Library/Developer/Xcode/DerivedData/SDKExplicitPrecompiledModules/Dispatch-9CB9WB6MJQTJ9MVBKCZ8BE0IF.pcm /Users/bf/Library/Developer/Xcode/DerivedData/SDKExplicitPrecompiledModules/libkern-5SYIYLTOK712RTLLB5P30AQG1.pcm /Users/bf/Library/Developer/Xcode/DerivedData/SDKExplicitPrecompiledModules/CoreTransferable-3RXTVIX279J5KXLL3UXV10S4Q.pcm /Users/bf/Library/Developer/Xcode/DerivedData/SDKExplicitPrecompiledModules/CoreData-AGUGJRS17XH3C09MJHJNYTY5Z.pcm /Users/bf/Library/Developer/Xcode/DerivedData/SDKExplicitPrecompiledModules/IOKit-1DYROEC6I85W682KTRZI1KE7P.pcm /Users/bf/Library/Developer/Xcode/DerivedData/SDKExplicitPrecompiledModules/Darwin-ECMYV0L8JAC8OO1ZCZHKBUP3T.pcm /Users/bf/Library/Developer/Xcode/DerivedData/SDKExplicitPrecompiledModules/simd-DA75MJCOHOJ7YWOD6HEZ28WFG.pcm /Users/bf/Library/Developer/Xcode/DerivedData/SDKExplicitPrecompiledModules/MachO-38D1JRG38I4QQRSOUP3C9ISXS.pcm /Users/bf/Library/Developer/Xcode/DerivedData/SDKExplicitPrecompiledModules/SwiftShims-DENKN0TFQ09XP7L699K8UH5U7.pcm /Users/bf/Library/Developer/Xcode/DerivedData/SDKExplicitPrecompiledModules/XPC-BMC0PPM6207F47KN6YUR7EZFS.pcm /Users/bf/Library/Developer/Xcode/DerivedData/SDKExplicitPrecompiledModules/Symbols-83IMNQ15K2JBLIDGPQE7AWRA1.pcm /Users/bf/Library/Developer/Xcode/DerivedData/SDKExplicitPrecompiledModules/FinderSync-8MQ3PEVH1FOHFCH15SKI1MED6.pcm /Users/bf/Library/Developer/Xcode/DerivedData/SDKExplicitPrecompiledModules/CUPS-9YYMCJ1Z9TQPJVU2HYSTM7WIN.pcm /Users/bf/Library/Developer/Xcode/DerivedData/SDKExplicitPrecompiledModules/_Builtin_stddef-6I6XH8E6ZIAJY8MBQI6X9K9YE.pcm /Users/bf/Library/Developer/Xcode/DerivedData/PasteAsFile-dgpbpeznkgqoaobgpyrnpeucjuwy/Build/Intermediates.noindex/PasteAsFile.build/Release/PasteAsFileFinder.build/Objects-normal/arm64/PasteAsFileFinder-dependencies-1.json (in target 'PasteAsFileFinder' from project 'PasteAsFile')

SwiftCompile normal arm64 (in target 'PasteAsFileFinder' from project 'PasteAsFile')
    cd /Users/bf/Library/CloudStorage/GoogleDrive-bernynoussi@gmail.com/Mon\ Drive/Formation/Collège\ BDEB/ETE_2026/420-A60-BB\ ALGORITHMES\ D\'APPRENTISSAGE\ PROFOND/Examen\ Final/PasteAsFile
    

SwiftDriverJobDiscovery normal arm64 Compiling FinderSync.swift, PasteLogic.swift (in target 'PasteAsFileFinder' from project 'PasteAsFile')

SwiftDriverJobDiscovery normal x86_64 Compiling FinderSync.swift, PasteLogic.swift (in target 'PasteAsFileFinder' from project 'PasteAsFile')

SwiftDriver\ Compilation\ Requirements PasteAsFileFinder normal arm64 com.apple.xcode.tools.swift.compiler (in target 'PasteAsFileFinder' from project 'PasteAsFile')
    cd /Users/bf/Library/CloudStorage/GoogleDrive-bernynoussi@gmail.com/Mon\ Drive/Formation/Collège\ BDEB/ETE_2026/420-A60-BB\ ALGORITHMES\ D\'APPRENTISSAGE\ PROFOND/Examen\ Final/PasteAsFile
    builtin-Swift-Compilation-Requirements -- /Applications/Xcode.app/Contents/Developer/Toolchains/XcodeDefault.xctoolchain/usr/bin/swiftc -module-name PasteAsFileFinder -O -whole-module-optimization @/Users/bf/Library/Developer/Xcode/DerivedData/PasteAsFile-dgpbpeznkgqoaobgpyrnpeucjuwy/Build/Intermediates.noindex/PasteAsFile.build/Release/PasteAsFileFinder.build/Objects-normal/arm64/PasteAsFileFinder.SwiftFileList -enable-bare-slash-regex -enable-experimental-feature DebugDescriptionMacro -sdk /Applications/Xcode.app/Contents/Developer/Platforms/MacOSX.platform/Developer/SDKs/MacOSX27.0.sdk -target arm64-apple-macos13.0 -g -module-cache-path /Users/bf/Library/Developer/Xcode/DerivedData/ModuleCache.noindex -Xfrontend -serialize-debugging-options -application-extension -swift-version 5 -I /Users/bf/Library/Developer/Xcode/DerivedData/PasteAsFile-dgpbpeznkgqoaobgpyrnpeucjuwy/Build/Products/Release -F /Users/bf/Library/Developer/Xcode/DerivedData/PasteAsFile-dgpbpeznkgqoaobgpyrnpeucjuwy/Build/Products/Release -emit-localized-strings -emit-localized-strings-path /Users/bf/Library/Developer/Xcode/DerivedData/PasteAsFile-dgpbpeznkgqoaobgpyrnpeucjuwy/Build/Intermediates.noindex/PasteAsFile.build/Release/PasteAsFileFinder.build/Objects-normal/arm64 -c -num-threads 16 -Xcc -ivfsstatcache -Xcc /Users/bf/Library/Developer/Xcode/DerivedData/SDKStatCaches.noindex/macosx27.0-26A425-7231f6df4def33e022ae2eb8f782df1a.sdkstatcache -output-file-map /Users/bf/Library/Developer/Xcode/DerivedData/PasteAsFile-dgpbpeznkgqoaobgpyrnpeucjuwy/Build/Intermediates.noindex/PasteAsFile.build/Release/PasteAsFileFinder.build/Objects-normal/arm64/PasteAsFileFinder-OutputFileMap.json -save-temps -no-color-diagnostics -explicit-module-build -module-cache-path /Users/bf/Library/Developer/Xcode/DerivedData/PasteAsFile-dgpbpeznkgqoaobgpyrnpeucjuwy/Build/Intermediates.noindex/SwiftExplicitPrecompiledModules -clang-scanner-module-cache-path /Users/bf/Library/Developer/Xcode/DerivedData/ModuleCache.noindex -sdk-module-cache-path /Users/bf/Library/Developer/Xcode/DerivedData/SDKExplicitPrecompiledModules -emit-dependencies -emit-module -emit-module-path /Users/bf/Library/Developer/Xcode/DerivedData/PasteAsFile-dgpbpeznkgqoaobgpyrnpeucjuwy/Build/Intermediates.noindex/PasteAsFile.build/Release/PasteAsFileFinder.build/Objects-normal/arm64/PasteAsFileFinder.swiftmodule -serialize-diagnostics -dependency-scan-serialize-diagnostics-path /Users/bf/Library/Developer/Xcode/DerivedData/PasteAsFile-dgpbpeznkgqoaobgpyrnpeucjuwy/Build/Intermediates.noindex/PasteAsFile.build/Release/PasteAsFileFinder.build/Objects-normal/arm64/PasteAsFileFinder-dependency-scan.dia -validate-clang-modules-once -clang-build-session-file /Users/bf/Library/Developer/Xcode/DerivedData/ModuleCache.noindex/Session.modulevalidation -Xcc -fmodules-prune-interval\=86400 -Xcc -fmodules-prune-after\=345600 -emit-const-values -const-gather-protocols-list /Users/bf/Library/Developer/Xcode/DerivedData/PasteAsFile-dgpbpeznkgqoaobgpyrnpeucjuwy/Build/Intermediates.noindex/PasteAsFile.build/Release/PasteAsFileFinder.build/Objects-normal/arm64/PasteAsFileFinder_const_extract_protocols.json -Xcc -iquote -Xcc /Users/bf/Library/Developer/Xcode/DerivedData/PasteAsFile-dgpbpeznkgqoaobgpyrnpeucjuwy/Build/Intermediates.noindex/PasteAsFile.build/Release/PasteAsFileFinder.build/PasteAsFileFinder-generated-files.hmap -Xcc -I/Users/bf/Library/Developer/Xcode/DerivedData/PasteAsFile-dgpbpeznkgqoaobgpyrnpeucjuwy/Build/Intermediates.noindex/PasteAsFile.build/Release/PasteAsFileFinder.build/PasteAsFileFinder-own-target-headers.hmap -Xcc -I/Users/bf/Library/Developer/Xcode/DerivedData/PasteAsFile-dgpbpeznkgqoaobgpyrnpeucjuwy/Build/Intermediates.noindex/PasteAsFile.build/Release/PasteAsFileFinder.build/PasteAsFileFinder-all-target-headers.hmap -Xcc -iquote -Xcc /Users/bf/Library/Developer/Xcode/DerivedData/PasteAsFile-dgpbpeznkgqoaobgpyrnpeucjuwy/Build/Intermediates.noindex/PasteAsFile.build/Release/PasteAsFileFinder.build/PasteAsFileFinder-project-headers.hmap -Xcc -I/Users/bf/Library/Developer/Xcode/DerivedData/PasteAsFile-dgpbpeznkgqoaobgpyrnpeucjuwy/Build/Products/Release/include -Xcc -I/Users/bf/Library/Developer/Xcode/DerivedData/PasteAsFile-dgpbpeznkgqoaobgpyrnpeucjuwy/Build/Intermediates.noindex/PasteAsFile.build/Release/PasteAsFileFinder.build/DerivedSources-normal/arm64 -Xcc -I/Users/bf/Library/Developer/Xcode/DerivedData/PasteAsFile-dgpbpeznkgqoaobgpyrnpeucjuwy/Build/Intermediates.noindex/PasteAsFile.build/Release/PasteAsFileFinder.build/DerivedSources/arm64 -Xcc -I/Users/bf/Library/Developer/Xcode/DerivedData/PasteAsFile-dgpbpeznkgqoaobgpyrnpeucjuwy/Build/Intermediates.noindex/PasteAsFile.build/Release/PasteAsFileFinder.build/DerivedSources -emit-objc-header -emit-objc-header-path /Users/bf/Library/Developer/Xcode/DerivedData/PasteAsFile-dgpbpeznkgqoaobgpyrnpeucjuwy/Build/Intermediates.noindex/PasteAsFile.build/Release/PasteAsFileFinder.build/Objects-normal/arm64/PasteAsFileFinder-Swift.h -working-directory /Users/bf/Library/CloudStorage/GoogleDrive-bernynoussi@gmail.com/Mon\ Drive/Formation/Collège\ BDEB/ETE_2026/420-A60-BB\ ALGORITHMES\ D\'APPRENTISSAGE\ PROFOND/Examen\ Final/PasteAsFile -no-emit-module-separately-wmo

SwiftDriver\ Compilation\ Requirements PasteAsFileFinder normal x86_64 com.apple.xcode.tools.swift.compiler (in target 'PasteAsFileFinder' from project 'PasteAsFile')
    cd /Users/bf/Library/CloudStorage/GoogleDrive-bernynoussi@gmail.com/Mon\ Drive/Formation/Collège\ BDEB/ETE_2026/420-A60-BB\ ALGORITHMES\ D\'APPRENTISSAGE\ PROFOND/Examen\ Final/PasteAsFile
    builtin-Swift-Compilation-Requirements -- /Applications/Xcode.app/Contents/Developer/Toolchains/XcodeDefault.xctoolchain/usr/bin/swiftc -module-name PasteAsFileFinder -O -whole-module-optimization @/Users/bf/Library/Developer/Xcode/DerivedData/PasteAsFile-dgpbpeznkgqoaobgpyrnpeucjuwy/Build/Intermediates.noindex/PasteAsFile.build/Release/PasteAsFileFinder.build/Objects-normal/x86_64/PasteAsFileFinder.SwiftFileList -enable-bare-slash-regex -enable-experimental-feature DebugDescriptionMacro -sdk /Applications/Xcode.app/Contents/Developer/Platforms/MacOSX.platform/Developer/SDKs/MacOSX27.0.sdk -target x86_64-apple-macos13.0 -g -module-cache-path /Users/bf/Library/Developer/Xcode/DerivedData/ModuleCache.noindex -Xfrontend -serialize-debugging-options -application-extension -swift-version 5 -I /Users/bf/Library/Developer/Xcode/DerivedData/PasteAsFile-dgpbpeznkgqoaobgpyrnpeucjuwy/Build/Products/Release -F /Users/bf/Library/Developer/Xcode/DerivedData/PasteAsFile-dgpbpeznkgqoaobgpyrnpeucjuwy/Build/Products/Release -emit-localized-strings -emit-localized-strings-path /Users/bf/Library/Developer/Xcode/DerivedData/PasteAsFile-dgpbpeznkgqoaobgpyrnpeucjuwy/Build/Intermediates.noindex/PasteAsFile.build/Release/PasteAsFileFinder.build/Objects-normal/x86_64 -c -num-threads 16 -Xcc -ivfsstatcache -Xcc /Users/bf/Library/Developer/Xcode/DerivedData/SDKStatCaches.noindex/macosx27.0-26A425-7231f6df4def33e022ae2eb8f782df1a.sdkstatcache -output-file-map /Users/bf/Library/Developer/Xcode/DerivedData/PasteAsFile-dgpbpeznkgqoaobgpyrnpeucjuwy/Build/Intermediates.noindex/PasteAsFile.build/Release/PasteAsFileFinder.build/Objects-normal/x86_64/PasteAsFileFinder-OutputFileMap.json -save-temps -no-color-diagnostics -explicit-module-build -module-cache-path /Users/bf/Library/Developer/Xcode/DerivedData/PasteAsFile-dgpbpeznkgqoaobgpyrnpeucjuwy/Build/Intermediates.noindex/SwiftExplicitPrecompiledModules -clang-scanner-module-cache-path /Users/bf/Library/Developer/Xcode/DerivedData/ModuleCache.noindex -sdk-module-cache-path /Users/bf/Library/Developer/Xcode/DerivedData/SDKExplicitPrecompiledModules -emit-dependencies -emit-module -emit-module-path /Users/bf/Library/Developer/Xcode/DerivedData/PasteAsFile-dgpbpeznkgqoaobgpyrnpeucjuwy/Build/Intermediates.noindex/PasteAsFile.build/Release/PasteAsFileFinder.build/Objects-normal/x86_64/PasteAsFileFinder.swiftmodule -serialize-diagnostics -dependency-scan-serialize-diagnostics-path /Users/bf/Library/Developer/Xcode/DerivedData/PasteAsFile-dgpbpeznkgqoaobgpyrnpeucjuwy/Build/Intermediates.noindex/PasteAsFile.build/Release/PasteAsFileFinder.build/Objects-normal/x86_64/PasteAsFileFinder-dependency-scan.dia -validate-clang-modules-once -clang-build-session-file /Users/bf/Library/Developer/Xcode/DerivedData/ModuleCache.noindex/Session.modulevalidation -Xcc -fmodules-prune-interval\=86400 -Xcc -fmodules-prune-after\=345600 -emit-const-values -const-gather-protocols-list /Users/bf/Library/Developer/Xcode/DerivedData/PasteAsFile-dgpbpeznkgqoaobgpyrnpeucjuwy/Build/Intermediates.noindex/PasteAsFile.build/Release/PasteAsFileFinder.build/Objects-normal/x86_64/PasteAsFileFinder_const_extract_protocols.json -Xcc -iquote -Xcc /Users/bf/Library/Developer/Xcode/DerivedData/PasteAsFile-dgpbpeznkgqoaobgpyrnpeucjuwy/Build/Intermediates.noindex/PasteAsFile.build/Release/PasteAsFileFinder.build/PasteAsFileFinder-generated-files.hmap -Xcc -I/Users/bf/Library/Developer/Xcode/DerivedData/PasteAsFile-dgpbpeznkgqoaobgpyrnpeucjuwy/Build/Intermediates.noindex/PasteAsFile.build/Release/PasteAsFileFinder.build/PasteAsFileFinder-own-target-headers.hmap -Xcc -I/Users/bf/Library/Developer/Xcode/DerivedData/PasteAsFile-dgpbpeznkgqoaobgpyrnpeucjuwy/Build/Intermediates.noindex/PasteAsFile.build/Release/PasteAsFileFinder.build/PasteAsFileFinder-all-target-headers.hmap -Xcc -iquote -Xcc /Users/bf/Library/Developer/Xcode/DerivedData/PasteAsFile-dgpbpeznkgqoaobgpyrnpeucjuwy/Build/Intermediates.noindex/PasteAsFile.build/Release/PasteAsFileFinder.build/PasteAsFileFinder-project-headers.hmap -Xcc -I/Users/bf/Library/Developer/Xcode/DerivedData/PasteAsFile-dgpbpeznkgqoaobgpyrnpeucjuwy/Build/Products/Release/include -Xcc -I/Users/bf/Library/Developer/Xcode/DerivedData/PasteAsFile-dgpbpeznkgqoaobgpyrnpeucjuwy/Build/Intermediates.noindex/PasteAsFile.build/Release/PasteAsFileFinder.build/DerivedSources-normal/x86_64 -Xcc -I/Users/bf/Library/Developer/Xcode/DerivedData/PasteAsFile-dgpbpeznkgqoaobgpyrnpeucjuwy/Build/Intermediates.noindex/PasteAsFile.build/Release/PasteAsFileFinder.build/DerivedSources/x86_64 -Xcc -I/Users/bf/Library/Developer/Xcode/DerivedData/PasteAsFile-dgpbpeznkgqoaobgpyrnpeucjuwy/Build/Intermediates.noindex/PasteAsFile.build/Release/PasteAsFileFinder.build/DerivedSources -emit-objc-header -emit-objc-header-path /Users/bf/Library/Developer/Xcode/DerivedData/PasteAsFile-dgpbpeznkgqoaobgpyrnpeucjuwy/Build/Intermediates.noindex/PasteAsFile.build/Release/PasteAsFileFinder.build/Objects-normal/x86_64/PasteAsFileFinder-Swift.h -working-directory /Users/bf/Library/CloudStorage/GoogleDrive-bernynoussi@gmail.com/Mon\ Drive/Formation/Collège\ BDEB/ETE_2026/420-A60-BB\ ALGORITHMES\ D\'APPRENTISSAGE\ PROFOND/Examen\ Final/PasteAsFile -no-emit-module-separately-wmo

SwiftMergeGeneratedHeaders /Users/bf/Library/Developer/Xcode/DerivedData/PasteAsFile-dgpbpeznkgqoaobgpyrnpeucjuwy/Build/Intermediates.noindex/PasteAsFile.build/Release/PasteAsFileFinder.build/DerivedSources/PasteAsFileFinder-Swift.h /Users/bf/Library/Developer/Xcode/DerivedData/PasteAsFile-dgpbpeznkgqoaobgpyrnpeucjuwy/Build/Intermediates.noindex/PasteAsFile.build/Release/PasteAsFileFinder.build/Objects-normal/arm64/PasteAsFileFinder-Swift.h /Users/bf/Library/Developer/Xcode/DerivedData/PasteAsFile-dgpbpeznkgqoaobgpyrnpeucjuwy/Build/Intermediates.noindex/PasteAsFile.build/Release/PasteAsFileFinder.build/Objects-normal/x86_64/PasteAsFileFinder-Swift.h (in target 'PasteAsFileFinder' from project 'PasteAsFile')
    cd /Users/bf/Library/CloudStorage/GoogleDrive-bernynoussi@gmail.com/Mon\ Drive/Formation/Collège\ BDEB/ETE_2026/420-A60-BB\ ALGORITHMES\ D\'APPRENTISSAGE\ PROFOND/Examen\ Final/PasteAsFile
    builtin-swiftHeaderTool -arch arm64 /Users/bf/Library/Developer/Xcode/DerivedData/PasteAsFile-dgpbpeznkgqoaobgpyrnpeucjuwy/Build/Intermediates.noindex/PasteAsFile.build/Release/PasteAsFileFinder.build/Objects-normal/arm64/PasteAsFileFinder-Swift.h -arch x86_64 /Users/bf/Library/Developer/Xcode/DerivedData/PasteAsFile-dgpbpeznkgqoaobgpyrnpeucjuwy/Build/Intermediates.noindex/PasteAsFile.build/Release/PasteAsFileFinder.build/Objects-normal/x86_64/PasteAsFileFinder-Swift.h -o /Users/bf/Library/Developer/Xcode/DerivedData/PasteAsFile-dgpbpeznkgqoaobgpyrnpeucjuwy/Build/Intermediates.noindex/PasteAsFile.build/Release/PasteAsFileFinder.build/DerivedSources/PasteAsFileFinder-Swift.h

Copy /Users/bf/Library/Developer/Xcode/DerivedData/PasteAsFile-dgpbpeznkgqoaobgpyrnpeucjuwy/Build/Products/Release/PasteAsFileFinder.swiftmodule/x86_64-apple-macos.swiftmodule /Users/bf/Library/Developer/Xcode/DerivedData/PasteAsFile-dgpbpeznkgqoaobgpyrnpeucjuwy/Build/Intermediates.noindex/PasteAsFile.build/Release/PasteAsFileFinder.build/Objects-normal/x86_64/PasteAsFileFinder.swiftmodule (in target 'PasteAsFileFinder' from project 'PasteAsFile')
    cd /Users/bf/Library/CloudStorage/GoogleDrive-bernynoussi@gmail.com/Mon\ Drive/Formation/Collège\ BDEB/ETE_2026/420-A60-BB\ ALGORITHMES\ D\'APPRENTISSAGE\ PROFOND/Examen\ Final/PasteAsFile
    builtin-copy -exclude .DS_Store -exclude CVS -exclude .svn -exclude .git -exclude .hg -resolve-src-symlinks -rename /Users/bf/Library/Developer/Xcode/DerivedData/PasteAsFile-dgpbpeznkgqoaobgpyrnpeucjuwy/Build/Intermediates.noindex/PasteAsFile.build/Release/PasteAsFileFinder.build/Objects-normal/x86_64/PasteAsFileFinder.swiftmodule /Users/bf/Library/Developer/Xcode/DerivedData/PasteAsFile-dgpbpeznkgqoaobgpyrnpeucjuwy/Build/Products/Release/PasteAsFileFinder.swiftmodule/x86_64-apple-macos.swiftmodule

Copy /Users/bf/Library/Developer/Xcode/DerivedData/PasteAsFile-dgpbpeznkgqoaobgpyrnpeucjuwy/Build/Products/Release/PasteAsFileFinder.swiftmodule/x86_64-apple-macos.swiftdoc /Users/bf/Library/Developer/Xcode/DerivedData/PasteAsFile-dgpbpeznkgqoaobgpyrnpeucjuwy/Build/Intermediates.noindex/PasteAsFile.build/Release/PasteAsFileFinder.build/Objects-normal/x86_64/PasteAsFileFinder.swiftdoc (in target 'PasteAsFileFinder' from project 'PasteAsFile')
    cd /Users/bf/Library/CloudStorage/GoogleDrive-bernynoussi@gmail.com/Mon\ Drive/Formation/Collège\ BDEB/ETE_2026/420-A60-BB\ ALGORITHMES\ D\'APPRENTISSAGE\ PROFOND/Examen\ Final/PasteAsFile
    builtin-copy -exclude .DS_Store -exclude CVS -exclude .svn -exclude .git -exclude .hg -resolve-src-symlinks -rename /Users/bf/Library/Developer/Xcode/DerivedData/PasteAsFile-dgpbpeznkgqoaobgpyrnpeucjuwy/Build/Intermediates.noindex/PasteAsFile.build/Release/PasteAsFileFinder.build/Objects-normal/x86_64/PasteAsFileFinder.swiftdoc /Users/bf/Library/Developer/Xcode/DerivedData/PasteAsFile-dgpbpeznkgqoaobgpyrnpeucjuwy/Build/Products/Release/PasteAsFileFinder.swiftmodule/x86_64-apple-macos.swiftdoc

Copy /Users/bf/Library/Developer/Xcode/DerivedData/PasteAsFile-dgpbpeznkgqoaobgpyrnpeucjuwy/Build/Products/Release/PasteAsFileFinder.swiftmodule/x86_64-apple-macos.abi.json /Users/bf/Library/Developer/Xcode/DerivedData/PasteAsFile-dgpbpeznkgqoaobgpyrnpeucjuwy/Build/Intermediates.noindex/PasteAsFile.build/Release/PasteAsFileFinder.build/Objects-normal/x86_64/PasteAsFileFinder.abi.json (in target 'PasteAsFileFinder' from project 'PasteAsFile')
    cd /Users/bf/Library/CloudStorage/GoogleDrive-bernynoussi@gmail.com/Mon\ Drive/Formation/Collège\ BDEB/ETE_2026/420-A60-BB\ ALGORITHMES\ D\'APPRENTISSAGE\ PROFOND/Examen\ Final/PasteAsFile
    builtin-copy -exclude .DS_Store -exclude CVS -exclude .svn -exclude .git -exclude .hg -resolve-src-symlinks -rename /Users/bf/Library/Developer/Xcode/DerivedData/PasteAsFile-dgpbpeznkgqoaobgpyrnpeucjuwy/Build/Intermediates.noindex/PasteAsFile.build/Release/PasteAsFileFinder.build/Objects-normal/x86_64/PasteAsFileFinder.abi.json /Users/bf/Library/Developer/Xcode/DerivedData/PasteAsFile-dgpbpeznkgqoaobgpyrnpeucjuwy/Build/Products/Release/PasteAsFileFinder.swiftmodule/x86_64-apple-macos.abi.json

Copy /Users/bf/Library/Developer/Xcode/DerivedData/PasteAsFile-dgpbpeznkgqoaobgpyrnpeucjuwy/Build/Products/Release/PasteAsFileFinder.swiftmodule/arm64-apple-macos.swiftmodule /Users/bf/Library/Developer/Xcode/DerivedData/PasteAsFile-dgpbpeznkgqoaobgpyrnpeucjuwy/Build/Intermediates.noindex/PasteAsFile.build/Release/PasteAsFileFinder.build/Objects-normal/arm64/PasteAsFileFinder.swiftmodule (in target 'PasteAsFileFinder' from project 'PasteAsFile')
    cd /Users/bf/Library/CloudStorage/GoogleDrive-bernynoussi@gmail.com/Mon\ Drive/Formation/Collège\ BDEB/ETE_2026/420-A60-BB\ ALGORITHMES\ D\'APPRENTISSAGE\ PROFOND/Examen\ Final/PasteAsFile
    builtin-copy -exclude .DS_Store -exclude CVS -exclude .svn -exclude .git -exclude .hg -resolve-src-symlinks -rename /Users/bf/Library/Developer/Xcode/DerivedData/PasteAsFile-dgpbpeznkgqoaobgpyrnpeucjuwy/Build/Intermediates.noindex/PasteAsFile.build/Release/PasteAsFileFinder.build/Objects-normal/arm64/PasteAsFileFinder.swiftmodule /Users/bf/Library/Developer/Xcode/DerivedData/PasteAsFile-dgpbpeznkgqoaobgpyrnpeucjuwy/Build/Products/Release/PasteAsFileFinder.swiftmodule/arm64-apple-macos.swiftmodule

Copy /Users/bf/Library/Developer/Xcode/DerivedData/PasteAsFile-dgpbpeznkgqoaobgpyrnpeucjuwy/Build/Products/Release/PasteAsFileFinder.swiftmodule/arm64-apple-macos.swiftdoc /Users/bf/Library/Developer/Xcode/DerivedData/PasteAsFile-dgpbpeznkgqoaobgpyrnpeucjuwy/Build/Intermediates.noindex/PasteAsFile.build/Release/PasteAsFileFinder.build/Objects-normal/arm64/PasteAsFileFinder.swiftdoc (in target 'PasteAsFileFinder' from project 'PasteAsFile')
    cd /Users/bf/Library/CloudStorage/GoogleDrive-bernynoussi@gmail.com/Mon\ Drive/Formation/Collège\ BDEB/ETE_2026/420-A60-BB\ ALGORITHMES\ D\'APPRENTISSAGE\ PROFOND/Examen\ Final/PasteAsFile
    builtin-copy -exclude .DS_Store -exclude CVS -exclude .svn -exclude .git -exclude .hg -resolve-src-symlinks -rename /Users/bf/Library/Developer/Xcode/DerivedData/PasteAsFile-dgpbpeznkgqoaobgpyrnpeucjuwy/Build/Intermediates.noindex/PasteAsFile.build/Release/PasteAsFileFinder.build/Objects-normal/arm64/PasteAsFileFinder.swiftdoc /Users/bf/Library/Developer/Xcode/DerivedData/PasteAsFile-dgpbpeznkgqoaobgpyrnpeucjuwy/Build/Products/Release/PasteAsFileFinder.swiftmodule/arm64-apple-macos.swiftdoc

Copy /Users/bf/Library/Developer/Xcode/DerivedData/PasteAsFile-dgpbpeznkgqoaobgpyrnpeucjuwy/Build/Products/Release/PasteAsFileFinder.swiftmodule/arm64-apple-macos.abi.json /Users/bf/Library/Developer/Xcode/DerivedData/PasteAsFile-dgpbpeznkgqoaobgpyrnpeucjuwy/Build/Intermediates.noindex/PasteAsFile.build/Release/PasteAsFileFinder.build/Objects-normal/arm64/PasteAsFileFinder.abi.json (in target 'PasteAsFileFinder' from project 'PasteAsFile')
    cd /Users/bf/Library/CloudStorage/GoogleDrive-bernynoussi@gmail.com/Mon\ Drive/Formation/Collège\ BDEB/ETE_2026/420-A60-BB\ ALGORITHMES\ D\'APPRENTISSAGE\ PROFOND/Examen\ Final/PasteAsFile
    builtin-copy -exclude .DS_Store -exclude CVS -exclude .svn -exclude .git -exclude .hg -resolve-src-symlinks -rename /Users/bf/Library/Developer/Xcode/DerivedData/PasteAsFile-dgpbpeznkgqoaobgpyrnpeucjuwy/Build/Intermediates.noindex/PasteAsFile.build/Release/PasteAsFileFinder.build/Objects-normal/arm64/PasteAsFileFinder.abi.json /Users/bf/Library/Developer/Xcode/DerivedData/PasteAsFile-dgpbpeznkgqoaobgpyrnpeucjuwy/Build/Products/Release/PasteAsFileFinder.swiftmodule/arm64-apple-macos.abi.json

Copy /Users/bf/Library/Developer/Xcode/DerivedData/PasteAsFile-dgpbpeznkgqoaobgpyrnpeucjuwy/Build/Products/Release/PasteAsFileFinder.swiftmodule/Project/arm64-apple-macos.swiftsourceinfo /Users/bf/Library/Developer/Xcode/DerivedData/PasteAsFile-dgpbpeznkgqoaobgpyrnpeucjuwy/Build/Intermediates.noindex/PasteAsFile.build/Release/PasteAsFileFinder.build/Objects-normal/arm64/PasteAsFileFinder.swiftsourceinfo (in target 'PasteAsFileFinder' from project 'PasteAsFile')
    cd /Users/bf/Library/CloudStorage/GoogleDrive-bernynoussi@gmail.com/Mon\ Drive/Formation/Collège\ BDEB/ETE_2026/420-A60-BB\ ALGORITHMES\ D\'APPRENTISSAGE\ PROFOND/Examen\ Final/PasteAsFile
    builtin-copy -exclude .DS_Store -exclude CVS -exclude .svn -exclude .git -exclude .hg -resolve-src-symlinks -rename /Users/bf/Library/Developer/Xcode/DerivedData/PasteAsFile-dgpbpeznkgqoaobgpyrnpeucjuwy/Build/Intermediates.noindex/PasteAsFile.build/Release/PasteAsFileFinder.build/Objects-normal/arm64/PasteAsFileFinder.swiftsourceinfo /Users/bf/Library/Developer/Xcode/DerivedData/PasteAsFile-dgpbpeznkgqoaobgpyrnpeucjuwy/Build/Products/Release/PasteAsFileFinder.swiftmodule/Project/arm64-apple-macos.swiftsourceinfo

Copy /Users/bf/Library/Developer/Xcode/DerivedData/PasteAsFile-dgpbpeznkgqoaobgpyrnpeucjuwy/Build/Products/Release/PasteAsFileFinder.swiftmodule/Project/x86_64-apple-macos.swiftsourceinfo /Users/bf/Library/Developer/Xcode/DerivedData/PasteAsFile-dgpbpeznkgqoaobgpyrnpeucjuwy/Build/Intermediates.noindex/PasteAsFile.build/Release/PasteAsFileFinder.build/Objects-normal/x86_64/PasteAsFileFinder.swiftsourceinfo (in target 'PasteAsFileFinder' from project 'PasteAsFile')
    cd /Users/bf/Library/CloudStorage/GoogleDrive-bernynoussi@gmail.com/Mon\ Drive/Formation/Collège\ BDEB/ETE_2026/420-A60-BB\ ALGORITHMES\ D\'APPRENTISSAGE\ PROFOND/Examen\ Final/PasteAsFile
    builtin-copy -exclude .DS_Store -exclude CVS -exclude .svn -exclude .git -exclude .hg -resolve-src-symlinks -rename /Users/bf/Library/Developer/Xcode/DerivedData/PasteAsFile-dgpbpeznkgqoaobgpyrnpeucjuwy/Build/Intermediates.noindex/PasteAsFile.build/Release/PasteAsFileFinder.build/Objects-normal/x86_64/PasteAsFileFinder.swiftsourceinfo /Users/bf/Library/Developer/Xcode/DerivedData/PasteAsFile-dgpbpeznkgqoaobgpyrnpeucjuwy/Build/Products/Release/PasteAsFileFinder.swiftmodule/Project/x86_64-apple-macos.swiftsourceinfo

Ld /Users/bf/Library/Developer/Xcode/DerivedData/PasteAsFile-dgpbpeznkgqoaobgpyrnpeucjuwy/Build/Intermediates.noindex/PasteAsFile.build/Release/PasteAsFileFinder.build/Objects-normal/x86_64/Binary/PasteAsFileFinder normal x86_64 (in target 'PasteAsFileFinder' from project 'PasteAsFile')
    cd /Users/bf/Library/CloudStorage/GoogleDrive-bernynoussi@gmail.com/Mon\ Drive/Formation/Collège\ BDEB/ETE_2026/420-A60-BB\ ALGORITHMES\ D\'APPRENTISSAGE\ PROFOND/Examen\ Final/PasteAsFile
    /Applications/Xcode.app/Contents/Developer/Toolchains/XcodeDefault.xctoolchain/usr/bin/clang -Xlinker -reproducible -target x86_64-apple-macos13.0 -isysroot /Applications/Xcode.app/Contents/Developer/Platforms/MacOSX.platform/Developer/SDKs/MacOSX27.0.sdk -Os -Xlinker -no_warn_duplicate_libraries -L/Users/bf/Library/Developer/Xcode/DerivedData/PasteAsFile-dgpbpeznkgqoaobgpyrnpeucjuwy/Build/Intermediates.noindex/EagerLinkingTBDs/Release -L/Users/bf/Library/Developer/Xcode/DerivedData/PasteAsFile-dgpbpeznkgqoaobgpyrnpeucjuwy/Build/Products/Release -F/Users/bf/Library/Developer/Xcode/DerivedData/PasteAsFile-dgpbpeznkgqoaobgpyrnpeucjuwy/Build/Intermediates.noindex/EagerLinkingTBDs/Release -F/Users/bf/Library/Developer/Xcode/DerivedData/PasteAsFile-dgpbpeznkgqoaobgpyrnpeucjuwy/Build/Products/Release -filelist /Users/bf/Library/Developer/Xcode/DerivedData/PasteAsFile-dgpbpeznkgqoaobgpyrnpeucjuwy/Build/Intermediates.noindex/PasteAsFile.build/Release/PasteAsFileFinder.build/Objects-normal/x86_64/PasteAsFileFinder.LinkFileList -Xlinker -rpath -Xlinker /usr/lib/swift -Xlinker -object_path_lto -Xlinker /Users/bf/Library/Developer/Xcode/DerivedData/PasteAsFile-dgpbpeznkgqoaobgpyrnpeucjuwy/Build/Intermediates.noindex/PasteAsFile.build/Release/PasteAsFileFinder.build/Objects-normal/x86_64/PasteAsFileFinder_lto.o -Xlinker -dependency_info -Xlinker /Users/bf/Library/Developer/Xcode/DerivedData/PasteAsFile-dgpbpeznkgqoaobgpyrnpeucjuwy/Build/Intermediates.noindex/PasteAsFile.build/Release/PasteAsFileFinder.build/Objects-normal/x86_64/PasteAsFileFinder_dependency_info.dat -e _NSExtensionMain -fapplication-extension -fobjc-link-runtime -L/Applications/Xcode.app/Contents/Developer/Toolchains/XcodeDefault.xctoolchain/usr/lib/swift/macosx -L/usr/lib/swift -Xlinker -add_ast_path -Xlinker /Users/bf/Library/Developer/Xcode/DerivedData/PasteAsFile-dgpbpeznkgqoaobgpyrnpeucjuwy/Build/Intermediates.noindex/PasteAsFile.build/Release/PasteAsFileFinder.build/Objects-normal/x86_64/PasteAsFileFinder.swiftmodule -framework Cocoa -Xlinker -no_adhoc_codesign -o /Users/bf/Library/Developer/Xcode/DerivedData/PasteAsFile-dgpbpeznkgqoaobgpyrnpeucjuwy/Build/Intermediates.noindex/PasteAsFile.build/Release/PasteAsFileFinder.build/Objects-normal/x86_64/Binary/PasteAsFileFinder

Ld /Users/bf/Library/Developer/Xcode/DerivedData/PasteAsFile-dgpbpeznkgqoaobgpyrnpeucjuwy/Build/Intermediates.noindex/PasteAsFile.build/Release/PasteAsFileFinder.build/Objects-normal/arm64/Binary/PasteAsFileFinder normal arm64 (in target 'PasteAsFileFinder' from project 'PasteAsFile')
    cd /Users/bf/Library/CloudStorage/GoogleDrive-bernynoussi@gmail.com/Mon\ Drive/Formation/Collège\ BDEB/ETE_2026/420-A60-BB\ ALGORITHMES\ D\'APPRENTISSAGE\ PROFOND/Examen\ Final/PasteAsFile
    /Applications/Xcode.app/Contents/Developer/Toolchains/XcodeDefault.xctoolchain/usr/bin/clang -Xlinker -reproducible -target arm64-apple-macos13.0 -isysroot /Applications/Xcode.app/Contents/Developer/Platforms/MacOSX.platform/Developer/SDKs/MacOSX27.0.sdk -Os -Xlinker -no_warn_duplicate_libraries -L/Users/bf/Library/Developer/Xcode/DerivedData/PasteAsFile-dgpbpeznkgqoaobgpyrnpeucjuwy/Build/Intermediates.noindex/EagerLinkingTBDs/Release -L/Users/bf/Library/Developer/Xcode/DerivedData/PasteAsFile-dgpbpeznkgqoaobgpyrnpeucjuwy/Build/Products/Release -F/Users/bf/Library/Developer/Xcode/DerivedData/PasteAsFile-dgpbpeznkgqoaobgpyrnpeucjuwy/Build/Intermediates.noindex/EagerLinkingTBDs/Release -F/Users/bf/Library/Developer/Xcode/DerivedData/PasteAsFile-dgpbpeznkgqoaobgpyrnpeucjuwy/Build/Products/Release -filelist /Users/bf/Library/Developer/Xcode/DerivedData/PasteAsFile-dgpbpeznkgqoaobgpyrnpeucjuwy/Build/Intermediates.noindex/PasteAsFile.build/Release/PasteAsFileFinder.build/Objects-normal/arm64/PasteAsFileFinder.LinkFileList -Xlinker -rpath -Xlinker /usr/lib/swift -Xlinker -object_path_lto -Xlinker /Users/bf/Library/Developer/Xcode/DerivedData/PasteAsFile-dgpbpeznkgqoaobgpyrnpeucjuwy/Build/Intermediates.noindex/PasteAsFile.build/Release/PasteAsFileFinder.build/Objects-normal/arm64/PasteAsFileFinder_lto.o -Xlinker -dependency_info -Xlinker /Users/bf/Library/Developer/Xcode/DerivedData/PasteAsFile-dgpbpeznkgqoaobgpyrnpeucjuwy/Build/Intermediates.noindex/PasteAsFile.build/Release/PasteAsFileFinder.build/Objects-normal/arm64/PasteAsFileFinder_dependency_info.dat -e _NSExtensionMain -fapplication-extension -fobjc-link-runtime -L/Applications/Xcode.app/Contents/Developer/Toolchains/XcodeDefault.xctoolchain/usr/lib/swift/macosx -L/usr/lib/swift -Xlinker -add_ast_path -Xlinker /Users/bf/Library/Developer/Xcode/DerivedData/PasteAsFile-dgpbpeznkgqoaobgpyrnpeucjuwy/Build/Intermediates.noindex/PasteAsFile.build/Release/PasteAsFileFinder.build/Objects-normal/arm64/PasteAsFileFinder.swiftmodule -framework Cocoa -Xlinker -no_adhoc_codesign -o /Users/bf/Library/Developer/Xcode/DerivedData/PasteAsFile-dgpbpeznkgqoaobgpyrnpeucjuwy/Build/Intermediates.noindex/PasteAsFile.build/Release/PasteAsFileFinder.build/Objects-normal/arm64/Binary/PasteAsFileFinder

ProcessProductPackaging "" /Users/bf/Library/Developer/Xcode/DerivedData/PasteAsFile-dgpbpeznkgqoaobgpyrnpeucjuwy/Build/Intermediates.noindex/PasteAsFile.build/Release/PasteAsFile.build/PasteAsFile.app.xcent (in target 'PasteAsFile' from project 'PasteAsFile')
    cd /Users/bf/Library/CloudStorage/GoogleDrive-bernynoussi@gmail.com/Mon\ Drive/Formation/Collège\ BDEB/ETE_2026/420-A60-BB\ ALGORITHMES\ D\'APPRENTISSAGE\ PROFOND/Examen\ Final/PasteAsFile
    
    Entitlements:
    
    {
    "com.apple.security.get-task-allow" = 1;
}
    
    builtin-productPackagingUtility -entitlements -format xml -o /Users/bf/Library/Developer/Xcode/DerivedData/PasteAsFile-dgpbpeznkgqoaobgpyrnpeucjuwy/Build/Intermediates.noindex/PasteAsFile.build/Release/PasteAsFile.build/PasteAsFile.app.xcent

ProcessProductPackagingDER /Users/bf/Library/Developer/Xcode/DerivedData/PasteAsFile-dgpbpeznkgqoaobgpyrnpeucjuwy/Build/Intermediates.noindex/PasteAsFile.build/Release/PasteAsFile.build/PasteAsFile.app.xcent /Users/bf/Library/Developer/Xcode/DerivedData/PasteAsFile-dgpbpeznkgqoaobgpyrnpeucjuwy/Build/Intermediates.noindex/PasteAsFile.build/Release/PasteAsFile.build/PasteAsFile.app.xcent.der (in target 'PasteAsFile' from project 'PasteAsFile')
    cd /Users/bf/Library/CloudStorage/GoogleDrive-bernynoussi@gmail.com/Mon\ Drive/Formation/Collège\ BDEB/ETE_2026/420-A60-BB\ ALGORITHMES\ D\'APPRENTISSAGE\ PROFOND/Examen\ Final/PasteAsFile
    /usr/bin/derq query -f xml -i /Users/bf/Library/Developer/Xcode/DerivedData/PasteAsFile-dgpbpeznkgqoaobgpyrnpeucjuwy/Build/Intermediates.noindex/PasteAsFile.build/Release/PasteAsFile.build/PasteAsFile.app.xcent -o /Users/bf/Library/Developer/Xcode/DerivedData/PasteAsFile-dgpbpeznkgqoaobgpyrnpeucjuwy/Build/Intermediates.noindex/PasteAsFile.build/Release/PasteAsFile.build/PasteAsFile.app.xcent.der --raw

SwiftDriver PasteAsFile normal arm64 com.apple.xcode.tools.swift.compiler (in target 'PasteAsFile' from project 'PasteAsFile')
    cd /Users/bf/Library/CloudStorage/GoogleDrive-bernynoussi@gmail.com/Mon\ Drive/Formation/Collège\ BDEB/ETE_2026/420-A60-BB\ ALGORITHMES\ D\'APPRENTISSAGE\ PROFOND/Examen\ Final/PasteAsFile
    builtin-SwiftDriver -- /Applications/Xcode.app/Contents/Developer/Toolchains/XcodeDefault.xctoolchain/usr/bin/swiftc -module-name PasteAsFile -O -whole-module-optimization @/Users/bf/Library/Developer/Xcode/DerivedData/PasteAsFile-dgpbpeznkgqoaobgpyrnpeucjuwy/Build/Intermediates.noindex/PasteAsFile.build/Release/PasteAsFile.build/Objects-normal/arm64/PasteAsFile.SwiftFileList -enable-bare-slash-regex -enable-experimental-feature DebugDescriptionMacro -sdk /Applications/Xcode.app/Contents/Developer/Platforms/MacOSX.platform/Developer/SDKs/MacOSX27.0.sdk -target arm64-apple-macos13.0 -g -module-cache-path /Users/bf/Library/Developer/Xcode/DerivedData/ModuleCache.noindex -Xfrontend -serialize-debugging-options -swift-version 5 -I /Users/bf/Library/Developer/Xcode/DerivedData/PasteAsFile-dgpbpeznkgqoaobgpyrnpeucjuwy/Build/Products/Release -F /Users/bf/Library/Developer/Xcode/DerivedData/PasteAsFile-dgpbpeznkgqoaobgpyrnpeucjuwy/Build/Products/Release -emit-localized-strings -emit-localized-strings-path /Users/bf/Library/Developer/Xcode/DerivedData/PasteAsFile-dgpbpeznkgqoaobgpyrnpeucjuwy/Build/Intermediates.noindex/PasteAsFile.build/Release/PasteAsFile.build/Objects-normal/arm64 -c -num-threads 16 -Xcc -ivfsstatcache -Xcc /Users/bf/Library/Developer/Xcode/DerivedData/SDKStatCaches.noindex/macosx27.0-26A425-7231f6df4def33e022ae2eb8f782df1a.sdkstatcache -output-file-map /Users/bf/Library/Developer/Xcode/DerivedData/PasteAsFile-dgpbpeznkgqoaobgpyrnpeucjuwy/Build/Intermediates.noindex/PasteAsFile.build/Release/PasteAsFile.build/Objects-normal/arm64/PasteAsFile-OutputFileMap.json -save-temps -no-color-diagnostics -explicit-module-build -module-cache-path /Users/bf/Library/Developer/Xcode/DerivedData/PasteAsFile-dgpbpeznkgqoaobgpyrnpeucjuwy/Build/Intermediates.noindex/SwiftExplicitPrecompiledModules -clang-scanner-module-cache-path /Users/bf/Library/Developer/Xcode/DerivedData/ModuleCache.noindex -sdk-module-cache-path /Users/bf/Library/Developer/Xcode/DerivedData/SDKExplicitPrecompiledModules -emit-dependencies -emit-module -emit-module-path /Users/bf/Library/Developer/Xcode/DerivedData/PasteAsFile-dgpbpeznkgqoaobgpyrnpeucjuwy/Build/Intermediates.noindex/PasteAsFile.build/Release/PasteAsFile.build/Objects-normal/arm64/PasteAsFile.swiftmodule -serialize-diagnostics -dependency-scan-serialize-diagnostics-path /Users/bf/Library/Developer/Xcode/DerivedData/PasteAsFile-dgpbpeznkgqoaobgpyrnpeucjuwy/Build/Intermediates.noindex/PasteAsFile.build/Release/PasteAsFile.build/Objects-normal/arm64/PasteAsFile-dependency-scan.dia -validate-clang-modules-once -clang-build-session-file /Users/bf/Library/Developer/Xcode/DerivedData/ModuleCache.noindex/Session.modulevalidation -Xcc -fmodules-prune-interval\=86400 -Xcc -fmodules-prune-after\=345600 -emit-const-values -const-gather-protocols-list /Users/bf/Library/Developer/Xcode/DerivedData/PasteAsFile-dgpbpeznkgqoaobgpyrnpeucjuwy/Build/Intermediates.noindex/PasteAsFile.build/Release/PasteAsFile.build/Objects-normal/arm64/PasteAsFile_const_extract_protocols.json -Xcc -iquote -Xcc /Users/bf/Library/Developer/Xcode/DerivedData/PasteAsFile-dgpbpeznkgqoaobgpyrnpeucjuwy/Build/Intermediates.noindex/PasteAsFile.build/Release/PasteAsFile.build/PasteAsFile-generated-files.hmap -Xcc -I/Users/bf/Library/Developer/Xcode/DerivedData/PasteAsFile-dgpbpeznkgqoaobgpyrnpeucjuwy/Build/Intermediates.noindex/PasteAsFile.build/Release/PasteAsFile.build/PasteAsFile-own-target-headers.hmap -Xcc -I/Users/bf/Library/Developer/Xcode/DerivedData/PasteAsFile-dgpbpeznkgqoaobgpyrnpeucjuwy/Build/Intermediates.noindex/PasteAsFile.build/Release/PasteAsFile.build/PasteAsFile-all-target-headers.hmap -Xcc -iquote -Xcc /Users/bf/Library/Developer/Xcode/DerivedData/PasteAsFile-dgpbpeznkgqoaobgpyrnpeucjuwy/Build/Intermediates.noindex/PasteAsFile.build/Release/PasteAsFile.build/PasteAsFile-project-headers.hmap -Xcc -I/Users/bf/Library/Developer/Xcode/DerivedData/PasteAsFile-dgpbpeznkgqoaobgpyrnpeucjuwy/Build/Products/Release/include -Xcc -I/Users/bf/Library/Developer/Xcode/DerivedData/PasteAsFile-dgpbpeznkgqoaobgpyrnpeucjuwy/Build/Intermediates.noindex/PasteAsFile.build/Release/PasteAsFile.build/DerivedSources-normal/arm64 -Xcc -I/Users/bf/Library/Developer/Xcode/DerivedData/PasteAsFile-dgpbpeznkgqoaobgpyrnpeucjuwy/Build/Intermediates.noindex/PasteAsFile.build/Release/PasteAsFile.build/DerivedSources/arm64 -Xcc -I/Users/bf/Library/Developer/Xcode/DerivedData/PasteAsFile-dgpbpeznkgqoaobgpyrnpeucjuwy/Build/Intermediates.noindex/PasteAsFile.build/Release/PasteAsFile.build/DerivedSources -emit-objc-header -emit-objc-header-path /Users/bf/Library/Developer/Xcode/DerivedData/PasteAsFile-dgpbpeznkgqoaobgpyrnpeucjuwy/Build/Intermediates.noindex/PasteAsFile.build/Release/PasteAsFile.build/Objects-normal/arm64/PasteAsFile-Swift.h -working-directory /Users/bf/Library/CloudStorage/GoogleDrive-bernynoussi@gmail.com/Mon\ Drive/Formation/Collège\ BDEB/ETE_2026/420-A60-BB\ ALGORITHMES\ D\'APPRENTISSAGE\ PROFOND/Examen\ Final/PasteAsFile -no-emit-module-separately-wmo

SwiftDriver PasteAsFile normal x86_64 com.apple.xcode.tools.swift.compiler (in target 'PasteAsFile' from project 'PasteAsFile')
    cd /Users/bf/Library/CloudStorage/GoogleDrive-bernynoussi@gmail.com/Mon\ Drive/Formation/Collège\ BDEB/ETE_2026/420-A60-BB\ ALGORITHMES\ D\'APPRENTISSAGE\ PROFOND/Examen\ Final/PasteAsFile
    builtin-SwiftDriver -- /Applications/Xcode.app/Contents/Developer/Toolchains/XcodeDefault.xctoolchain/usr/bin/swiftc -module-name PasteAsFile -O -whole-module-optimization @/Users/bf/Library/Developer/Xcode/DerivedData/PasteAsFile-dgpbpeznkgqoaobgpyrnpeucjuwy/Build/Intermediates.noindex/PasteAsFile.build/Release/PasteAsFile.build/Objects-normal/x86_64/PasteAsFile.SwiftFileList -enable-bare-slash-regex -enable-experimental-feature DebugDescriptionMacro -sdk /Applications/Xcode.app/Contents/Developer/Platforms/MacOSX.platform/Developer/SDKs/MacOSX27.0.sdk -target x86_64-apple-macos13.0 -g -module-cache-path /Users/bf/Library/Developer/Xcode/DerivedData/ModuleCache.noindex -Xfrontend -serialize-debugging-options -swift-version 5 -I /Users/bf/Library/Developer/Xcode/DerivedData/PasteAsFile-dgpbpeznkgqoaobgpyrnpeucjuwy/Build/Products/Release -F /Users/bf/Library/Developer/Xcode/DerivedData/PasteAsFile-dgpbpeznkgqoaobgpyrnpeucjuwy/Build/Products/Release -emit-localized-strings -emit-localized-strings-path /Users/bf/Library/Developer/Xcode/DerivedData/PasteAsFile-dgpbpeznkgqoaobgpyrnpeucjuwy/Build/Intermediates.noindex/PasteAsFile.build/Release/PasteAsFile.build/Objects-normal/x86_64 -c -num-threads 16 -Xcc -ivfsstatcache -Xcc /Users/bf/Library/Developer/Xcode/DerivedData/SDKStatCaches.noindex/macosx27.0-26A425-7231f6df4def33e022ae2eb8f782df1a.sdkstatcache -output-file-map /Users/bf/Library/Developer/Xcode/DerivedData/PasteAsFile-dgpbpeznkgqoaobgpyrnpeucjuwy/Build/Intermediates.noindex/PasteAsFile.build/Release/PasteAsFile.build/Objects-normal/x86_64/PasteAsFile-OutputFileMap.json -save-temps -no-color-diagnostics -explicit-module-build -module-cache-path /Users/bf/Library/Developer/Xcode/DerivedData/PasteAsFile-dgpbpeznkgqoaobgpyrnpeucjuwy/Build/Intermediates.noindex/SwiftExplicitPrecompiledModules -clang-scanner-module-cache-path /Users/bf/Library/Developer/Xcode/DerivedData/ModuleCache.noindex -sdk-module-cache-path /Users/bf/Library/Developer/Xcode/DerivedData/SDKExplicitPrecompiledModules -emit-dependencies -emit-module -emit-module-path /Users/bf/Library/Developer/Xcode/DerivedData/PasteAsFile-dgpbpeznkgqoaobgpyrnpeucjuwy/Build/Intermediates.noindex/PasteAsFile.build/Release/PasteAsFile.build/Objects-normal/x86_64/PasteAsFile.swiftmodule -serialize-diagnostics -dependency-scan-serialize-diagnostics-path /Users/bf/Library/Developer/Xcode/DerivedData/PasteAsFile-dgpbpeznkgqoaobgpyrnpeucjuwy/Build/Intermediates.noindex/PasteAsFile.build/Release/PasteAsFile.build/Objects-normal/x86_64/PasteAsFile-dependency-scan.dia -validate-clang-modules-once -clang-build-session-file /Users/bf/Library/Developer/Xcode/DerivedData/ModuleCache.noindex/Session.modulevalidation -Xcc -fmodules-prune-interval\=86400 -Xcc -fmodules-prune-after\=345600 -emit-const-values -const-gather-protocols-list /Users/bf/Library/Developer/Xcode/DerivedData/PasteAsFile-dgpbpeznkgqoaobgpyrnpeucjuwy/Build/Intermediates.noindex/PasteAsFile.build/Release/PasteAsFile.build/Objects-normal/x86_64/PasteAsFile_const_extract_protocols.json -Xcc -iquote -Xcc /Users/bf/Library/Developer/Xcode/DerivedData/PasteAsFile-dgpbpeznkgqoaobgpyrnpeucjuwy/Build/Intermediates.noindex/PasteAsFile.build/Release/PasteAsFile.build/PasteAsFile-generated-files.hmap -Xcc -I/Users/bf/Library/Developer/Xcode/DerivedData/PasteAsFile-dgpbpeznkgqoaobgpyrnpeucjuwy/Build/Intermediates.noindex/PasteAsFile.build/Release/PasteAsFile.build/PasteAsFile-own-target-headers.hmap -Xcc -I/Users/bf/Library/Developer/Xcode/DerivedData/PasteAsFile-dgpbpeznkgqoaobgpyrnpeucjuwy/Build/Intermediates.noindex/PasteAsFile.build/Release/PasteAsFile.build/PasteAsFile-all-target-headers.hmap -Xcc -iquote -Xcc /Users/bf/Library/Developer/Xcode/DerivedData/PasteAsFile-dgpbpeznkgqoaobgpyrnpeucjuwy/Build/Intermediates.noindex/PasteAsFile.build/Release/PasteAsFile.build/PasteAsFile-project-headers.hmap -Xcc -I/Users/bf/Library/Developer/Xcode/DerivedData/PasteAsFile-dgpbpeznkgqoaobgpyrnpeucjuwy/Build/Products/Release/include -Xcc -I/Users/bf/Library/Developer/Xcode/DerivedData/PasteAsFile-dgpbpeznkgqoaobgpyrnpeucjuwy/Build/Intermediates.noindex/PasteAsFile.build/Release/PasteAsFile.build/DerivedSources-normal/x86_64 -Xcc -I/Users/bf/Library/Developer/Xcode/DerivedData/PasteAsFile-dgpbpeznkgqoaobgpyrnpeucjuwy/Build/Intermediates.noindex/PasteAsFile.build/Release/PasteAsFile.build/DerivedSources/x86_64 -Xcc -I/Users/bf/Library/Developer/Xcode/DerivedData/PasteAsFile-dgpbpeznkgqoaobgpyrnpeucjuwy/Build/Intermediates.noindex/PasteAsFile.build/Release/PasteAsFile.build/DerivedSources -emit-objc-header -emit-objc-header-path /Users/bf/Library/Developer/Xcode/DerivedData/PasteAsFile-dgpbpeznkgqoaobgpyrnpeucjuwy/Build/Intermediates.noindex/PasteAsFile.build/Release/PasteAsFile.build/Objects-normal/x86_64/PasteAsFile-Swift.h -working-directory /Users/bf/Library/CloudStorage/GoogleDrive-bernynoussi@gmail.com/Mon\ Drive/Formation/Collège\ BDEB/ETE_2026/420-A60-BB\ ALGORITHMES\ D\'APPRENTISSAGE\ PROFOND/Examen\ Final/PasteAsFile -no-emit-module-separately-wmo

CreateUniversalBinary /Users/bf/Library/Developer/Xcode/DerivedData/PasteAsFile-dgpbpeznkgqoaobgpyrnpeucjuwy/Build/Products/Release/PasteAsFileFinder.appex/Contents/MacOS/PasteAsFileFinder normal arm64\ x86_64 (in target 'PasteAsFileFinder' from project 'PasteAsFile')
    cd /Users/bf/Library/CloudStorage/GoogleDrive-bernynoussi@gmail.com/Mon\ Drive/Formation/Collège\ BDEB/ETE_2026/420-A60-BB\ ALGORITHMES\ D\'APPRENTISSAGE\ PROFOND/Examen\ Final/PasteAsFile
    /Applications/Xcode.app/Contents/Developer/Toolchains/XcodeDefault.xctoolchain/usr/bin/lipo -create /Users/bf/Library/Developer/Xcode/DerivedData/PasteAsFile-dgpbpeznkgqoaobgpyrnpeucjuwy/Build/Intermediates.noindex/PasteAsFile.build/Release/PasteAsFileFinder.build/Objects-normal/arm64/Binary/PasteAsFileFinder /Users/bf/Library/Developer/Xcode/DerivedData/PasteAsFile-dgpbpeznkgqoaobgpyrnpeucjuwy/Build/Intermediates.noindex/PasteAsFile.build/Release/PasteAsFileFinder.build/Objects-normal/x86_64/Binary/PasteAsFileFinder -output /Users/bf/Library/Developer/Xcode/DerivedData/PasteAsFile-dgpbpeznkgqoaobgpyrnpeucjuwy/Build/Products/Release/PasteAsFileFinder.appex/Contents/MacOS/PasteAsFileFinder

GenerateDSYMFile /Users/bf/Library/Developer/Xcode/DerivedData/PasteAsFile-dgpbpeznkgqoaobgpyrnpeucjuwy/Build/Products/Release/PasteAsFileFinder.appex.dSYM /Users/bf/Library/Developer/Xcode/DerivedData/PasteAsFile-dgpbpeznkgqoaobgpyrnpeucjuwy/Build/Products/Release/PasteAsFileFinder.appex/Contents/MacOS/PasteAsFileFinder (in target 'PasteAsFileFinder' from project 'PasteAsFile')
    cd /Users/bf/Library/CloudStorage/GoogleDrive-bernynoussi@gmail.com/Mon\ Drive/Formation/Collège\ BDEB/ETE_2026/420-A60-BB\ ALGORITHMES\ D\'APPRENTISSAGE\ PROFOND/Examen\ Final/PasteAsFile
    export PATH\=/Applications/Xcode.app/Contents/SharedFrameworks/SwiftBuild.framework/Versions/A/PlugIns/SWBBuildService.bundle/Contents/PlugIns/SWBUniversalPlatformPlugin.bundle/Contents/Frameworks/SWBUniversalPlatform.framework/Resources:/Applications/Xcode.app/Contents/Developer/Toolchains/XcodeDefault.xctoolchain/usr/bin:/Applications/Xcode.app/Contents/Developer/Toolchains/XcodeDefault.xctoolchain/usr/local/bin:/Applications/Xcode.app/Contents/Developer/Toolchains/XcodeDefault.xctoolchain/usr/libexec:/Applications/Xcode.app/Contents/Developer/Platforms/MacOSX.platform/usr/bin:/Applications/Xcode.app/Contents/Developer/Platforms/MacOSX.platform/usr/local/bin:/Applications/Xcode.app/Contents/Developer/Platforms/MacOSX.platform/Developer/usr/bin:/Applications/Xcode.app/Contents/Developer/Platforms/MacOSX.platform/Developer/usr/local/bin:/Applications/Xcode.app/Contents/Developer/usr/bin:/Applications/Xcode.app/Contents/Developer/usr/local/bin:/Users/bf/.local/bin:/usr/local/bin:/System/Cryptexes/App/usr/bin:/usr/bin:/bin:/usr/sbin:/sbin:/var/run/com.apple.security.cryptexd/codex.system/bootstrap/usr/local/bin:/var/run/com.apple.security.cryptexd/codex.system/bootstrap/usr/bin:/var/run/com.apple.security.cryptexd/codex.system/bootstrap/usr/appleinternal/bin:/pkg/env/global/bin:/Library/Apple/usr/bin:/opt/homebrew/bin:/Users/bf/bin:/Users/bf/.codex/browser-tools/bin:/Users/bf/.holo/bin:/Users/bf/.opencode/bin:/opt/homebrew/sbin:/Users/bf/.cargo/bin:/Applications/iTerm.app/Contents/Resources/utilities:/Users/bf/.orbstack/bin:/Users/bf/.dotnet:/usr/local/sbin:/Users/bf/.hermes/node/bin:/Users/bf/.hermes/node:/Users/bf/.hermes/bin
    /Applications/Xcode.app/Contents/Developer/Toolchains/XcodeDefault.xctoolchain/usr/bin/dsymutil /Users/bf/Library/Developer/Xcode/DerivedData/PasteAsFile-dgpbpeznkgqoaobgpyrnpeucjuwy/Build/Products/Release/PasteAsFileFinder.appex/Contents/MacOS/PasteAsFileFinder -o /Users/bf/Library/Developer/Xcode/DerivedData/PasteAsFile-dgpbpeznkgqoaobgpyrnpeucjuwy/Build/Products/Release/PasteAsFileFinder.appex.dSYM

ExtractAppIntentsMetadata (in target 'PasteAsFileFinder' from project 'PasteAsFile')
    cd /Users/bf/Library/CloudStorage/GoogleDrive-bernynoussi@gmail.com/Mon\ Drive/Formation/Collège\ BDEB/ETE_2026/420-A60-BB\ ALGORITHMES\ D\'APPRENTISSAGE\ PROFOND/Examen\ Final/PasteAsFile
    /Applications/Xcode.app/Contents/Developer/Toolchains/XcodeDefault.xctoolchain/usr/bin/appintentsmetadataprocessor --toolchain-dir /Applications/Xcode.app/Contents/Developer/Toolchains/XcodeDefault.xctoolchain --module-name PasteAsFileFinder --sdk-root /Applications/Xcode.app/Contents/Developer/Platforms/MacOSX.platform/Developer/SDKs/MacOSX27.0.sdk --xcode-version 27A266a --platform-family macOS --deployment-target 13.0 --bundle-identifier org.pasteasfile.PasteAsFileFinder --output /Users/bf/Library/Developer/Xcode/DerivedData/PasteAsFile-dgpbpeznkgqoaobgpyrnpeucjuwy/Build/Products/Release/PasteAsFileFinder.appex/Contents/Resources --target-triple arm64-apple-macos13.0 --target-triple x86_64-apple-macos13.0 --binary-file /Users/bf/Library/Developer/Xcode/DerivedData/PasteAsFile-dgpbpeznkgqoaobgpyrnpeucjuwy/Build/Products/Release/PasteAsFileFinder.appex/Contents/MacOS/PasteAsFileFinder --dependency-file /Users/bf/Library/Developer/Xcode/DerivedData/PasteAsFile-dgpbpeznkgqoaobgpyrnpeucjuwy/Build/Intermediates.noindex/PasteAsFile.build/Release/PasteAsFileFinder.build/Objects-normal/arm64/PasteAsFileFinder_dependency_info.dat --dependency-file /Users/bf/Library/Developer/Xcode/DerivedData/PasteAsFile-dgpbpeznkgqoaobgpyrnpeucjuwy/Build/Intermediates.noindex/PasteAsFile.build/Release/PasteAsFileFinder.build/Objects-normal/x86_64/PasteAsFileFinder_dependency_info.dat --stringsdata-file /Users/bf/Library/Developer/Xcode/DerivedData/PasteAsFile-dgpbpeznkgqoaobgpyrnpeucjuwy/Build/Intermediates.noindex/PasteAsFile.build/Release/PasteAsFileFinder.build/Objects-normal/arm64/ExtractedAppShortcutsMetadata.stringsdata --stringsdata-file /Users/bf/Library/Developer/Xcode/DerivedData/PasteAsFile-dgpbpeznkgqoaobgpyrnpeucjuwy/Build/Intermediates.noindex/PasteAsFile.build/Release/PasteAsFileFinder.build/Objects-normal/x86_64/ExtractedAppShortcutsMetadata.stringsdata --source-file-list /Users/bf/Library/Developer/Xcode/DerivedData/PasteAsFile-dgpbpeznkgqoaobgpyrnpeucjuwy/Build/Intermediates.noindex/PasteAsFile.build/Release/PasteAsFileFinder.build/Objects-normal/arm64/PasteAsFileFinder.SwiftFileList --source-file-list /Users/bf/Library/Developer/Xcode/DerivedData/PasteAsFile-dgpbpeznkgqoaobgpyrnpeucjuwy/Build/Intermediates.noindex/PasteAsFile.build/Release/PasteAsFileFinder.build/Objects-normal/x86_64/PasteAsFileFinder.SwiftFileList --metadata-file-list /Users/bf/Library/Developer/Xcode/DerivedData/PasteAsFile-dgpbpeznkgqoaobgpyrnpeucjuwy/Build/Intermediates.noindex/PasteAsFile.build/Release/PasteAsFileFinder.build/PasteAsFileFinder.DependencyMetadataFileList --static-metadata-file-list /Users/bf/Library/Developer/Xcode/DerivedData/PasteAsFile-dgpbpeznkgqoaobgpyrnpeucjuwy/Build/Intermediates.noindex/PasteAsFile.build/Release/PasteAsFileFinder.build/PasteAsFileFinder.DependencyStaticMetadataFileList --swift-const-vals-list /Users/bf/Library/Developer/Xcode/DerivedData/PasteAsFile-dgpbpeznkgqoaobgpyrnpeucjuwy/Build/Intermediates.noindex/PasteAsFile.build/Release/PasteAsFileFinder.build/Objects-normal/arm64/PasteAsFileFinder.SwiftConstValuesFileList --swift-const-vals-list /Users/bf/Library/Developer/Xcode/DerivedData/PasteAsFile-dgpbpeznkgqoaobgpyrnpeucjuwy/Build/Intermediates.noindex/PasteAsFile.build/Release/PasteAsFileFinder.build/Objects-normal/x86_64/PasteAsFileFinder.SwiftConstValuesFileList --compile-time-extraction --deployment-aware-processing --no-app-shortcuts-localization
2026-09-30 06:21:44.074 appintentsmetadataprocessor[82562:9186187] Starting appintentsmetadataprocessor export
2026-09-30 06:21:44.088 appintentsmetadataprocessor[82562:9186187] warning: Metadata extraction skipped, no AppIntents.framework dependency found

SwiftDriver\ Compilation PasteAsFile normal x86_64 com.apple.xcode.tools.swift.compiler (in target 'PasteAsFile' from project 'PasteAsFile')
    cd /Users/bf/Library/CloudStorage/GoogleDrive-bernynoussi@gmail.com/Mon\ Drive/Formation/Collège\ BDEB/ETE_2026/420-A60-BB\ ALGORITHMES\ D\'APPRENTISSAGE\ PROFOND/Examen\ Final/PasteAsFile
    builtin-Swift-Compilation -- /Applications/Xcode.app/Contents/Developer/Toolchains/XcodeDefault.xctoolchain/usr/bin/swiftc -module-name PasteAsFile -O -whole-module-optimization @/Users/bf/Library/Developer/Xcode/DerivedData/PasteAsFile-dgpbpeznkgqoaobgpyrnpeucjuwy/Build/Intermediates.noindex/PasteAsFile.build/Release/PasteAsFile.build/Objects-normal/x86_64/PasteAsFile.SwiftFileList -enable-bare-slash-regex -enable-experimental-feature DebugDescriptionMacro -sdk /Applications/Xcode.app/Contents/Developer/Platforms/MacOSX.platform/Developer/SDKs/MacOSX27.0.sdk -target x86_64-apple-macos13.0 -g -module-cache-path /Users/bf/Library/Developer/Xcode/DerivedData/ModuleCache.noindex -Xfrontend -serialize-debugging-options -swift-version 5 -I /Users/bf/Library/Developer/Xcode/DerivedData/PasteAsFile-dgpbpeznkgqoaobgpyrnpeucjuwy/Build/Products/Release -F /Users/bf/Library/Developer/Xcode/DerivedData/PasteAsFile-dgpbpeznkgqoaobgpyrnpeucjuwy/Build/Products/Release -emit-localized-strings -emit-localized-strings-path /Users/bf/Library/Developer/Xcode/DerivedData/PasteAsFile-dgpbpeznkgqoaobgpyrnpeucjuwy/Build/Intermediates.noindex/PasteAsFile.build/Release/PasteAsFile.build/Objects-normal/x86_64 -c -num-threads 16 -Xcc -ivfsstatcache -Xcc /Users/bf/Library/Developer/Xcode/DerivedData/SDKStatCaches.noindex/macosx27.0-26A425-7231f6df4def33e022ae2eb8f782df1a.sdkstatcache -output-file-map /Users/bf/Library/Developer/Xcode/DerivedData/PasteAsFile-dgpbpeznkgqoaobgpyrnpeucjuwy/Build/Intermediates.noindex/PasteAsFile.build/Release/PasteAsFile.build/Objects-normal/x86_64/PasteAsFile-OutputFileMap.json -save-temps -no-color-diagnostics -explicit-module-build -module-cache-path /Users/bf/Library/Developer/Xcode/DerivedData/PasteAsFile-dgpbpeznkgqoaobgpyrnpeucjuwy/Build/Intermediates.noindex/SwiftExplicitPrecompiledModules -clang-scanner-module-cache-path /Users/bf/Library/Developer/Xcode/DerivedData/ModuleCache.noindex -sdk-module-cache-path /Users/bf/Library/Developer/Xcode/DerivedData/SDKExplicitPrecompiledModules -emit-dependencies -emit-module -emit-module-path /Users/bf/Library/Developer/Xcode/DerivedData/PasteAsFile-dgpbpeznkgqoaobgpyrnpeucjuwy/Build/Intermediates.noindex/PasteAsFile.build/Release/PasteAsFile.build/Objects-normal/x86_64/PasteAsFile.swiftmodule -serialize-diagnostics -dependency-scan-serialize-diagnostics-path /Users/bf/Library/Developer/Xcode/DerivedData/PasteAsFile-dgpbpeznkgqoaobgpyrnpeucjuwy/Build/Intermediates.noindex/PasteAsFile.build/Release/PasteAsFile.build/Objects-normal/x86_64/PasteAsFile-dependency-scan.dia -validate-clang-modules-once -clang-build-session-file /Users/bf/Library/Developer/Xcode/DerivedData/ModuleCache.noindex/Session.modulevalidation -Xcc -fmodules-prune-interval\=86400 -Xcc -fmodules-prune-after\=345600 -emit-const-values -const-gather-protocols-list /Users/bf/Library/Developer/Xcode/DerivedData/PasteAsFile-dgpbpeznkgqoaobgpyrnpeucjuwy/Build/Intermediates.noindex/PasteAsFile.build/Release/PasteAsFile.build/Objects-normal/x86_64/PasteAsFile_const_extract_protocols.json -Xcc -iquote -Xcc /Users/bf/Library/Developer/Xcode/DerivedData/PasteAsFile-dgpbpeznkgqoaobgpyrnpeucjuwy/Build/Intermediates.noindex/PasteAsFile.build/Release/PasteAsFile.build/PasteAsFile-generated-files.hmap -Xcc -I/Users/bf/Library/Developer/Xcode/DerivedData/PasteAsFile-dgpbpeznkgqoaobgpyrnpeucjuwy/Build/Intermediates.noindex/PasteAsFile.build/Release/PasteAsFile.build/PasteAsFile-own-target-headers.hmap -Xcc -I/Users/bf/Library/Developer/Xcode/DerivedData/PasteAsFile-dgpbpeznkgqoaobgpyrnpeucjuwy/Build/Intermediates.noindex/PasteAsFile.build/Release/PasteAsFile.build/PasteAsFile-all-target-headers.hmap -Xcc -iquote -Xcc /Users/bf/Library/Developer/Xcode/DerivedData/PasteAsFile-dgpbpeznkgqoaobgpyrnpeucjuwy/Build/Intermediates.noindex/PasteAsFile.build/Release/PasteAsFile.build/PasteAsFile-project-headers.hmap -Xcc -I/Users/bf/Library/Developer/Xcode/DerivedData/PasteAsFile-dgpbpeznkgqoaobgpyrnpeucjuwy/Build/Products/Release/include -Xcc -I/Users/bf/Library/Developer/Xcode/DerivedData/PasteAsFile-dgpbpeznkgqoaobgpyrnpeucjuwy/Build/Intermediates.noindex/PasteAsFile.build/Release/PasteAsFile.build/DerivedSources-normal/x86_64 -Xcc -I/Users/bf/Library/Developer/Xcode/DerivedData/PasteAsFile-dgpbpeznkgqoaobgpyrnpeucjuwy/Build/Intermediates.noindex/PasteAsFile.build/Release/PasteAsFile.build/DerivedSources/x86_64 -Xcc -I/Users/bf/Library/Developer/Xcode/DerivedData/PasteAsFile-dgpbpeznkgqoaobgpyrnpeucjuwy/Build/Intermediates.noindex/PasteAsFile.build/Release/PasteAsFile.build/DerivedSources -emit-objc-header -emit-objc-header-path /Users/bf/Library/Developer/Xcode/DerivedData/PasteAsFile-dgpbpeznkgqoaobgpyrnpeucjuwy/Build/Intermediates.noindex/PasteAsFile.build/Release/PasteAsFile.build/Objects-normal/x86_64/PasteAsFile-Swift.h -working-directory /Users/bf/Library/CloudStorage/GoogleDrive-bernynoussi@gmail.com/Mon\ Drive/Formation/Collège\ BDEB/ETE_2026/420-A60-BB\ ALGORITHMES\ D\'APPRENTISSAGE\ PROFOND/Examen\ Final/PasteAsFile -no-emit-module-separately-wmo

SwiftExplicitDependencyGeneratePcm x86_64 /Users/bf/Library/Developer/Xcode/DerivedData/SDKExplicitPrecompiledModules/_Builtin_stddef-CQ5R7I65DJJJXPUEBIXU9XO9W.pcm

SwiftExplicitDependencyGeneratePcm x86_64 /Users/bf/Library/Developer/Xcode/DerivedData/SDKExplicitPrecompiledModules/_Builtin_stdbool-P2QO7047TG98BYDSHEWZM2QL.pcm

SwiftExplicitDependencyGeneratePcm x86_64 /Users/bf/Library/Developer/Xcode/DerivedData/SDKExplicitPrecompiledModules/_SwiftConcurrencyShims-B5X46FMT5YTPPGX8DXE0I5NWC.pcm

SwiftExplicitDependencyGeneratePcm x86_64 /Users/bf/Library/Developer/Xcode/DerivedData/SDKExplicitPrecompiledModules/ptrauth-DNI4ONPG4DJWWJGSUDLV5VI0L.pcm

SwiftExplicitDependencyGeneratePcm x86_64 /Users/bf/Library/Developer/Xcode/DerivedData/SDKExplicitPrecompiledModules/SwiftShims-BWD7MSGLLWTA3ZEJC9HE11V68.pcm

SwiftExplicitDependencyGeneratePcm x86_64 /Users/bf/Library/Developer/Xcode/DerivedData/SDKExplicitPrecompiledModules/ptrcheck-3SA7Q8P9R2F5MG4HTAIID8EWM.pcm

SwiftExplicitDependencyGeneratePcm x86_64 /Users/bf/Library/Developer/Xcode/DerivedData/SDKExplicitPrecompiledModules/_Builtin_float-6X7LLI173WB68NSHN04FAGUJR.pcm

SwiftExplicitDependencyGeneratePcm x86_64 /Users/bf/Library/Developer/Xcode/DerivedData/SDKExplicitPrecompiledModules/_AvailabilityInternal-9THMGWPQOF55G52LF7OZBVJQ5.pcm

SwiftExplicitDependencyGeneratePcm x86_64 /Users/bf/Library/Developer/Xcode/DerivedData/SDKExplicitPrecompiledModules/DeveloperToolsSupport-C2CFJXJ4TTSSWFC91CR972SP5.pcm

SwiftExplicitDependencyGeneratePcm x86_64 /Users/bf/Library/Developer/Xcode/DerivedData/SDKExplicitPrecompiledModules/_Builtin_stdarg-4XU67YVDLORRMS8MGX3CNZO4W.pcm

SwiftDriver\ Compilation PasteAsFile normal arm64 com.apple.xcode.tools.swift.compiler (in target 'PasteAsFile' from project 'PasteAsFile')
    cd /Users/bf/Library/CloudStorage/GoogleDrive-bernynoussi@gmail.com/Mon\ Drive/Formation/Collège\ BDEB/ETE_2026/420-A60-BB\ ALGORITHMES\ D\'APPRENTISSAGE\ PROFOND/Examen\ Final/PasteAsFile
    builtin-Swift-Compilation -- /Applications/Xcode.app/Contents/Developer/Toolchains/XcodeDefault.xctoolchain/usr/bin/swiftc -module-name PasteAsFile -O -whole-module-optimization @/Users/bf/Library/Developer/Xcode/DerivedData/PasteAsFile-dgpbpeznkgqoaobgpyrnpeucjuwy/Build/Intermediates.noindex/PasteAsFile.build/Release/PasteAsFile.build/Objects-normal/arm64/PasteAsFile.SwiftFileList -enable-bare-slash-regex -enable-experimental-feature DebugDescriptionMacro -sdk /Applications/Xcode.app/Contents/Developer/Platforms/MacOSX.platform/Developer/SDKs/MacOSX27.0.sdk -target arm64-apple-macos13.0 -g -module-cache-path /Users/bf/Library/Developer/Xcode/DerivedData/ModuleCache.noindex -Xfrontend -serialize-debugging-options -swift-version 5 -I /Users/bf/Library/Developer/Xcode/DerivedData/PasteAsFile-dgpbpeznkgqoaobgpyrnpeucjuwy/Build/Products/Release -F /Users/bf/Library/Developer/Xcode/DerivedData/PasteAsFile-dgpbpeznkgqoaobgpyrnpeucjuwy/Build/Products/Release -emit-localized-strings -emit-localized-strings-path /Users/bf/Library/Developer/Xcode/DerivedData/PasteAsFile-dgpbpeznkgqoaobgpyrnpeucjuwy/Build/Intermediates.noindex/PasteAsFile.build/Release/PasteAsFile.build/Objects-normal/arm64 -c -num-threads 16 -Xcc -ivfsstatcache -Xcc /Users/bf/Library/Developer/Xcode/DerivedData/SDKStatCaches.noindex/macosx27.0-26A425-7231f6df4def33e022ae2eb8f782df1a.sdkstatcache -output-file-map /Users/bf/Library/Developer/Xcode/DerivedData/PasteAsFile-dgpbpeznkgqoaobgpyrnpeucjuwy/Build/Intermediates.noindex/PasteAsFile.build/Release/PasteAsFile.build/Objects-normal/arm64/PasteAsFile-OutputFileMap.json -save-temps -no-color-diagnostics -explicit-module-build -module-cache-path /Users/bf/Library/Developer/Xcode/DerivedData/PasteAsFile-dgpbpeznkgqoaobgpyrnpeucjuwy/Build/Intermediates.noindex/SwiftExplicitPrecompiledModules -clang-scanner-module-cache-path /Users/bf/Library/Developer/Xcode/DerivedData/ModuleCache.noindex -sdk-module-cache-path /Users/bf/Library/Developer/Xcode/DerivedData/SDKExplicitPrecompiledModules -emit-dependencies -emit-module -emit-module-path /Users/bf/Library/Developer/Xcode/DerivedData/PasteAsFile-dgpbpeznkgqoaobgpyrnpeucjuwy/Build/Intermediates.noindex/PasteAsFile.build/Release/PasteAsFile.build/Objects-normal/arm64/PasteAsFile.swiftmodule -serialize-diagnostics -dependency-scan-serialize-diagnostics-path /Users/bf/Library/Developer/Xcode/DerivedData/PasteAsFile-dgpbpeznkgqoaobgpyrnpeucjuwy/Build/Intermediates.noindex/PasteAsFile.build/Release/PasteAsFile.build/Objects-normal/arm64/PasteAsFile-dependency-scan.dia -validate-clang-modules-once -clang-build-session-file /Users/bf/Library/Developer/Xcode/DerivedData/ModuleCache.noindex/Session.modulevalidation -Xcc -fmodules-prune-interval\=86400 -Xcc -fmodules-prune-after\=345600 -emit-const-values -const-gather-protocols-list /Users/bf/Library/Developer/Xcode/DerivedData/PasteAsFile-dgpbpeznkgqoaobgpyrnpeucjuwy/Build/Intermediates.noindex/PasteAsFile.build/Release/PasteAsFile.build/Objects-normal/arm64/PasteAsFile_const_extract_protocols.json -Xcc -iquote -Xcc /Users/bf/Library/Developer/Xcode/DerivedData/PasteAsFile-dgpbpeznkgqoaobgpyrnpeucjuwy/Build/Intermediates.noindex/PasteAsFile.build/Release/PasteAsFile.build/PasteAsFile-generated-files.hmap -Xcc -I/Users/bf/Library/Developer/Xcode/DerivedData/PasteAsFile-dgpbpeznkgqoaobgpyrnpeucjuwy/Build/Intermediates.noindex/PasteAsFile.build/Release/PasteAsFile.build/PasteAsFile-own-target-headers.hmap -Xcc -I/Users/bf/Library/Developer/Xcode/DerivedData/PasteAsFile-dgpbpeznkgqoaobgpyrnpeucjuwy/Build/Intermediates.noindex/PasteAsFile.build/Release/PasteAsFile.build/PasteAsFile-all-target-headers.hmap -Xcc -iquote -Xcc /Users/bf/Library/Developer/Xcode/DerivedData/PasteAsFile-dgpbpeznkgqoaobgpyrnpeucjuwy/Build/Intermediates.noindex/PasteAsFile.build/Release/PasteAsFile.build/PasteAsFile-project-headers.hmap -Xcc -I/Users/bf/Library/Developer/Xcode/DerivedData/PasteAsFile-dgpbpeznkgqoaobgpyrnpeucjuwy/Build/Products/Release/include -Xcc -I/Users/bf/Library/Developer/Xcode/DerivedData/PasteAsFile-dgpbpeznkgqoaobgpyrnpeucjuwy/Build/Intermediates.noindex/PasteAsFile.build/Release/PasteAsFile.build/DerivedSources-normal/arm64 -Xcc -I/Users/bf/Library/Developer/Xcode/DerivedData/PasteAsFile-dgpbpeznkgqoaobgpyrnpeucjuwy/Build/Intermediates.noindex/PasteAsFile.build/Release/PasteAsFile.build/DerivedSources/arm64 -Xcc -I/Users/bf/Library/Developer/Xcode/DerivedData/PasteAsFile-dgpbpeznkgqoaobgpyrnpeucjuwy/Build/Intermediates.noindex/PasteAsFile.build/Release/PasteAsFile.build/DerivedSources -emit-objc-header -emit-objc-header-path /Users/bf/Library/Developer/Xcode/DerivedData/PasteAsFile-dgpbpeznkgqoaobgpyrnpeucjuwy/Build/Intermediates.noindex/PasteAsFile.build/Release/PasteAsFile.build/Objects-normal/arm64/PasteAsFile-Swift.h -working-directory /Users/bf/Library/CloudStorage/GoogleDrive-bernynoussi@gmail.com/Mon\ Drive/Formation/Collège\ BDEB/ETE_2026/420-A60-BB\ ALGORITHMES\ D\'APPRENTISSAGE\ PROFOND/Examen\ Final/PasteAsFile -no-emit-module-separately-wmo

SwiftExplicitDependencyGeneratePcm arm64 /Users/bf/Library/Developer/Xcode/DerivedData/SDKExplicitPrecompiledModules/_Builtin_stdarg-BX58A8HBVZDQTOG5XUK2CEHJN.pcm

SwiftExplicitDependencyGeneratePcm arm64 /Users/bf/Library/Developer/Xcode/DerivedData/SDKExplicitPrecompiledModules/_AvailabilityInternal-EFJM6I6U0H1U8F444FPU5JX40.pcm

SwiftExplicitDependencyGeneratePcm arm64 /Users/bf/Library/Developer/Xcode/DerivedData/SDKExplicitPrecompiledModules/DeveloperToolsSupport-7H6ZQUGAGNSFAV4T08P7J7GZY.pcm

SwiftExplicitDependencyGeneratePcm arm64 /Users/bf/Library/Developer/Xcode/DerivedData/SDKExplicitPrecompiledModules/ptrcheck-96TXREJKX1L77A588GF4A7MMJ.pcm

SwiftExplicitDependencyGeneratePcm arm64 /Users/bf/Library/Developer/Xcode/DerivedData/SDKExplicitPrecompiledModules/_Builtin_stdbool-37H5FM8U8WG6A6N5HFVFLCL0B.pcm

SwiftExplicitDependencyGeneratePcm arm64 /Users/bf/Library/Developer/Xcode/DerivedData/SDKExplicitPrecompiledModules/_Builtin_stddef-H1TF85ISNTE8PAR97YJSGC72.pcm

SwiftExplicitDependencyGeneratePcm arm64 /Users/bf/Library/Developer/Xcode/DerivedData/SDKExplicitPrecompiledModules/_Builtin_float-EHM829NY0E1NS3310KUZ5HDHH.pcm

SwiftExplicitDependencyGeneratePcm arm64 /Users/bf/Library/Developer/Xcode/DerivedData/SDKExplicitPrecompiledModules/_SwiftConcurrencyShims-2TK0IYNNU4NRZ1ATGF3N2ZL9Z.pcm

SwiftExplicitDependencyGeneratePcm arm64 /Users/bf/Library/Developer/Xcode/DerivedData/SDKExplicitPrecompiledModules/ptrauth-CGKZPEG8DCQF7TI6GPVB0FBTQ.pcm

SwiftExplicitDependencyGeneratePcm arm64 /Users/bf/Library/Developer/Xcode/DerivedData/SDKExplicitPrecompiledModules/SwiftShims-BH86PXCXWT50CCSI8MD0LJOKS.pcm

CodeSign /Users/bf/Library/Developer/Xcode/DerivedData/PasteAsFile-dgpbpeznkgqoaobgpyrnpeucjuwy/Build/Products/Release/PasteAsFileFinder.appex (in target 'PasteAsFileFinder' from project 'PasteAsFile')
    cd /Users/bf/Library/CloudStorage/GoogleDrive-bernynoussi@gmail.com/Mon\ Drive/Formation/Collège\ BDEB/ETE_2026/420-A60-BB\ ALGORITHMES\ D\'APPRENTISSAGE\ PROFOND/Examen\ Final/PasteAsFile
    
    Signing Identity:     "Sign to Run Locally"
    
    /usr/bin/codesign --force --sign - --entitlements /Users/bf/Library/Developer/Xcode/DerivedData/PasteAsFile-dgpbpeznkgqoaobgpyrnpeucjuwy/Build/Intermediates.noindex/PasteAsFile.build/Release/PasteAsFileFinder.build/PasteAsFileFinder.appex.xcent --timestamp\=none --generate-entitlement-der /Users/bf/Library/Developer/Xcode/DerivedData/PasteAsFile-dgpbpeznkgqoaobgpyrnpeucjuwy/Build/Products/Release/PasteAsFileFinder.appex

SwiftExplicitDependencyGeneratePcm x86_64 /Users/bf/Library/Developer/Xcode/DerivedData/SDKExplicitPrecompiledModules/_DarwinFoundation1-450T30IA6KETLZ4MTBWGT9TXK.pcm

SwiftExplicitDependencyGeneratePcm arm64 /Users/bf/Library/Developer/Xcode/DerivedData/SDKExplicitPrecompiledModules/_DarwinFoundation1-3U7Y4I3YW8N8T0TAFRFX5HP9H.pcm

RegisterExecutionPolicyException /Users/bf/Library/Developer/Xcode/DerivedData/PasteAsFile-dgpbpeznkgqoaobgpyrnpeucjuwy/Build/Products/Release/PasteAsFileFinder.appex (in target 'PasteAsFileFinder' from project 'PasteAsFile')
    cd /Users/bf/Library/CloudStorage/GoogleDrive-bernynoussi@gmail.com/Mon\ Drive/Formation/Collège\ BDEB/ETE_2026/420-A60-BB\ ALGORITHMES\ D\'APPRENTISSAGE\ PROFOND/Examen\ Final/PasteAsFile
    builtin-RegisterExecutionPolicyException /Users/bf/Library/Developer/Xcode/DerivedData/PasteAsFile-dgpbpeznkgqoaobgpyrnpeucjuwy/Build/Products/Release/PasteAsFileFinder.appex

Touch /Users/bf/Library/Developer/Xcode/DerivedData/PasteAsFile-dgpbpeznkgqoaobgpyrnpeucjuwy/Build/Products/Release/PasteAsFileFinder.appex (in target 'PasteAsFileFinder' from project 'PasteAsFile')
    cd /Users/bf/Library/CloudStorage/GoogleDrive-bernynoussi@gmail.com/Mon\ Drive/Formation/Collège\ BDEB/ETE_2026/420-A60-BB\ ALGORITHMES\ D\'APPRENTISSAGE\ PROFOND/Examen\ Final/PasteAsFile
    /usr/bin/touch -c /Users/bf/Library/Developer/Xcode/DerivedData/PasteAsFile-dgpbpeznkgqoaobgpyrnpeucjuwy/Build/Products/Release/PasteAsFileFinder.appex

SwiftExplicitDependencyGeneratePcm x86_64 /Users/bf/Library/Developer/Xcode/DerivedData/SDKExplicitPrecompiledModules/_DarwinFoundation2-A9FI703VZ4LSV1BRDU4DLNGN9.pcm

SwiftExplicitDependencyGeneratePcm x86_64 /Users/bf/Library/Developer/Xcode/DerivedData/SDKExplicitPrecompiledModules/_Builtin_limits-2Z5LL5BY9QQK32OD3VCEYNW5P.pcm

SwiftExplicitDependencyGeneratePcm arm64 /Users/bf/Library/Developer/Xcode/DerivedData/SDKExplicitPrecompiledModules/_DarwinFoundation2-A64MS28S8LR4W8A0C0L3S5339.pcm

SwiftExplicitDependencyGeneratePcm arm64 /Users/bf/Library/Developer/Xcode/DerivedData/SDKExplicitPrecompiledModules/_Builtin_limits-BNTQMKQIP6AKQSIK4AHY0JRQE.pcm

SwiftExplicitDependencyGeneratePcm x86_64 /Users/bf/Library/Developer/Xcode/DerivedData/SDKExplicitPrecompiledModules/string_h-4ETLYTV7NOQEFAFUQ51VL7MBQ.pcm

SwiftExplicitDependencyGeneratePcm x86_64 /Users/bf/Library/Developer/Xcode/DerivedData/SDKExplicitPrecompiledModules/_Builtin_stdint-CB267XGHQEPC931NGFI1YQJSF.pcm

SwiftExplicitDependencyGeneratePcm x86_64 /Users/bf/Library/Developer/Xcode/DerivedData/SDKExplicitPrecompiledModules/sys_types-7R1I44O79L69S13C9WNFS956E.pcm

SwiftExplicitDependencyGeneratePcm x86_64 /Users/bf/Library/Developer/Xcode/DerivedData/SDKExplicitPrecompiledModules/_Builtin_tgmath-7G4G7NCKB10O76QNPYQH8H3XE.pcm

SwiftExplicitDependencyGeneratePcm arm64 /Users/bf/Library/Developer/Xcode/DerivedData/SDKExplicitPrecompiledModules/_Builtin_tgmath-BZBU7SKO5G3X4NEYRVUVJLXEO.pcm

SwiftExplicitDependencyGeneratePcm arm64 /Users/bf/Library/Developer/Xcode/DerivedData/SDKExplicitPrecompiledModules/string_h-C6YHRC0Z5NF0QHOTXZD3X55NC.pcm

SwiftExplicitDependencyGeneratePcm arm64 /Users/bf/Library/Developer/Xcode/DerivedData/SDKExplicitPrecompiledModules/_Builtin_stdint-4HXSM6UDU4L8792ZQ32ZGCWF5.pcm

SwiftExplicitDependencyGeneratePcm arm64 /Users/bf/Library/Developer/Xcode/DerivedData/SDKExplicitPrecompiledModules/sys_types-7V3MLVRKRD7LZ1226LUJNCCE6.pcm

SwiftExplicitDependencyGeneratePcm x86_64 /Users/bf/Library/Developer/Xcode/DerivedData/SDKExplicitPrecompiledModules/libDER-EGS358PGPCFZXQFLTMEAQ7SGD.pcm

SwiftExplicitDependencyGeneratePcm x86_64 /Users/bf/Library/Developer/Xcode/DerivedData/SDKExplicitPrecompiledModules/_DarwinFoundation3-BE4AJH8C695E1S5O2Q3PYWUES.pcm

SwiftExplicitDependencyGeneratePcm x86_64 /Users/bf/Library/Developer/Xcode/DerivedData/SDKExplicitPrecompiledModules/_Builtin_stdatomic-EMCCBPDAZC2YSYFYIP25WO2P3.pcm

SwiftExplicitDependencyGeneratePcm arm64 /Users/bf/Library/Developer/Xcode/DerivedData/SDKExplicitPrecompiledModules/libDER-9IJEOYYI30HUA0GT6283NJ9VW.pcm

SwiftExplicitDependencyGeneratePcm arm64 /Users/bf/Library/Developer/Xcode/DerivedData/SDKExplicitPrecompiledModules/_DarwinFoundation3-88TMP70S3H5JVJQHPN6DNKAI0.pcm

SwiftExplicitDependencyGeneratePcm arm64 /Users/bf/Library/Developer/Xcode/DerivedData/SDKExplicitPrecompiledModules/_Builtin_stdatomic-BBQT6XLHZKJH9BULSK4ITTL53.pcm

SwiftExplicitDependencyGeneratePcm arm64 /Users/bf/Library/Developer/Xcode/DerivedData/SDKExplicitPrecompiledModules/_Builtin_intrinsics-DP60RAYW38GSEXRMXSM7S56ND.pcm

SwiftExplicitDependencyGeneratePcm x86_64 /Users/bf/Library/Developer/Xcode/DerivedData/SDKExplicitPrecompiledModules/_Builtin_inttypes-4TDFLEMWMPMPIWKNFV920CMGN.pcm

SwiftExplicitDependencyGeneratePcm x86_64 /Users/bf/Library/Developer/Xcode/DerivedData/SDKExplicitPrecompiledModules/_Builtin_intrinsics-AHGUKR0NS5R3X52ABDZU9VAKI.pcm

SwiftExplicitDependencyGeneratePcm x86_64 /Users/bf/Library/Developer/Xcode/DerivedData/SDKExplicitPrecompiledModules/Darwin-2MA0WO5WJ6CYMVC0YPRGNQTFW.pcm

SwiftExplicitDependencyGeneratePcm arm64 /Users/bf/Library/Developer/Xcode/DerivedData/SDKExplicitPrecompiledModules/_Builtin_inttypes-6QV7LMCYCGURMHLA8X8C150JM.pcm

SwiftExplicitDependencyGeneratePcm arm64 /Users/bf/Library/Developer/Xcode/DerivedData/SDKExplicitPrecompiledModules/Darwin-9WI15AN4K3B4L6J7IG4AO59YU.pcm

SwiftExplicitDependencyGeneratePcm arm64 /Users/bf/Library/Developer/Xcode/DerivedData/SDKExplicitPrecompiledModules/simd-8O2MO390H0UY0RN5BUAHM9AAQ.pcm

SwiftExplicitDependencyGeneratePcm x86_64 /Users/bf/Library/Developer/Xcode/DerivedData/SDKExplicitPrecompiledModules/simd-8F2Y5BV63IVEB5AZAJ9K2J6FZ.pcm

SwiftExplicitDependencyGeneratePcm x86_64 /Users/bf/Library/Developer/Xcode/DerivedData/SDKExplicitPrecompiledModules/MachO-CPUT444G80MKPZF57NDM4AC9Z.pcm

SwiftExplicitDependencyGeneratePcm x86_64 /Users/bf/Library/Developer/Xcode/DerivedData/SDKExplicitPrecompiledModules/CUPS-CC14RBRNUPVPS8K6LHVR56BZD.pcm

SwiftExplicitDependencyGeneratePcm x86_64 /Users/bf/Library/Developer/Xcode/DerivedData/SDKExplicitPrecompiledModules/libkern-C37TBM4Y21N3MYF0HE376C5TT.pcm

SwiftExplicitDependencyGeneratePcm x86_64 /Users/bf/Library/Developer/Xcode/DerivedData/SDKExplicitPrecompiledModules/launch-ALP53XQTNZ0RM4YFR0LRTY3PG.pcm

SwiftExplicitDependencyGeneratePcm arm64 /Users/bf/Library/Developer/Xcode/DerivedData/SDKExplicitPrecompiledModules/MachO-1YQ4AK2J29839AJRRZ2273V48.pcm

SwiftExplicitDependencyGeneratePcm arm64 /Users/bf/Library/Developer/Xcode/DerivedData/SDKExplicitPrecompiledModules/launch-472VSIGVI269C706KNEF8SNFM.pcm

SwiftExplicitDependencyGeneratePcm arm64 /Users/bf/Library/Developer/Xcode/DerivedData/SDKExplicitPrecompiledModules/libkern-2891GH5KSTJF631FNPAF5QUI4.pcm

SwiftExplicitDependencyGeneratePcm arm64 /Users/bf/Library/Developer/Xcode/DerivedData/SDKExplicitPrecompiledModules/CUPS-COJBVF7AZ60OU1OLOGSY8Z8I4.pcm

SwiftExplicitDependencyGeneratePcm arm64 /Users/bf/Library/Developer/Xcode/DerivedData/SDKExplicitPrecompiledModules/Spatial-A7WTRUNE3T0VME16EZB9KDFPV.pcm

SwiftExplicitDependencyGeneratePcm x86_64 /Users/bf/Library/Developer/Xcode/DerivedData/SDKExplicitPrecompiledModules/ObjectiveC-D0908Z9YMBZ6U7L6HPCZ65P7E.pcm

SwiftExplicitDependencyGeneratePcm arm64 /Users/bf/Library/Developer/Xcode/DerivedData/SDKExplicitPrecompiledModules/ObjectiveC-DGFGIZJ9FC69TLF9RV1C2NJ8P.pcm

SwiftExplicitDependencyGeneratePcm x86_64 /Users/bf/Library/Developer/Xcode/DerivedData/SDKExplicitPrecompiledModules/os_object-83WNZP9Y1Y4XI0MT2UUW6VIKX.pcm

SwiftExplicitDependencyGeneratePcm arm64 /Users/bf/Library/Developer/Xcode/DerivedData/SDKExplicitPrecompiledModules/os_object-5OH5Z6XKSFEI7QNSMC38YLYY6.pcm

SwiftExplicitDependencyGeneratePcm x86_64 /Users/bf/Library/Developer/Xcode/DerivedData/SDKExplicitPrecompiledModules/os_workgroup-5COUS3LTATPS6LWCCZ1J4VW6R.pcm

SwiftExplicitDependencyGeneratePcm arm64 /Users/bf/Library/Developer/Xcode/DerivedData/SDKExplicitPrecompiledModules/os_workgroup-DODCY1KQEVFGZGVK2V0DSPDIV.pcm

SwiftExplicitDependencyGeneratePcm x86_64 /Users/bf/Library/Developer/Xcode/DerivedData/SDKExplicitPrecompiledModules/Spatial-2TK5A9E9W97UCCVJ6LA44WM9J.pcm

SwiftExplicitDependencyGeneratePcm x86_64 /Users/bf/Library/Developer/Xcode/DerivedData/SDKExplicitPrecompiledModules/Dispatch-A5NRFLDNU7Q3JKB0OWKEFZIRP.pcm

SwiftExplicitDependencyGeneratePcm arm64 /Users/bf/Library/Developer/Xcode/DerivedData/SDKExplicitPrecompiledModules/Dispatch-34RBMB0VCNK2I746SOVYLURW4.pcm

SwiftExplicitDependencyGeneratePcm x86_64 /Users/bf/Library/Developer/Xcode/DerivedData/SDKExplicitPrecompiledModules/XPC-1N5T5QH9W00IQV0UXJIHVMNIA.pcm

SwiftExplicitDependencyGeneratePcm x86_64 /Users/bf/Library/Developer/Xcode/DerivedData/SDKExplicitPrecompiledModules/CoreFoundation-1TKXMAFEX2QN9K0I96CYQKGDC.pcm

SwiftExplicitDependencyGeneratePcm arm64 /Users/bf/Library/Developer/Xcode/DerivedData/SDKExplicitPrecompiledModules/CoreFoundation-CGLF9DCXQKXR0BWFSBVDTX2U8.pcm

SwiftExplicitDependencyGeneratePcm arm64 /Users/bf/Library/Developer/Xcode/DerivedData/SDKExplicitPrecompiledModules/XPC-4FZSWJ6M80BI0ETZVPXCT2XGD.pcm

SwiftExplicitDependencyGeneratePcm x86_64 /Users/bf/Library/Developer/Xcode/DerivedData/SDKExplicitPrecompiledModules/os-95PX9ASTQJ7MP0OSE3DMTZCB7.pcm

SwiftExplicitDependencyGeneratePcm arm64 /Users/bf/Library/Developer/Xcode/DerivedData/SDKExplicitPrecompiledModules/os-6DCL5FXWGKZ79P28JAY0Z58TY.pcm

SwiftExplicitDependencyGeneratePcm x86_64 /Users/bf/Library/Developer/Xcode/DerivedData/SDKExplicitPrecompiledModules/IOKit-2S8FFNFHWICSW3CMHYDCCPMAG.pcm

SwiftExplicitDependencyGeneratePcm x86_64 /Users/bf/Library/Developer/Xcode/DerivedData/SDKExplicitPrecompiledModules/CFNetwork-E3UL72IRKYUAMJ1KUHP9CFWTC.pcm

SwiftExplicitDependencyGeneratePcm x86_64 /Users/bf/Library/Developer/Xcode/DerivedData/SDKExplicitPrecompiledModules/ColorSync-A14GHRA29W08BTGHL30RCKW7I.pcm

SwiftExplicitDependencyGeneratePcm x86_64 /Users/bf/Library/Developer/Xcode/DerivedData/SDKExplicitPrecompiledModules/Security-8SYGUXTSZKJB3ASRC4MPMQLZ5.pcm

SwiftExplicitDependencyGeneratePcm arm64 /Users/bf/Library/Developer/Xcode/DerivedData/SDKExplicitPrecompiledModules/IOKit-BGTD3JBGZZF4SKUZ0KJQSP1ZX.pcm

SwiftExplicitDependencyGeneratePcm arm64 /Users/bf/Library/Developer/Xcode/DerivedData/SDKExplicitPrecompiledModules/CFNetwork-AWV857A50MVIZWSBO1HG2LHYC.pcm

SwiftExplicitDependencyGeneratePcm arm64 /Users/bf/Library/Developer/Xcode/DerivedData/SDKExplicitPrecompiledModules/Security-3FEDN4JASEOC5XDG1FJVKVWDC.pcm

SwiftExplicitDependencyGeneratePcm arm64 /Users/bf/Library/Developer/Xcode/DerivedData/SDKExplicitPrecompiledModules/ColorSync-EJR026ZOXC767ATNYVK24GSNP.pcm

SwiftExplicitDependencyGeneratePcm arm64 /Users/bf/Library/Developer/Xcode/DerivedData/SDKExplicitPrecompiledModules/DiskArbitration-2DX47OM7WL5N2YHRMMZ059VYB.pcm

SwiftExplicitDependencyGeneratePcm arm64 /Users/bf/Library/Developer/Xcode/DerivedData/SDKExplicitPrecompiledModules/CoreGraphics-3MZGWG5C30H11DD1YAUM1B90D.pcm

SwiftExplicitDependencyGeneratePcm x86_64 /Users/bf/Library/Developer/Xcode/DerivedData/SDKExplicitPrecompiledModules/CoreGraphics-56E41HD4NZMSG0P2AX69MFGII.pcm

SwiftExplicitDependencyGeneratePcm x86_64 /Users/bf/Library/Developer/Xcode/DerivedData/SDKExplicitPrecompiledModules/DiskArbitration-5J7I50ZPL9FTBYPEZYKB07B5X.pcm

SwiftExplicitDependencyGeneratePcm x86_64 /Users/bf/Library/Developer/Xcode/DerivedData/SDKExplicitPrecompiledModules/CoreServices-F3E3D2U6HIDQ7JYCX0E610NQH.pcm

SwiftExplicitDependencyGeneratePcm arm64 /Users/bf/Library/Developer/Xcode/DerivedData/SDKExplicitPrecompiledModules/CoreServices-72F5GQM2J73A1ESOHOI631PNI.pcm

SwiftExplicitDependencyGeneratePcm x86_64 /Users/bf/Library/Developer/Xcode/DerivedData/SDKExplicitPrecompiledModules/ImageIO-6AO2EFY8SQ4YUPYW7NI4O5D5X.pcm

SwiftExplicitDependencyGeneratePcm x86_64 /Users/bf/Library/Developer/Xcode/DerivedData/SDKExplicitPrecompiledModules/CoreText-9HKVLHYF6DUPP7BJ62Y2JCNHS.pcm

SwiftExplicitDependencyGeneratePcm arm64 /Users/bf/Library/Developer/Xcode/DerivedData/SDKExplicitPrecompiledModules/ImageIO-1VYG4NY5P67UXKNT1SYWWMWA8.pcm

SwiftExplicitDependencyGeneratePcm arm64 /Users/bf/Library/Developer/Xcode/DerivedData/SDKExplicitPrecompiledModules/CoreText-7D8DC6Q90SX3IWHY9CA8XUE89.pcm

SwiftExplicitDependencyGeneratePcm x86_64 /Users/bf/Library/Developer/Xcode/DerivedData/SDKExplicitPrecompiledModules/Foundation-7WM2DAWQ8BSNGNIKCBYQMTMVW.pcm

SwiftExplicitDependencyGeneratePcm arm64 /Users/bf/Library/Developer/Xcode/DerivedData/SDKExplicitPrecompiledModules/Foundation-3LIYM9SF65IT3YMBG8M48NXSU.pcm

SwiftExplicitDependencyGeneratePcm x86_64 /Users/bf/Library/Developer/Xcode/DerivedData/SDKExplicitPrecompiledModules/DataDetection-3V932U51MJ2S1JQ5IJTL1P0V7.pcm

SwiftExplicitDependencyGeneratePcm x86_64 /Users/bf/Library/Developer/Xcode/DerivedData/SDKExplicitPrecompiledModules/CoreTransferable-BDI62W8T6DAFPFIMYNVQFBTRP.pcm

SwiftExplicitDependencyGeneratePcm x86_64 /Users/bf/Library/Developer/Xcode/DerivedData/SDKExplicitPrecompiledModules/UniformTypeIdentifiers-3WZPX6I68SAA1HYC1UUQIE5EV.pcm

SwiftExplicitDependencyGeneratePcm x86_64 /Users/bf/Library/Developer/Xcode/DerivedData/SDKExplicitPrecompiledModules/CoreData-EXW38GA5BKZ39KTJ8ON1I1WY2.pcm

SwiftExplicitDependencyGeneratePcm x86_64 /Users/bf/Library/Developer/Xcode/DerivedData/SDKExplicitPrecompiledModules/ApplicationServices-DBUFEI1JPF20RE1EYS77NAOW6.pcm

SwiftExplicitDependencyGeneratePcm x86_64 /Users/bf/Library/Developer/Xcode/DerivedData/SDKExplicitPrecompiledModules/OSLog-4L78E8OLELWLHOUOCR8ZCXZF3.pcm

SwiftExplicitDependencyGeneratePcm x86_64 /Users/bf/Library/Developer/Xcode/DerivedData/SDKExplicitPrecompiledModules/Accessibility-ELY9U1GB37D4MUNAJ2CRK89KC.pcm

SwiftExplicitDependencyGeneratePcm x86_64 /Users/bf/Library/Developer/Xcode/DerivedData/SDKExplicitPrecompiledModules/IOSurface-1DWMGX0F7DZFVJ3563O0R2EP5.pcm

SwiftExplicitDependencyGeneratePcm x86_64 /Users/bf/Library/Developer/Xcode/DerivedData/SDKExplicitPrecompiledModules/Symbols-90BL32J91MYSNL8B58XVYOLNB.pcm

SwiftExplicitDependencyGeneratePcm arm64 /Users/bf/Library/Developer/Xcode/DerivedData/SDKExplicitPrecompiledModules/ApplicationServices-6N84FQU7MTLJ9F2HMY934CKJU.pcm

SwiftExplicitDependencyGeneratePcm arm64 /Users/bf/Library/Developer/Xcode/DerivedData/SDKExplicitPrecompiledModules/DataDetection-94KG7G3OSH497V1YFV23V797A.pcm

SwiftExplicitDependencyGeneratePcm arm64 /Users/bf/Library/Developer/Xcode/DerivedData/SDKExplicitPrecompiledModules/IOSurface-77Z1T0RWGTTAO9HN523MNKCGJ.pcm

SwiftExplicitDependencyGeneratePcm arm64 /Users/bf/Library/Developer/Xcode/DerivedData/SDKExplicitPrecompiledModules/CoreData-6OHINOFQ599UQ0QWW719S48AD.pcm

SwiftExplicitDependencyGeneratePcm arm64 /Users/bf/Library/Developer/Xcode/DerivedData/SDKExplicitPrecompiledModules/Symbols-8LMWB2L7T97PXX52NDB09PEPJ.pcm

SwiftExplicitDependencyGeneratePcm arm64 /Users/bf/Library/Developer/Xcode/DerivedData/SDKExplicitPrecompiledModules/CoreTransferable-4O02V4FN7EW1IVMOG6OOCF13J.pcm

SwiftExplicitDependencyGeneratePcm arm64 /Users/bf/Library/Developer/Xcode/DerivedData/SDKExplicitPrecompiledModules/UniformTypeIdentifiers-BFXP8UJC4XEOX4XDKSJR2HCP5.pcm

SwiftExplicitDependencyGeneratePcm arm64 /Users/bf/Library/Developer/Xcode/DerivedData/SDKExplicitPrecompiledModules/Accessibility-4S8AZJ8GC4XWVE1WNQOAVBPIW.pcm

SwiftExplicitDependencyGeneratePcm arm64 /Users/bf/Library/Developer/Xcode/DerivedData/SDKExplicitPrecompiledModules/OSLog-1FD7O2ZO4ODK3FZY3EN3HL7SQ.pcm

SwiftExplicitDependencyGeneratePcm x86_64 /Users/bf/Library/Developer/Xcode/DerivedData/SDKExplicitPrecompiledModules/OpenGL-5T4C0SX2DD4EPTQHECJUK2S5F.pcm

SwiftExplicitDependencyGeneratePcm x86_64 /Users/bf/Library/Developer/Xcode/DerivedData/SDKExplicitPrecompiledModules/Metal-2ZT9UUKOGGFTQWLJSYIVUF6SZ.pcm

SwiftExplicitDependencyGeneratePcm arm64 /Users/bf/Library/Developer/Xcode/DerivedData/SDKExplicitPrecompiledModules/Metal-CNF94HTHQUY2MFAZ7L4DH852W.pcm

SwiftExplicitDependencyGeneratePcm arm64 /Users/bf/Library/Developer/Xcode/DerivedData/SDKExplicitPrecompiledModules/OpenGL-59SMZNIY7PGZVZKK4BCPM2UQB.pcm

SwiftExplicitDependencyGeneratePcm x86_64 /Users/bf/Library/Developer/Xcode/DerivedData/SDKExplicitPrecompiledModules/CoreVideo-8ME8Z24QY1NS3MOA2AJSH27UE.pcm

SwiftExplicitDependencyGeneratePcm arm64 /Users/bf/Library/Developer/Xcode/DerivedData/SDKExplicitPrecompiledModules/CoreVideo-3877CUV73EH9ALXJQVD597YXN.pcm

SwiftExplicitDependencyGeneratePcm x86_64 /Users/bf/Library/Developer/Xcode/DerivedData/SDKExplicitPrecompiledModules/CoreImage-6WEH9WUQDEN27HUHXDX89UEA8.pcm

SwiftExplicitDependencyGeneratePcm x86_64 /Users/bf/Library/Developer/Xcode/DerivedData/SDKExplicitPrecompiledModules/QuartzCore-CKD68D8NM9LISHZV7E7E3NEG.pcm

SwiftExplicitDependencyGeneratePcm arm64 /Users/bf/Library/Developer/Xcode/DerivedData/SDKExplicitPrecompiledModules/CoreImage-F1BM7N08A7Y9ATH24XARLNYI6.pcm

SwiftExplicitDependencyGeneratePcm arm64 /Users/bf/Library/Developer/Xcode/DerivedData/SDKExplicitPrecompiledModules/QuartzCore-B7HW0PZZF8WESMT0YKS2B70G.pcm

SwiftExplicitDependencyGeneratePcm x86_64 /Users/bf/Library/Developer/Xcode/DerivedData/SDKExplicitPrecompiledModules/SwiftUICore-5LARYF32JQNHNQE1S362XR7GH.pcm

SwiftExplicitDependencyGeneratePcm x86_64 /Users/bf/Library/Developer/Xcode/DerivedData/SDKExplicitPrecompiledModules/AppKit-1EZ09IMIF6FTX2KWHWNXQ0VZJ.pcm

SwiftExplicitDependencyGeneratePcm arm64 /Users/bf/Library/Developer/Xcode/DerivedData/SDKExplicitPrecompiledModules/SwiftUICore-230GB8WT1T8MG4B4805RCEMIB.pcm

SwiftExplicitDependencyGeneratePcm arm64 /Users/bf/Library/Developer/Xcode/DerivedData/SDKExplicitPrecompiledModules/AppKit-2KTL9O0LBZQHAC1TEUGLKNMZ6.pcm

SwiftCompile normal x86_64 Compiling\ AppDelegate.swift,\ Main.swift /Users/bf/Library/CloudStorage/GoogleDrive-bernynoussi@gmail.com/Mon\ Drive/Formation/Collège\ BDEB/ETE_2026/420-A60-BB\ ALGORITHMES\ D\'APPRENTISSAGE\ PROFOND/Examen\ Final/PasteAsFile/PasteAsFile/AppDelegate.swift /Users/bf/Library/CloudStorage/GoogleDrive-bernynoussi@gmail.com/Mon\ Drive/Formation/Collège\ BDEB/ETE_2026/420-A60-BB\ ALGORITHMES\ D\'APPRENTISSAGE\ PROFOND/Examen\ Final/PasteAsFile/PasteAsFile/Main.swift /Applications/Xcode.app/Contents/Developer/Toolchains/XcodeDefault.xctoolchain/usr/lib/swift/macosx/prebuilt-modules/27.0/CoreTransferable.swiftmodule/x86_64-apple-macos.swiftmodule /Applications/Xcode.app/Contents/Developer/Toolchains/XcodeDefault.xctoolchain/usr/lib/swift/macosx/prebuilt-modules/27.0/Dispatch.swiftmodule/x86_64-apple-macos.swiftmodule /Applications/Xcode.app/Contents/Developer/Toolchains/XcodeDefault.xctoolchain/usr/lib/swift/macosx/prebuilt-modules/27.0/System.swiftmodule/x86_64-apple-macos.swiftmodule /Applications/Xcode.app/Contents/Developer/Toolchains/XcodeDefault.xctoolchain/usr/lib/swift/macosx/prebuilt-modules/27.0/simd.swiftmodule/x86_64-apple-macos.swiftmodule /Applications/Xcode.app/Contents/Developer/Toolchains/XcodeDefault.xctoolchain/usr/lib/swift/macosx/prebuilt-modules/27.0/CoreVideo.swiftmodule/x86_64-apple-macos.swiftmodule /Applications/Xcode.app/Contents/Developer/Toolchains/XcodeDefault.xctoolchain/usr/lib/swift/macosx/prebuilt-modules/27.0/SwiftUICore.swiftmodule/x86_64-apple-macos.swiftmodule /Applications/Xcode.app/Contents/Developer/Toolchains/XcodeDefault.xctoolchain/usr/lib/swift/macosx/prebuilt-modules/27.0/Spatial.swiftmodule/x86_64-apple-macos.swiftmodule /Applications/Xcode.app/Contents/Developer/Toolchains/XcodeDefault.xctoolchain/usr/lib/swift/macosx/prebuilt-modules/27.0/ObjectiveC.swiftmodule/x86_64-apple-macos.swiftmodule /Applications/Xcode.app/Contents/Developer/Toolchains/XcodeDefault.xctoolchain/usr/lib/swift/macosx/prebuilt-modules/27.0/ImageIO.swiftmodule/x86_64-apple-macos.swiftmodule /Applications/Xcode.app/Contents/Developer/Toolchains/XcodeDefault.xctoolchain/usr/lib/swift/macosx/prebuilt-modules/27.0/Observation.swiftmodule/x86_64-apple-macos.swiftmodule /Applications/Xcode.app/Contents/Developer/Toolchains/XcodeDefault.xctoolchain/usr/lib/swift/macosx/prebuilt-modules/27.0/_DarwinFoundation3.swiftmodule/x86_64-apple-macos.swiftmodule /Applications/Xcode.app/Contents/Developer/Toolchains/XcodeDefault.xctoolchain/usr/lib/swift/macosx/prebuilt-modules/27.0/_Concurrency.swiftmodule/x86_64-apple-macos.swiftmodule /Applications/Xcode.app/Contents/Developer/Toolchains/XcodeDefault.xctoolchain/usr/lib/swift/macosx/prebuilt-modules/27.0/AppKit.swiftmodule/x86_64-apple-macos.swiftmodule /Applications/Xcode.app/Contents/Developer/Toolchains/XcodeDefault.xctoolchain/usr/lib/swift/macosx/prebuilt-modules/27.0/Accessibility.swiftmodule/x86_64-apple-macos.swiftmodule /Applications/Xcode.app/Contents/Developer/Toolchains/XcodeDefault.xctoolchain/usr/lib/swift/macosx/prebuilt-modules/27.0/XPC.swiftmodule/x86_64-apple-macos.swiftmodule /Applications/Xcode.app/Contents/Developer/Toolchains/XcodeDefault.xctoolchain/usr/lib/swift/macosx/prebuilt-modules/27.0/UniformTypeIdentifiers.swiftmodule/x86_64-apple-macos.swiftmodule /Applications/Xcode.app/Contents/Developer/Toolchains/XcodeDefault.xctoolchain/usr/lib/swift/macosx/prebuilt-modules/27.0/DataDetection.swiftmodule/x86_64-apple-macos.swiftmodule /Applications/Xcode.app/Contents/Developer/Toolchains/XcodeDefault.xctoolchain/usr/lib/swift/macosx/prebuilt-modules/27.0/CoreImage.swiftmodule/x86_64-apple-macos.swiftmodule /Applications/Xcode.app/Contents/Developer/Toolchains/XcodeDefault.xctoolchain/usr/lib/swift/macosx/prebuilt-modules/27.0/DeveloperToolsSupport.swiftmodule/x86_64-apple-macos.swiftmodule /Applications/Xcode.app/Contents/Developer/Toolchains/XcodeDefault.xctoolchain/usr/lib/swift/macosx/prebuilt-modules/27.0/Foundation.swiftmodule/x86_64-apple-macos.swiftmodule /Applications/Xcode.app/Contents/Developer/Toolchains/XcodeDefault.xctoolchain/usr/lib/swift/macosx/prebuilt-modules/27.0/Metal.swiftmodule/x86_64-apple-macos.swiftmodule /Applications/Xcode.app/Contents/Developer/Toolchains/XcodeDefault.xctoolchain/usr/lib/swift/macosx/prebuilt-modules/27.0/_Builtin_float.swiftmodule/x86_64-apple-macos.swiftmodule /Applications/Xcode.app/Contents/Developer/Toolchains/XcodeDefault.xctoolchain/usr/lib/swift/macosx/prebuilt-modules/27.0/CoreData.swiftmodule/x86_64-apple-macos.swiftmodule /Applications/Xcode.app/Contents/Developer/Toolchains/XcodeDefault.xctoolchain/usr/lib/swift/macosx/prebuilt-modules/27.0/QuartzCore.swiftmodule/x86_64-apple-macos.swiftmodule /Applications/Xcode.app/Contents/Developer/Toolchains/XcodeDefault.xctoolchain/usr/lib/swift/macosx/prebuilt-modules/27.0/Darwin.swiftmodule/x86_64-apple-macos.swiftmodule /Applications/Xcode.app/Contents/Developer/Toolchains/XcodeDefault.xctoolchain/usr/lib/swift/macosx/prebuilt-modules/27.0/Swift.swiftmodule/x86_64-apple-macos.swiftmodule /Applications/Xcode.app/Contents/Developer/Toolchains/XcodeDefault.xctoolchain/usr/lib/swift/macosx/prebuilt-modules/27.0/_DarwinFoundation2.swiftmodule/x86_64-apple-macos.swiftmodule /Applications/Xcode.app/Contents/Developer/Toolchains/XcodeDefault.xctoolchain/usr/lib/swift/macosx/prebuilt-modules/27.0/CoreText.swiftmodule/x86_64-apple-macos.swiftmodule /Applications/Xcode.app/Contents/Developer/Toolchains/XcodeDefault.xctoolchain/usr/lib/swift/macosx/prebuilt-modules/27.0/OSLog.swiftmodule/x86_64-apple-macos.swiftmodule /Applications/Xcode.app/Contents/Developer/Toolchains/XcodeDefault.xctoolchain/usr/lib/swift/macosx/prebuilt-modules/27.0/CoreGraphics.swiftmodule/x86_64-apple-macos.swiftmodule /Applications/Xcode.app/Contents/Developer/Toolchains/XcodeDefault.xctoolchain/usr/lib/swift/macosx/prebuilt-modules/27.0/ColorSync.swiftmodule/x86_64-apple-macos.swiftmodule /Applications/Xcode.app/Contents/Developer/Toolchains/XcodeDefault.xctoolchain/usr/lib/swift/macosx/prebuilt-modules/27.0/_StringProcessing.swiftmodule/x86_64-apple-macos.swiftmodule /Applications/Xcode.app/Contents/Developer/Toolchains/XcodeDefault.xctoolchain/usr/lib/swift/macosx/prebuilt-modules/27.0/IOKit.swiftmodule/x86_64-apple-macos.swiftmodule /Applications/Xcode.app/Contents/Developer/Toolchains/XcodeDefault.xctoolchain/usr/lib/swift/macosx/prebuilt-modules/27.0/os.swiftmodule/x86_64-apple-macos.swiftmodule /Applications/Xcode.app/Contents/Developer/Toolchains/XcodeDefault.xctoolchain/usr/lib/swift/macosx/prebuilt-modules/27.0/Symbols.swiftmodule/x86_64-apple-macos.swiftmodule /Applications/Xcode.app/Contents/Developer/Toolchains/XcodeDefault.xctoolchain/usr/lib/swift/macosx/prebuilt-modules/27.0/Combine.swiftmodule/x86_64-apple-macos.swiftmodule /Applications/Xcode.app/Contents/Developer/Toolchains/XcodeDefault.xctoolchain/usr/lib/swift/macosx/prebuilt-modules/27.0/CoreFoundation.swiftmodule/x86_64-apple-macos.swiftmodule /Applications/Xcode.app/Contents/Developer/Toolchains/XcodeDefault.xctoolchain/usr/lib/swift/macosx/prebuilt-modules/27.0/_DarwinFoundation1.swiftmodule/x86_64-apple-macos.swiftmodule /Users/bf/Library/Developer/Xcode/DerivedData/SDKExplicitPrecompiledModules/_AvailabilityInternal-9THMGWPQOF55G52LF7OZBVJQ5.pcm /Users/bf/Library/Developer/Xcode/DerivedData/SDKExplicitPrecompiledModules/Foundation-7WM2DAWQ8BSNGNIKCBYQMTMVW.pcm /Users/bf/Library/Developer/Xcode/DerivedData/SDKExplicitPrecompiledModules/CoreGraphics-56E41HD4NZMSG0P2AX69MFGII.pcm /Users/bf/Library/Developer/Xcode/DerivedData/SDKExplicitPrecompiledModules/_Builtin_stdarg-4XU67YVDLORRMS8MGX3CNZO4W.pcm /Users/bf/Library/Developer/Xcode/DerivedData/SDKExplicitPrecompiledModules/SwiftUICore-5LARYF32JQNHNQE1S362XR7GH.pcm /Users/bf/Library/Developer/Xcode/DerivedData/SDKExplicitPrecompiledModules/ColorSync-A14GHRA29W08BTGHL30RCKW7I.pcm /Users/bf/Library/Developer/Xcode/DerivedData/SDKExplicitPrecompiledModules/_Builtin_tgmath-7G4G7NCKB10O76QNPYQH8H3XE.pcm /Users/bf/Library/Developer/Xcode/DerivedData/SDKExplicitPrecompiledModules/CoreData-EXW38GA5BKZ39KTJ8ON1I1WY2.pcm /Users/bf/Library/Developer/Xcode/DerivedData/SDKExplicitPrecompiledModules/IOKit-2S8FFNFHWICSW3CMHYDCCPMAG.pcm /Users/bf/Library/Developer/Xcode/DerivedData/SDKExplicitPrecompiledModules/_DarwinFoundation1-450T30IA6KETLZ4MTBWGT9TXK.pcm /Users/bf/Library/Developer/Xcode/DerivedData/SDKExplicitPrecompiledModules/_DarwinFoundation2-A9FI703VZ4LSV1BRDU4DLNGN9.pcm /Users/bf/Library/Developer/Xcode/DerivedData/SDKExplicitPrecompiledModules/DataDetection-3V932U51MJ2S1JQ5IJTL1P0V7.pcm /Users/bf/Library/Developer/Xcode/DerivedData/SDKExplicitPrecompiledModules/string_h-4ETLYTV7NOQEFAFUQ51VL7MBQ.pcm /Users/bf/Library/Developer/Xcode/DerivedData/SDKExplicitPrecompiledModules/SwiftShims-BWD7MSGLLWTA3ZEJC9HE11V68.pcm /Users/bf/Library/Developer/Xcode/DerivedData/SDKExplicitPrecompiledModules/CUPS-CC14RBRNUPVPS8K6LHVR56BZD.pcm /Users/bf/Library/Developer/Xcode/DerivedData/SDKExplicitPrecompiledModules/DiskArbitration-5J7I50ZPL9FTBYPEZYKB07B5X.pcm /Users/bf/Library/Developer/Xcode/DerivedData/SDKExplicitPrecompiledModules/_SwiftConcurrencyShims-B5X46FMT5YTPPGX8DXE0I5NWC.pcm /Users/bf/Library/Developer/Xcode/DerivedData/SDKExplicitPrecompiledModules/IOSurface-1DWMGX0F7DZFVJ3563O0R2EP5.pcm /Users/bf/Library/Developer/Xcode/DerivedData/SDKExplicitPrecompiledModules/ApplicationServices-DBUFEI1JPF20RE1EYS77NAOW6.pcm /Users/bf/Library/Developer/Xcode/DerivedData/SDKExplicitPrecompiledModules/Symbols-90BL32J91MYSNL8B58XVYOLNB.pcm /Users/bf/Library/Developer/Xcode/DerivedData/SDKExplicitPrecompiledModules/CoreImage-6WEH9WUQDEN27HUHXDX89UEA8.pcm /Users/bf/Library/Developer/Xcode/DerivedData/SDKExplicitPrecompiledModules/simd-8F2Y5BV63IVEB5AZAJ9K2J6FZ.pcm /Users/bf/Library/Developer/Xcode/DerivedData/SDKExplicitPrecompiledModules/os-95PX9ASTQJ7MP0OSE3DMTZCB7.pcm /Users/bf/Library/Developer/Xcode/DerivedData/SDKExplicitPrecompiledModules/MachO-CPUT444G80MKPZF57NDM4AC9Z.pcm /Users/bf/Library/Developer/Xcode/DerivedData/SDKExplicitPrecompiledModules/sys_types-7R1I44O79L69S13C9WNFS956E.pcm /Users/bf/Library/Developer/Xcode/DerivedData/SDKExplicitPrecompiledModules/ObjectiveC-D0908Z9YMBZ6U7L6HPCZ65P7E.pcm /Users/bf/Library/Developer/Xcode/DerivedData/SDKExplicitPrecompiledModules/Accessibility-ELY9U1GB37D4MUNAJ2CRK89KC.pcm /Users/bf/Library/Developer/Xcode/DerivedData/SDKExplicitPrecompiledModules/launch-ALP53XQTNZ0RM4YFR0LRTY3PG.pcm /Users/bf/Library/Developer/Xcode/DerivedData/SDKExplicitPrecompiledModules/libDER-EGS358PGPCFZXQFLTMEAQ7SGD.pcm /Users/bf/Library/Developer/Xcode/DerivedData/SDKExplicitPrecompiledModules/ImageIO-6AO2EFY8SQ4YUPYW7NI4O5D5X.pcm /Users/bf/Library/Developer/Xcode/DerivedData/SDKExplicitPrecompiledModules/_Builtin_float-6X7LLI173WB68NSHN04FAGUJR.pcm /Users/bf/Library/Developer/Xcode/DerivedData/SDKExplicitPrecompiledModules/Spatial-2TK5A9E9W97UCCVJ6LA44WM9J.pcm /Users/bf/Library/Developer/Xcode/DerivedData/SDKExplicitPrecompiledModules/CoreServices-F3E3D2U6HIDQ7JYCX0E610NQH.pcm /Users/bf/Library/Developer/Xcode/DerivedData/SDKExplicitPrecompiledModules/CFNetwork-E3UL72IRKYUAMJ1KUHP9CFWTC.pcm /Users/bf/Library/Developer/Xcode/DerivedData/SDKExplicitPrecompiledModules/_Builtin_intrinsics-AHGUKR0NS5R3X52ABDZU9VAKI.pcm /Users/bf/Library/Developer/Xcode/DerivedData/SDKExplicitPrecompiledModules/_Builtin_inttypes-4TDFLEMWMPMPIWKNFV920CMGN.pcm /Users/bf/Library/Developer/Xcode/DerivedData/SDKExplicitPrecompiledModules/CoreVideo-8ME8Z24QY1NS3MOA2AJSH27UE.pcm /Users/bf/Library/Developer/Xcode/DerivedData/SDKExplicitPrecompiledModules/UniformTypeIdentifiers-3WZPX6I68SAA1HYC1UUQIE5EV.pcm /Users/bf/Library/Developer/Xcode/DerivedData/SDKExplicitPrecompiledModules/AppKit-1EZ09IMIF6FTX2KWHWNXQ0VZJ.pcm /Users/bf/Library/Developer/Xcode/DerivedData/SDKExplicitPrecompiledModules/OSLog-4L78E8OLELWLHOUOCR8ZCXZF3.pcm /Users/bf/Library/Developer/Xcode/DerivedData/SDKExplicitPrecompiledModules/CoreFoundation-1TKXMAFEX2QN9K0I96CYQKGDC.pcm /Users/bf/Library/Developer/Xcode/DerivedData/SDKExplicitPrecompiledModules/ptrcheck-3SA7Q8P9R2F5MG4HTAIID8EWM.pcm /Users/bf/Library/Developer/Xcode/DerivedData/SDKExplicitPrecompiledModules/OpenGL-5T4C0SX2DD4EPTQHECJUK2S5F.pcm /Users/bf/Library/Developer/Xcode/DerivedData/SDKExplicitPrecompiledModules/Metal-2ZT9UUKOGGFTQWLJSYIVUF6SZ.pcm /Users/bf/Library/Developer/Xcode/DerivedData/SDKExplicitPrecompiledModules/_Builtin_stddef-CQ5R7I65DJJJXPUEBIXU9XO9W.pcm /Users/bf/Library/Developer/Xcode/DerivedData/SDKExplicitPrecompiledModules/_Builtin_stdbool-P2QO7047TG98BYDSHEWZM2QL.pcm /Users/bf/Library/Developer/Xcode/DerivedData/SDKExplicitPrecompiledModules/_Builtin_limits-2Z5LL5BY9QQK32OD3VCEYNW5P.pcm /Users/bf/Library/Developer/Xcode/DerivedData/SDKExplicitPrecompiledModules/DeveloperToolsSupport-C2CFJXJ4TTSSWFC91CR972SP5.pcm /Users/bf/Library/Developer/Xcode/DerivedData/SDKExplicitPrecompiledModules/ptrauth-DNI4ONPG4DJWWJGSUDLV5VI0L.pcm /Users/bf/Library/Developer/Xcode/DerivedData/SDKExplicitPrecompiledModules/XPC-1N5T5QH9W00IQV0UXJIHVMNIA.pcm /Users/bf/Library/Developer/Xcode/DerivedData/SDKExplicitPrecompiledModules/_DarwinFoundation3-BE4AJH8C695E1S5O2Q3PYWUES.pcm /Users/bf/Library/Developer/Xcode/DerivedData/SDKExplicitPrecompiledModules/os_object-83WNZP9Y1Y4XI0MT2UUW6VIKX.pcm /Users/bf/Library/Developer/Xcode/DerivedData/SDKExplicitPrecompiledModules/_Builtin_stdatomic-EMCCBPDAZC2YSYFYIP25WO2P3.pcm /Users/bf/Library/Developer/Xcode/DerivedData/SDKExplicitPrecompiledModules/libkern-C37TBM4Y21N3MYF0HE376C5TT.pcm /Users/bf/Library/Developer/Xcode/DerivedData/SDKExplicitPrecompiledModules/os_workgroup-5COUS3LTATPS6LWCCZ1J4VW6R.pcm /Users/bf/Library/Developer/Xcode/DerivedData/SDKExplicitPrecompiledModules/Security-8SYGUXTSZKJB3ASRC4MPMQLZ5.pcm /Users/bf/Library/Developer/Xcode/DerivedData/SDKExplicitPrecompiledModules/Darwin-2MA0WO5WJ6CYMVC0YPRGNQTFW.pcm /Users/bf/Library/Developer/Xcode/DerivedData/SDKExplicitPrecompiledModules/_Builtin_stdint-CB267XGHQEPC931NGFI1YQJSF.pcm /Users/bf/Library/Developer/Xcode/DerivedData/SDKExplicitPrecompiledModules/QuartzCore-CKD68D8NM9LISHZV7E7E3NEG.pcm /Users/bf/Library/Developer/Xcode/DerivedData/SDKExplicitPrecompiledModules/CoreTransferable-BDI62W8T6DAFPFIMYNVQFBTRP.pcm /Users/bf/Library/Developer/Xcode/DerivedData/SDKExplicitPrecompiledModules/Dispatch-A5NRFLDNU7Q3JKB0OWKEFZIRP.pcm /Users/bf/Library/Developer/Xcode/DerivedData/SDKExplicitPrecompiledModules/CoreText-9HKVLHYF6DUPP7BJ62Y2JCNHS.pcm /Users/bf/Library/Developer/Xcode/DerivedData/PasteAsFile-dgpbpeznkgqoaobgpyrnpeucjuwy/Build/Intermediates.noindex/PasteAsFile.build/Release/PasteAsFile.build/Objects-normal/x86_64/PasteAsFile-dependencies-1.json (in target 'PasteAsFile' from project 'PasteAsFile')

SwiftCompile normal x86_64 (in target 'PasteAsFile' from project 'PasteAsFile')
    cd /Users/bf/Library/CloudStorage/GoogleDrive-bernynoussi@gmail.com/Mon\ Drive/Formation/Collège\ BDEB/ETE_2026/420-A60-BB\ ALGORITHMES\ D\'APPRENTISSAGE\ PROFOND/Examen\ Final/PasteAsFile
    

SwiftCompile normal arm64 Compiling\ AppDelegate.swift,\ Main.swift /Users/bf/Library/CloudStorage/GoogleDrive-bernynoussi@gmail.com/Mon\ Drive/Formation/Collège\ BDEB/ETE_2026/420-A60-BB\ ALGORITHMES\ D\'APPRENTISSAGE\ PROFOND/Examen\ Final/PasteAsFile/PasteAsFile/AppDelegate.swift /Users/bf/Library/CloudStorage/GoogleDrive-bernynoussi@gmail.com/Mon\ Drive/Formation/Collège\ BDEB/ETE_2026/420-A60-BB\ ALGORITHMES\ D\'APPRENTISSAGE\ PROFOND/Examen\ Final/PasteAsFile/PasteAsFile/Main.swift /Applications/Xcode.app/Contents/Developer/Toolchains/XcodeDefault.xctoolchain/usr/lib/swift/macosx/prebuilt-modules/27.0/Foundation.swiftmodule/arm64e-apple-macos.swiftmodule /Applications/Xcode.app/Contents/Developer/Toolchains/XcodeDefault.xctoolchain/usr/lib/swift/macosx/prebuilt-modules/27.0/IOKit.swiftmodule/arm64e-apple-macos.swiftmodule /Applications/Xcode.app/Contents/Developer/Toolchains/XcodeDefault.xctoolchain/usr/lib/swift/macosx/prebuilt-modules/27.0/ColorSync.swiftmodule/arm64e-apple-macos.swiftmodule /Applications/Xcode.app/Contents/Developer/Toolchains/XcodeDefault.xctoolchain/usr/lib/swift/macosx/prebuilt-modules/27.0/AppKit.swiftmodule/arm64e-apple-macos.swiftmodule /Applications/Xcode.app/Contents/Developer/Toolchains/XcodeDefault.xctoolchain/usr/lib/swift/macosx/prebuilt-modules/27.0/CoreText.swiftmodule/arm64e-apple-macos.swiftmodule /Applications/Xcode.app/Contents/Developer/Toolchains/XcodeDefault.xctoolchain/usr/lib/swift/macosx/prebuilt-modules/27.0/UniformTypeIdentifiers.swiftmodule/arm64e-apple-macos.swiftmodule /Applications/Xcode.app/Contents/Developer/Toolchains/XcodeDefault.xctoolchain/usr/lib/swift/macosx/prebuilt-modules/27.0/XPC.swiftmodule/arm64e-apple-macos.swiftmodule /Applications/Xcode.app/Contents/Developer/Toolchains/XcodeDefault.xctoolchain/usr/lib/swift/macosx/prebuilt-modules/27.0/DeveloperToolsSupport.swiftmodule/arm64e-apple-macos.swiftmodule /Applications/Xcode.app/Contents/Developer/Toolchains/XcodeDefault.xctoolchain/usr/lib/swift/macosx/prebuilt-modules/27.0/System.swiftmodule/arm64e-apple-macos.swiftmodule /Applications/Xcode.app/Contents/Developer/Toolchains/XcodeDefault.xctoolchain/usr/lib/swift/macosx/prebuilt-modules/27.0/_StringProcessing.swiftmodule/arm64e-apple-macos.swiftmodule /Applications/Xcode.app/Contents/Developer/Toolchains/XcodeDefault.xctoolchain/usr/lib/swift/macosx/prebuilt-modules/27.0/Metal.swiftmodule/arm64e-apple-macos.swiftmodule /Applications/Xcode.app/Contents/Developer/Toolchains/XcodeDefault.xctoolchain/usr/lib/swift/macosx/prebuilt-modules/27.0/Combine.swiftmodule/arm64e-apple-macos.swiftmodule /Applications/Xcode.app/Contents/Developer/Toolchains/XcodeDefault.xctoolchain/usr/lib/swift/macosx/prebuilt-modules/27.0/_DarwinFoundation3.swiftmodule/arm64e-apple-macos.swiftmodule /Applications/Xcode.app/Contents/Developer/Toolchains/XcodeDefault.xctoolchain/usr/lib/swift/macosx/prebuilt-modules/27.0/Observation.swiftmodule/arm64e-apple-macos.swiftmodule /Applications/Xcode.app/Contents/Developer/Toolchains/XcodeDefault.xctoolchain/usr/lib/swift/macosx/prebuilt-modules/27.0/_DarwinFoundation2.swiftmodule/arm64e-apple-macos.swiftmodule /Applications/Xcode.app/Contents/Developer/Toolchains/XcodeDefault.xctoolchain/usr/lib/swift/macosx/prebuilt-modules/27.0/CoreData.swiftmodule/arm64e-apple-macos.swiftmodule /Applications/Xcode.app/Contents/Developer/Toolchains/XcodeDefault.xctoolchain/usr/lib/swift/macosx/prebuilt-modules/27.0/_Builtin_float.swiftmodule/arm64e-apple-macos.swiftmodule /Applications/Xcode.app/Contents/Developer/Toolchains/XcodeDefault.xctoolchain/usr/lib/swift/macosx/prebuilt-modules/27.0/CoreVideo.swiftmodule/arm64e-apple-macos.swiftmodule /Applications/Xcode.app/Contents/Developer/Toolchains/XcodeDefault.xctoolchain/usr/lib/swift/macosx/prebuilt-modules/27.0/_DarwinFoundation1.swiftmodule/arm64e-apple-macos.swiftmodule /Applications/Xcode.app/Contents/Developer/Toolchains/XcodeDefault.xctoolchain/usr/lib/swift/macosx/prebuilt-modules/27.0/CoreFoundation.swiftmodule/arm64e-apple-macos.swiftmodule /Applications/Xcode.app/Contents/Developer/Toolchains/XcodeDefault.xctoolchain/usr/lib/swift/macosx/prebuilt-modules/27.0/DataDetection.swiftmodule/arm64e-apple-macos.swiftmodule /Applications/Xcode.app/Contents/Developer/Toolchains/XcodeDefault.xctoolchain/usr/lib/swift/macosx/prebuilt-modules/27.0/QuartzCore.swiftmodule/arm64e-apple-macos.swiftmodule /Applications/Xcode.app/Contents/Developer/Toolchains/XcodeDefault.xctoolchain/usr/lib/swift/macosx/prebuilt-modules/27.0/CoreImage.swiftmodule/arm64e-apple-macos.swiftmodule /Applications/Xcode.app/Contents/Developer/Toolchains/XcodeDefault.xctoolchain/usr/lib/swift/macosx/prebuilt-modules/27.0/ObjectiveC.swiftmodule/arm64e-apple-macos.swiftmodule /Applications/Xcode.app/Contents/Developer/Toolchains/XcodeDefault.xctoolchain/usr/lib/swift/macosx/prebuilt-modules/27.0/Symbols.swiftmodule/arm64e-apple-macos.swiftmodule /Applications/Xcode.app/Contents/Developer/Toolchains/XcodeDefault.xctoolchain/usr/lib/swift/macosx/prebuilt-modules/27.0/Accessibility.swiftmodule/arm64e-apple-macos.swiftmodule /Applications/Xcode.app/Contents/Developer/Toolchains/XcodeDefault.xctoolchain/usr/lib/swift/macosx/prebuilt-modules/27.0/Spatial.swiftmodule/arm64e-apple-macos.swiftmodule /Applications/Xcode.app/Contents/Developer/Toolchains/XcodeDefault.xctoolchain/usr/lib/swift/macosx/prebuilt-modules/27.0/Darwin.swiftmodule/arm64e-apple-macos.swiftmodule /Applications/Xcode.app/Contents/Developer/Toolchains/XcodeDefault.xctoolchain/usr/lib/swift/macosx/prebuilt-modules/27.0/OSLog.swiftmodule/arm64e-apple-macos.swiftmodule /Applications/Xcode.app/Contents/Developer/Toolchains/XcodeDefault.xctoolchain/usr/lib/swift/macosx/prebuilt-modules/27.0/simd.swiftmodule/arm64e-apple-macos.swiftmodule /Applications/Xcode.app/Contents/Developer/Toolchains/XcodeDefault.xctoolchain/usr/lib/swift/macosx/prebuilt-modules/27.0/SwiftUICore.swiftmodule/arm64e-apple-macos.swiftmodule /Applications/Xcode.app/Contents/Developer/Toolchains/XcodeDefault.xctoolchain/usr/lib/swift/macosx/prebuilt-modules/27.0/_Concurrency.swiftmodule/arm64e-apple-macos.swiftmodule /Applications/Xcode.app/Contents/Developer/Toolchains/XcodeDefault.xctoolchain/usr/lib/swift/macosx/prebuilt-modules/27.0/Swift.swiftmodule/arm64e-apple-macos.swiftmodule /Applications/Xcode.app/Contents/Developer/Toolchains/XcodeDefault.xctoolchain/usr/lib/swift/macosx/prebuilt-modules/27.0/Dispatch.swiftmodule/arm64e-apple-macos.swiftmodule /Applications/Xcode.app/Contents/Developer/Toolchains/XcodeDefault.xctoolchain/usr/lib/swift/macosx/prebuilt-modules/27.0/os.swiftmodule/arm64e-apple-macos.swiftmodule /Applications/Xcode.app/Contents/Developer/Toolchains/XcodeDefault.xctoolchain/usr/lib/swift/macosx/prebuilt-modules/27.0/ImageIO.swiftmodule/arm64e-apple-macos.swiftmodule /Applications/Xcode.app/Contents/Developer/Toolchains/XcodeDefault.xctoolchain/usr/lib/swift/macosx/prebuilt-modules/27.0/CoreGraphics.swiftmodule/arm64e-apple-macos.swiftmodule /Applications/Xcode.app/Contents/Developer/Toolchains/XcodeDefault.xctoolchain/usr/lib/swift/macosx/prebuilt-modules/27.0/CoreTransferable.swiftmodule/arm64e-apple-macos.swiftmodule /Users/bf/Library/Developer/Xcode/DerivedData/SDKExplicitPrecompiledModules/CoreText-7D8DC6Q90SX3IWHY9CA8XUE89.pcm /Users/bf/Library/Developer/Xcode/DerivedData/SDKExplicitPrecompiledModules/CoreVideo-3877CUV73EH9ALXJQVD597YXN.pcm /Users/bf/Library/Developer/Xcode/DerivedData/SDKExplicitPrecompiledModules/QuartzCore-B7HW0PZZF8WESMT0YKS2B70G.pcm /Users/bf/Library/Developer/Xcode/DerivedData/SDKExplicitPrecompiledModules/_DarwinFoundation1-3U7Y4I3YW8N8T0TAFRFX5HP9H.pcm /Users/bf/Library/Developer/Xcode/DerivedData/SDKExplicitPrecompiledModules/_SwiftConcurrencyShims-2TK0IYNNU4NRZ1ATGF3N2ZL9Z.pcm /Users/bf/Library/Developer/Xcode/DerivedData/SDKExplicitPrecompiledModules/DiskArbitration-2DX47OM7WL5N2YHRMMZ059VYB.pcm /Users/bf/Library/Developer/Xcode/DerivedData/SDKExplicitPrecompiledModules/launch-472VSIGVI269C706KNEF8SNFM.pcm /Users/bf/Library/Developer/Xcode/DerivedData/SDKExplicitPrecompiledModules/ApplicationServices-6N84FQU7MTLJ9F2HMY934CKJU.pcm /Users/bf/Library/Developer/Xcode/DerivedData/SDKExplicitPrecompiledModules/_DarwinFoundation2-A64MS28S8LR4W8A0C0L3S5339.pcm /Users/bf/Library/Developer/Xcode/DerivedData/SDKExplicitPrecompiledModules/SwiftUICore-230GB8WT1T8MG4B4805RCEMIB.pcm /Users/bf/Library/Developer/Xcode/DerivedData/SDKExplicitPrecompiledModules/_Builtin_inttypes-6QV7LMCYCGURMHLA8X8C150JM.pcm /Users/bf/Library/Developer/Xcode/DerivedData/SDKExplicitPrecompiledModules/CoreData-6OHINOFQ599UQ0QWW719S48AD.pcm /Users/bf/Library/Developer/Xcode/DerivedData/SDKExplicitPrecompiledModules/os-6DCL5FXWGKZ79P28JAY0Z58TY.pcm /Users/bf/Library/Developer/Xcode/DerivedData/SDKExplicitPrecompiledModules/Symbols-8LMWB2L7T97PXX52NDB09PEPJ.pcm /Users/bf/Library/Developer/Xcode/DerivedData/SDKExplicitPrecompiledModules/_AvailabilityInternal-EFJM6I6U0H1U8F444FPU5JX40.pcm /Users/bf/Library/Developer/Xcode/DerivedData/SDKExplicitPrecompiledModules/_Builtin_stdbool-37H5FM8U8WG6A6N5HFVFLCL0B.pcm /Users/bf/Library/Developer/Xcode/DerivedData/SDKExplicitPrecompiledModules/CoreServices-72F5GQM2J73A1ESOHOI631PNI.pcm /Users/bf/Library/Developer/Xcode/DerivedData/SDKExplicitPrecompiledModules/simd-8O2MO390H0UY0RN5BUAHM9AAQ.pcm /Users/bf/Library/Developer/Xcode/DerivedData/SDKExplicitPrecompiledModules/_Builtin_stdarg-BX58A8HBVZDQTOG5XUK2CEHJN.pcm /Users/bf/Library/Developer/Xcode/DerivedData/SDKExplicitPrecompiledModules/ImageIO-1VYG4NY5P67UXKNT1SYWWMWA8.pcm /Users/bf/Library/Developer/Xcode/DerivedData/SDKExplicitPrecompiledModules/os_workgroup-DODCY1KQEVFGZGVK2V0DSPDIV.pcm /Users/bf/Library/Developer/Xcode/DerivedData/SDKExplicitPrecompiledModules/UniformTypeIdentifiers-BFXP8UJC4XEOX4XDKSJR2HCP5.pcm /Users/bf/Library/Developer/Xcode/DerivedData/SDKExplicitPrecompiledModules/_Builtin_tgmath-BZBU7SKO5G3X4NEYRVUVJLXEO.pcm /Users/bf/Library/Developer/Xcode/DerivedData/SDKExplicitPrecompiledModules/Darwin-9WI15AN4K3B4L6J7IG4AO59YU.pcm /Users/bf/Library/Developer/Xcode/DerivedData/SDKExplicitPrecompiledModules/ptrauth-CGKZPEG8DCQF7TI6GPVB0FBTQ.pcm /Users/bf/Library/Developer/Xcode/DerivedData/SDKExplicitPrecompiledModules/OpenGL-59SMZNIY7PGZVZKK4BCPM2UQB.pcm /Users/bf/Library/Developer/Xcode/DerivedData/SDKExplicitPrecompiledModules/_Builtin_stddef-H1TF85ISNTE8PAR97YJSGC72.pcm /Users/bf/Library/Developer/Xcode/DerivedData/SDKExplicitPrecompiledModules/_Builtin_limits-BNTQMKQIP6AKQSIK4AHY0JRQE.pcm /Users/bf/Library/Developer/Xcode/DerivedData/SDKExplicitPrecompiledModules/Metal-CNF94HTHQUY2MFAZ7L4DH852W.pcm /Users/bf/Library/Developer/Xcode/DerivedData/SDKExplicitPrecompiledModules/os_object-5OH5Z6XKSFEI7QNSMC38YLYY6.pcm /Users/bf/Library/Developer/Xcode/DerivedData/SDKExplicitPrecompiledModules/ObjectiveC-DGFGIZJ9FC69TLF9RV1C2NJ8P.pcm /Users/bf/Library/Developer/Xcode/DerivedData/SDKExplicitPrecompiledModules/ptrcheck-96TXREJKX1L77A588GF4A7MMJ.pcm /Users/bf/Library/Developer/Xcode/DerivedData/SDKExplicitPrecompiledModules/_Builtin_stdatomic-BBQT6XLHZKJH9BULSK4ITTL53.pcm /Users/bf/Library/Developer/Xcode/DerivedData/SDKExplicitPrecompiledModules/DeveloperToolsSupport-7H6ZQUGAGNSFAV4T08P7J7GZY.pcm /Users/bf/Library/Developer/Xcode/DerivedData/SDKExplicitPrecompiledModules/XPC-4FZSWJ6M80BI0ETZVPXCT2XGD.pcm /Users/bf/Library/Developer/Xcode/DerivedData/SDKExplicitPrecompiledModules/DataDetection-94KG7G3OSH497V1YFV23V797A.pcm /Users/bf/Library/Developer/Xcode/DerivedData/SDKExplicitPrecompiledModules/libDER-9IJEOYYI30HUA0GT6283NJ9VW.pcm /Users/bf/Library/Developer/Xcode/DerivedData/SDKExplicitPrecompiledModules/AppKit-2KTL9O0LBZQHAC1TEUGLKNMZ6.pcm /Users/bf/Library/Developer/Xcode/DerivedData/SDKExplicitPrecompiledModules/Security-3FEDN4JASEOC5XDG1FJVKVWDC.pcm /Users/bf/Library/Developer/Xcode/DerivedData/SDKExplicitPrecompiledModules/string_h-C6YHRC0Z5NF0QHOTXZD3X55NC.pcm /Users/bf/Library/Developer/Xcode/DerivedData/SDKExplicitPrecompiledModules/Dispatch-34RBMB0VCNK2I746SOVYLURW4.pcm /Users/bf/Library/Developer/Xcode/DerivedData/SDKExplicitPrecompiledModules/_Builtin_stdint-4HXSM6UDU4L8792ZQ32ZGCWF5.pcm /Users/bf/Library/Developer/Xcode/DerivedData/SDKExplicitPrecompiledModules/CoreImage-F1BM7N08A7Y9ATH24XARLNYI6.pcm /Users/bf/Library/Developer/Xcode/DerivedData/SDKExplicitPrecompiledModules/_Builtin_float-EHM829NY0E1NS3310KUZ5HDHH.pcm /Users/bf/Library/Developer/Xcode/DerivedData/SDKExplicitPrecompiledModules/Foundation-3LIYM9SF65IT3YMBG8M48NXSU.pcm /Users/bf/Library/Developer/Xcode/DerivedData/SDKExplicitPrecompiledModules/_DarwinFoundation3-88TMP70S3H5JVJQHPN6DNKAI0.pcm /Users/bf/Library/Developer/Xcode/DerivedData/SDKExplicitPrecompiledModules/libkern-2891GH5KSTJF631FNPAF5QUI4.pcm /Users/bf/Library/Developer/Xcode/DerivedData/SDKExplicitPrecompiledModules/CoreTransferable-4O02V4FN7EW1IVMOG6OOCF13J.pcm /Users/bf/Library/Developer/Xcode/DerivedData/SDKExplicitPrecompiledModules/IOSurface-77Z1T0RWGTTAO9HN523MNKCGJ.pcm /Users/bf/Library/Developer/Xcode/DerivedData/SDKExplicitPrecompiledModules/CoreGraphics-3MZGWG5C30H11DD1YAUM1B90D.pcm /Users/bf/Library/Developer/Xcode/DerivedData/SDKExplicitPrecompiledModules/SwiftShims-BH86PXCXWT50CCSI8MD0LJOKS.pcm /Users/bf/Library/Developer/Xcode/DerivedData/SDKExplicitPrecompiledModules/CFNetwork-AWV857A50MVIZWSBO1HG2LHYC.pcm /Users/bf/Library/Developer/Xcode/DerivedData/SDKExplicitPrecompiledModules/ColorSync-EJR026ZOXC767ATNYVK24GSNP.pcm /Users/bf/Library/Developer/Xcode/DerivedData/SDKExplicitPrecompiledModules/sys_types-7V3MLVRKRD7LZ1226LUJNCCE6.pcm /Users/bf/Library/Developer/Xcode/DerivedData/SDKExplicitPrecompiledModules/CUPS-COJBVF7AZ60OU1OLOGSY8Z8I4.pcm /Users/bf/Library/Developer/Xcode/DerivedData/SDKExplicitPrecompiledModules/MachO-1YQ4AK2J29839AJRRZ2273V48.pcm /Users/bf/Library/Developer/Xcode/DerivedData/SDKExplicitPrecompiledModules/IOKit-BGTD3JBGZZF4SKUZ0KJQSP1ZX.pcm /Users/bf/Library/Developer/Xcode/DerivedData/SDKExplicitPrecompiledModules/Accessibility-4S8AZJ8GC4XWVE1WNQOAVBPIW.pcm /Users/bf/Library/Developer/Xcode/DerivedData/SDKExplicitPrecompiledModules/CoreFoundation-CGLF9DCXQKXR0BWFSBVDTX2U8.pcm /Users/bf/Library/Developer/Xcode/DerivedData/SDKExplicitPrecompiledModules/Spatial-A7WTRUNE3T0VME16EZB9KDFPV.pcm /Users/bf/Library/Developer/Xcode/DerivedData/SDKExplicitPrecompiledModules/OSLog-1FD7O2ZO4ODK3FZY3EN3HL7SQ.pcm /Users/bf/Library/Developer/Xcode/DerivedData/SDKExplicitPrecompiledModules/_Builtin_intrinsics-DP60RAYW38GSEXRMXSM7S56ND.pcm /Users/bf/Library/Developer/Xcode/DerivedData/PasteAsFile-dgpbpeznkgqoaobgpyrnpeucjuwy/Build/Intermediates.noindex/PasteAsFile.build/Release/PasteAsFile.build/Objects-normal/arm64/PasteAsFile-dependencies-2.json (in target 'PasteAsFile' from project 'PasteAsFile')

SwiftCompile normal arm64 (in target 'PasteAsFile' from project 'PasteAsFile')
    cd /Users/bf/Library/CloudStorage/GoogleDrive-bernynoussi@gmail.com/Mon\ Drive/Formation/Collège\ BDEB/ETE_2026/420-A60-BB\ ALGORITHMES\ D\'APPRENTISSAGE\ PROFOND/Examen\ Final/PasteAsFile
    

SwiftDriverJobDiscovery normal x86_64 Compiling AppDelegate.swift, Main.swift (in target 'PasteAsFile' from project 'PasteAsFile')

SwiftDriver\ Compilation\ Requirements PasteAsFile normal x86_64 com.apple.xcode.tools.swift.compiler (in target 'PasteAsFile' from project 'PasteAsFile')
    cd /Users/bf/Library/CloudStorage/GoogleDrive-bernynoussi@gmail.com/Mon\ Drive/Formation/Collège\ BDEB/ETE_2026/420-A60-BB\ ALGORITHMES\ D\'APPRENTISSAGE\ PROFOND/Examen\ Final/PasteAsFile
    builtin-Swift-Compilation-Requirements -- /Applications/Xcode.app/Contents/Developer/Toolchains/XcodeDefault.xctoolchain/usr/bin/swiftc -module-name PasteAsFile -O -whole-module-optimization @/Users/bf/Library/Developer/Xcode/DerivedData/PasteAsFile-dgpbpeznkgqoaobgpyrnpeucjuwy/Build/Intermediates.noindex/PasteAsFile.build/Release/PasteAsFile.build/Objects-normal/x86_64/PasteAsFile.SwiftFileList -enable-bare-slash-regex -enable-experimental-feature DebugDescriptionMacro -sdk /Applications/Xcode.app/Contents/Developer/Platforms/MacOSX.platform/Developer/SDKs/MacOSX27.0.sdk -target x86_64-apple-macos13.0 -g -module-cache-path /Users/bf/Library/Developer/Xcode/DerivedData/ModuleCache.noindex -Xfrontend -serialize-debugging-options -swift-version 5 -I /Users/bf/Library/Developer/Xcode/DerivedData/PasteAsFile-dgpbpeznkgqoaobgpyrnpeucjuwy/Build/Products/Release -F /Users/bf/Library/Developer/Xcode/DerivedData/PasteAsFile-dgpbpeznkgqoaobgpyrnpeucjuwy/Build/Products/Release -emit-localized-strings -emit-localized-strings-path /Users/bf/Library/Developer/Xcode/DerivedData/PasteAsFile-dgpbpeznkgqoaobgpyrnpeucjuwy/Build/Intermediates.noindex/PasteAsFile.build/Release/PasteAsFile.build/Objects-normal/x86_64 -c -num-threads 16 -Xcc -ivfsstatcache -Xcc /Users/bf/Library/Developer/Xcode/DerivedData/SDKStatCaches.noindex/macosx27.0-26A425-7231f6df4def33e022ae2eb8f782df1a.sdkstatcache -output-file-map /Users/bf/Library/Developer/Xcode/DerivedData/PasteAsFile-dgpbpeznkgqoaobgpyrnpeucjuwy/Build/Intermediates.noindex/PasteAsFile.build/Release/PasteAsFile.build/Objects-normal/x86_64/PasteAsFile-OutputFileMap.json -save-temps -no-color-diagnostics -explicit-module-build -module-cache-path /Users/bf/Library/Developer/Xcode/DerivedData/PasteAsFile-dgpbpeznkgqoaobgpyrnpeucjuwy/Build/Intermediates.noindex/SwiftExplicitPrecompiledModules -clang-scanner-module-cache-path /Users/bf/Library/Developer/Xcode/DerivedData/ModuleCache.noindex -sdk-module-cache-path /Users/bf/Library/Developer/Xcode/DerivedData/SDKExplicitPrecompiledModules -emit-dependencies -emit-module -emit-module-path /Users/bf/Library/Developer/Xcode/DerivedData/PasteAsFile-dgpbpeznkgqoaobgpyrnpeucjuwy/Build/Intermediates.noindex/PasteAsFile.build/Release/PasteAsFile.build/Objects-normal/x86_64/PasteAsFile.swiftmodule -serialize-diagnostics -dependency-scan-serialize-diagnostics-path /Users/bf/Library/Developer/Xcode/DerivedData/PasteAsFile-dgpbpeznkgqoaobgpyrnpeucjuwy/Build/Intermediates.noindex/PasteAsFile.build/Release/PasteAsFile.build/Objects-normal/x86_64/PasteAsFile-dependency-scan.dia -validate-clang-modules-once -clang-build-session-file /Users/bf/Library/Developer/Xcode/DerivedData/ModuleCache.noindex/Session.modulevalidation -Xcc -fmodules-prune-interval\=86400 -Xcc -fmodules-prune-after\=345600 -emit-const-values -const-gather-protocols-list /Users/bf/Library/Developer/Xcode/DerivedData/PasteAsFile-dgpbpeznkgqoaobgpyrnpeucjuwy/Build/Intermediates.noindex/PasteAsFile.build/Release/PasteAsFile.build/Objects-normal/x86_64/PasteAsFile_const_extract_protocols.json -Xcc -iquote -Xcc /Users/bf/Library/Developer/Xcode/DerivedData/PasteAsFile-dgpbpeznkgqoaobgpyrnpeucjuwy/Build/Intermediates.noindex/PasteAsFile.build/Release/PasteAsFile.build/PasteAsFile-generated-files.hmap -Xcc -I/Users/bf/Library/Developer/Xcode/DerivedData/PasteAsFile-dgpbpeznkgqoaobgpyrnpeucjuwy/Build/Intermediates.noindex/PasteAsFile.build/Release/PasteAsFile.build/PasteAsFile-own-target-headers.hmap -Xcc -I/Users/bf/Library/Developer/Xcode/DerivedData/PasteAsFile-dgpbpeznkgqoaobgpyrnpeucjuwy/Build/Intermediates.noindex/PasteAsFile.build/Release/PasteAsFile.build/PasteAsFile-all-target-headers.hmap -Xcc -iquote -Xcc /Users/bf/Library/Developer/Xcode/DerivedData/PasteAsFile-dgpbpeznkgqoaobgpyrnpeucjuwy/Build/Intermediates.noindex/PasteAsFile.build/Release/PasteAsFile.build/PasteAsFile-project-headers.hmap -Xcc -I/Users/bf/Library/Developer/Xcode/DerivedData/PasteAsFile-dgpbpeznkgqoaobgpyrnpeucjuwy/Build/Products/Release/include -Xcc -I/Users/bf/Library/Developer/Xcode/DerivedData/PasteAsFile-dgpbpeznkgqoaobgpyrnpeucjuwy/Build/Intermediates.noindex/PasteAsFile.build/Release/PasteAsFile.build/DerivedSources-normal/x86_64 -Xcc -I/Users/bf/Library/Developer/Xcode/DerivedData/PasteAsFile-dgpbpeznkgqoaobgpyrnpeucjuwy/Build/Intermediates.noindex/PasteAsFile.build/Release/PasteAsFile.build/DerivedSources/x86_64 -Xcc -I/Users/bf/Library/Developer/Xcode/DerivedData/PasteAsFile-dgpbpeznkgqoaobgpyrnpeucjuwy/Build/Intermediates.noindex/PasteAsFile.build/Release/PasteAsFile.build/DerivedSources -emit-objc-header -emit-objc-header-path /Users/bf/Library/Developer/Xcode/DerivedData/PasteAsFile-dgpbpeznkgqoaobgpyrnpeucjuwy/Build/Intermediates.noindex/PasteAsFile.build/Release/PasteAsFile.build/Objects-normal/x86_64/PasteAsFile-Swift.h -working-directory /Users/bf/Library/CloudStorage/GoogleDrive-bernynoussi@gmail.com/Mon\ Drive/Formation/Collège\ BDEB/ETE_2026/420-A60-BB\ ALGORITHMES\ D\'APPRENTISSAGE\ PROFOND/Examen\ Final/PasteAsFile -no-emit-module-separately-wmo

Copy /Users/bf/Library/Developer/Xcode/DerivedData/PasteAsFile-dgpbpeznkgqoaobgpyrnpeucjuwy/Build/Products/Release/PasteAsFile.swiftmodule/x86_64-apple-macos.swiftdoc /Users/bf/Library/Developer/Xcode/DerivedData/PasteAsFile-dgpbpeznkgqoaobgpyrnpeucjuwy/Build/Intermediates.noindex/PasteAsFile.build/Release/PasteAsFile.build/Objects-normal/x86_64/PasteAsFile.swiftdoc (in target 'PasteAsFile' from project 'PasteAsFile')
    cd /Users/bf/Library/CloudStorage/GoogleDrive-bernynoussi@gmail.com/Mon\ Drive/Formation/Collège\ BDEB/ETE_2026/420-A60-BB\ ALGORITHMES\ D\'APPRENTISSAGE\ PROFOND/Examen\ Final/PasteAsFile
    builtin-copy -exclude .DS_Store -exclude CVS -exclude .svn -exclude .git -exclude .hg -resolve-src-symlinks -rename /Users/bf/Library/Developer/Xcode/DerivedData/PasteAsFile-dgpbpeznkgqoaobgpyrnpeucjuwy/Build/Intermediates.noindex/PasteAsFile.build/Release/PasteAsFile.build/Objects-normal/x86_64/PasteAsFile.swiftdoc /Users/bf/Library/Developer/Xcode/DerivedData/PasteAsFile-dgpbpeznkgqoaobgpyrnpeucjuwy/Build/Products/Release/PasteAsFile.swiftmodule/x86_64-apple-macos.swiftdoc

Copy /Users/bf/Library/Developer/Xcode/DerivedData/PasteAsFile-dgpbpeznkgqoaobgpyrnpeucjuwy/Build/Products/Release/PasteAsFile.swiftmodule/x86_64-apple-macos.swiftmodule /Users/bf/Library/Developer/Xcode/DerivedData/PasteAsFile-dgpbpeznkgqoaobgpyrnpeucjuwy/Build/Intermediates.noindex/PasteAsFile.build/Release/PasteAsFile.build/Objects-normal/x86_64/PasteAsFile.swiftmodule (in target 'PasteAsFile' from project 'PasteAsFile')
    cd /Users/bf/Library/CloudStorage/GoogleDrive-bernynoussi@gmail.com/Mon\ Drive/Formation/Collège\ BDEB/ETE_2026/420-A60-BB\ ALGORITHMES\ D\'APPRENTISSAGE\ PROFOND/Examen\ Final/PasteAsFile
    builtin-copy -exclude .DS_Store -exclude CVS -exclude .svn -exclude .git -exclude .hg -resolve-src-symlinks -rename /Users/bf/Library/Developer/Xcode/DerivedData/PasteAsFile-dgpbpeznkgqoaobgpyrnpeucjuwy/Build/Intermediates.noindex/PasteAsFile.build/Release/PasteAsFile.build/Objects-normal/x86_64/PasteAsFile.swiftmodule /Users/bf/Library/Developer/Xcode/DerivedData/PasteAsFile-dgpbpeznkgqoaobgpyrnpeucjuwy/Build/Products/Release/PasteAsFile.swiftmodule/x86_64-apple-macos.swiftmodule

Copy /Users/bf/Library/Developer/Xcode/DerivedData/PasteAsFile-dgpbpeznkgqoaobgpyrnpeucjuwy/Build/Products/Release/PasteAsFile.swiftmodule/x86_64-apple-macos.abi.json /Users/bf/Library/Developer/Xcode/DerivedData/PasteAsFile-dgpbpeznkgqoaobgpyrnpeucjuwy/Build/Intermediates.noindex/PasteAsFile.build/Release/PasteAsFile.build/Objects-normal/x86_64/PasteAsFile.abi.json (in target 'PasteAsFile' from project 'PasteAsFile')
    cd /Users/bf/Library/CloudStorage/GoogleDrive-bernynoussi@gmail.com/Mon\ Drive/Formation/Collège\ BDEB/ETE_2026/420-A60-BB\ ALGORITHMES\ D\'APPRENTISSAGE\ PROFOND/Examen\ Final/PasteAsFile
    builtin-copy -exclude .DS_Store -exclude CVS -exclude .svn -exclude .git -exclude .hg -resolve-src-symlinks -rename /Users/bf/Library/Developer/Xcode/DerivedData/PasteAsFile-dgpbpeznkgqoaobgpyrnpeucjuwy/Build/Intermediates.noindex/PasteAsFile.build/Release/PasteAsFile.build/Objects-normal/x86_64/PasteAsFile.abi.json /Users/bf/Library/Developer/Xcode/DerivedData/PasteAsFile-dgpbpeznkgqoaobgpyrnpeucjuwy/Build/Products/Release/PasteAsFile.swiftmodule/x86_64-apple-macos.abi.json

Copy /Users/bf/Library/Developer/Xcode/DerivedData/PasteAsFile-dgpbpeznkgqoaobgpyrnpeucjuwy/Build/Products/Release/PasteAsFile.swiftmodule/Project/x86_64-apple-macos.swiftsourceinfo /Users/bf/Library/Developer/Xcode/DerivedData/PasteAsFile-dgpbpeznkgqoaobgpyrnpeucjuwy/Build/Intermediates.noindex/PasteAsFile.build/Release/PasteAsFile.build/Objects-normal/x86_64/PasteAsFile.swiftsourceinfo (in target 'PasteAsFile' from project 'PasteAsFile')
    cd /Users/bf/Library/CloudStorage/GoogleDrive-bernynoussi@gmail.com/Mon\ Drive/Formation/Collège\ BDEB/ETE_2026/420-A60-BB\ ALGORITHMES\ D\'APPRENTISSAGE\ PROFOND/Examen\ Final/PasteAsFile
    builtin-copy -exclude .DS_Store -exclude CVS -exclude .svn -exclude .git -exclude .hg -resolve-src-symlinks -rename /Users/bf/Library/Developer/Xcode/DerivedData/PasteAsFile-dgpbpeznkgqoaobgpyrnpeucjuwy/Build/Intermediates.noindex/PasteAsFile.build/Release/PasteAsFile.build/Objects-normal/x86_64/PasteAsFile.swiftsourceinfo /Users/bf/Library/Developer/Xcode/DerivedData/PasteAsFile-dgpbpeznkgqoaobgpyrnpeucjuwy/Build/Products/Release/PasteAsFile.swiftmodule/Project/x86_64-apple-macos.swiftsourceinfo

SwiftDriverJobDiscovery normal arm64 Compiling AppDelegate.swift, Main.swift (in target 'PasteAsFile' from project 'PasteAsFile')

SwiftDriver\ Compilation\ Requirements PasteAsFile normal arm64 com.apple.xcode.tools.swift.compiler (in target 'PasteAsFile' from project 'PasteAsFile')
    cd /Users/bf/Library/CloudStorage/GoogleDrive-bernynoussi@gmail.com/Mon\ Drive/Formation/Collège\ BDEB/ETE_2026/420-A60-BB\ ALGORITHMES\ D\'APPRENTISSAGE\ PROFOND/Examen\ Final/PasteAsFile
    builtin-Swift-Compilation-Requirements -- /Applications/Xcode.app/Contents/Developer/Toolchains/XcodeDefault.xctoolchain/usr/bin/swiftc -module-name PasteAsFile -O -whole-module-optimization @/Users/bf/Library/Developer/Xcode/DerivedData/PasteAsFile-dgpbpeznkgqoaobgpyrnpeucjuwy/Build/Intermediates.noindex/PasteAsFile.build/Release/PasteAsFile.build/Objects-normal/arm64/PasteAsFile.SwiftFileList -enable-bare-slash-regex -enable-experimental-feature DebugDescriptionMacro -sdk /Applications/Xcode.app/Contents/Developer/Platforms/MacOSX.platform/Developer/SDKs/MacOSX27.0.sdk -target arm64-apple-macos13.0 -g -module-cache-path /Users/bf/Library/Developer/Xcode/DerivedData/ModuleCache.noindex -Xfrontend -serialize-debugging-options -swift-version 5 -I /Users/bf/Library/Developer/Xcode/DerivedData/PasteAsFile-dgpbpeznkgqoaobgpyrnpeucjuwy/Build/Products/Release -F /Users/bf/Library/Developer/Xcode/DerivedData/PasteAsFile-dgpbpeznkgqoaobgpyrnpeucjuwy/Build/Products/Release -emit-localized-strings -emit-localized-strings-path /Users/bf/Library/Developer/Xcode/DerivedData/PasteAsFile-dgpbpeznkgqoaobgpyrnpeucjuwy/Build/Intermediates.noindex/PasteAsFile.build/Release/PasteAsFile.build/Objects-normal/arm64 -c -num-threads 16 -Xcc -ivfsstatcache -Xcc /Users/bf/Library/Developer/Xcode/DerivedData/SDKStatCaches.noindex/macosx27.0-26A425-7231f6df4def33e022ae2eb8f782df1a.sdkstatcache -output-file-map /Users/bf/Library/Developer/Xcode/DerivedData/PasteAsFile-dgpbpeznkgqoaobgpyrnpeucjuwy/Build/Intermediates.noindex/PasteAsFile.build/Release/PasteAsFile.build/Objects-normal/arm64/PasteAsFile-OutputFileMap.json -save-temps -no-color-diagnostics -explicit-module-build -module-cache-path /Users/bf/Library/Developer/Xcode/DerivedData/PasteAsFile-dgpbpeznkgqoaobgpyrnpeucjuwy/Build/Intermediates.noindex/SwiftExplicitPrecompiledModules -clang-scanner-module-cache-path /Users/bf/Library/Developer/Xcode/DerivedData/ModuleCache.noindex -sdk-module-cache-path /Users/bf/Library/Developer/Xcode/DerivedData/SDKExplicitPrecompiledModules -emit-dependencies -emit-module -emit-module-path /Users/bf/Library/Developer/Xcode/DerivedData/PasteAsFile-dgpbpeznkgqoaobgpyrnpeucjuwy/Build/Intermediates.noindex/PasteAsFile.build/Release/PasteAsFile.build/Objects-normal/arm64/PasteAsFile.swiftmodule -serialize-diagnostics -dependency-scan-serialize-diagnostics-path /Users/bf/Library/Developer/Xcode/DerivedData/PasteAsFile-dgpbpeznkgqoaobgpyrnpeucjuwy/Build/Intermediates.noindex/PasteAsFile.build/Release/PasteAsFile.build/Objects-normal/arm64/PasteAsFile-dependency-scan.dia -validate-clang-modules-once -clang-build-session-file /Users/bf/Library/Developer/Xcode/DerivedData/ModuleCache.noindex/Session.modulevalidation -Xcc -fmodules-prune-interval\=86400 -Xcc -fmodules-prune-after\=345600 -emit-const-values -const-gather-protocols-list /Users/bf/Library/Developer/Xcode/DerivedData/PasteAsFile-dgpbpeznkgqoaobgpyrnpeucjuwy/Build/Intermediates.noindex/PasteAsFile.build/Release/PasteAsFile.build/Objects-normal/arm64/PasteAsFile_const_extract_protocols.json -Xcc -iquote -Xcc /Users/bf/Library/Developer/Xcode/DerivedData/PasteAsFile-dgpbpeznkgqoaobgpyrnpeucjuwy/Build/Intermediates.noindex/PasteAsFile.build/Release/PasteAsFile.build/PasteAsFile-generated-files.hmap -Xcc -I/Users/bf/Library/Developer/Xcode/DerivedData/PasteAsFile-dgpbpeznkgqoaobgpyrnpeucjuwy/Build/Intermediates.noindex/PasteAsFile.build/Release/PasteAsFile.build/PasteAsFile-own-target-headers.hmap -Xcc -I/Users/bf/Library/Developer/Xcode/DerivedData/PasteAsFile-dgpbpeznkgqoaobgpyrnpeucjuwy/Build/Intermediates.noindex/PasteAsFile.build/Release/PasteAsFile.build/PasteAsFile-all-target-headers.hmap -Xcc -iquote -Xcc /Users/bf/Library/Developer/Xcode/DerivedData/PasteAsFile-dgpbpeznkgqoaobgpyrnpeucjuwy/Build/Intermediates.noindex/PasteAsFile.build/Release/PasteAsFile.build/PasteAsFile-project-headers.hmap -Xcc -I/Users/bf/Library/Developer/Xcode/DerivedData/PasteAsFile-dgpbpeznkgqoaobgpyrnpeucjuwy/Build/Products/Release/include -Xcc -I/Users/bf/Library/Developer/Xcode/DerivedData/PasteAsFile-dgpbpeznkgqoaobgpyrnpeucjuwy/Build/Intermediates.noindex/PasteAsFile.build/Release/PasteAsFile.build/DerivedSources-normal/arm64 -Xcc -I/Users/bf/Library/Developer/Xcode/DerivedData/PasteAsFile-dgpbpeznkgqoaobgpyrnpeucjuwy/Build/Intermediates.noindex/PasteAsFile.build/Release/PasteAsFile.build/DerivedSources/arm64 -Xcc -I/Users/bf/Library/Developer/Xcode/DerivedData/PasteAsFile-dgpbpeznkgqoaobgpyrnpeucjuwy/Build/Intermediates.noindex/PasteAsFile.build/Release/PasteAsFile.build/DerivedSources -emit-objc-header -emit-objc-header-path /Users/bf/Library/Developer/Xcode/DerivedData/PasteAsFile-dgpbpeznkgqoaobgpyrnpeucjuwy/Build/Intermediates.noindex/PasteAsFile.build/Release/PasteAsFile.build/Objects-normal/arm64/PasteAsFile-Swift.h -working-directory /Users/bf/Library/CloudStorage/GoogleDrive-bernynoussi@gmail.com/Mon\ Drive/Formation/Collège\ BDEB/ETE_2026/420-A60-BB\ ALGORITHMES\ D\'APPRENTISSAGE\ PROFOND/Examen\ Final/PasteAsFile -no-emit-module-separately-wmo

SwiftMergeGeneratedHeaders /Users/bf/Library/Developer/Xcode/DerivedData/PasteAsFile-dgpbpeznkgqoaobgpyrnpeucjuwy/Build/Intermediates.noindex/PasteAsFile.build/Release/PasteAsFile.build/DerivedSources/PasteAsFile-Swift.h /Users/bf/Library/Developer/Xcode/DerivedData/PasteAsFile-dgpbpeznkgqoaobgpyrnpeucjuwy/Build/Intermediates.noindex/PasteAsFile.build/Release/PasteAsFile.build/Objects-normal/arm64/PasteAsFile-Swift.h /Users/bf/Library/Developer/Xcode/DerivedData/PasteAsFile-dgpbpeznkgqoaobgpyrnpeucjuwy/Build/Intermediates.noindex/PasteAsFile.build/Release/PasteAsFile.build/Objects-normal/x86_64/PasteAsFile-Swift.h (in target 'PasteAsFile' from project 'PasteAsFile')
    cd /Users/bf/Library/CloudStorage/GoogleDrive-bernynoussi@gmail.com/Mon\ Drive/Formation/Collège\ BDEB/ETE_2026/420-A60-BB\ ALGORITHMES\ D\'APPRENTISSAGE\ PROFOND/Examen\ Final/PasteAsFile
    builtin-swiftHeaderTool -arch arm64 /Users/bf/Library/Developer/Xcode/DerivedData/PasteAsFile-dgpbpeznkgqoaobgpyrnpeucjuwy/Build/Intermediates.noindex/PasteAsFile.build/Release/PasteAsFile.build/Objects-normal/arm64/PasteAsFile-Swift.h -arch x86_64 /Users/bf/Library/Developer/Xcode/DerivedData/PasteAsFile-dgpbpeznkgqoaobgpyrnpeucjuwy/Build/Intermediates.noindex/PasteAsFile.build/Release/PasteAsFile.build/Objects-normal/x86_64/PasteAsFile-Swift.h -o /Users/bf/Library/Developer/Xcode/DerivedData/PasteAsFile-dgpbpeznkgqoaobgpyrnpeucjuwy/Build/Intermediates.noindex/PasteAsFile.build/Release/PasteAsFile.build/DerivedSources/PasteAsFile-Swift.h

Copy /Users/bf/Library/Developer/Xcode/DerivedData/PasteAsFile-dgpbpeznkgqoaobgpyrnpeucjuwy/Build/Products/Release/PasteAsFile.swiftmodule/arm64-apple-macos.swiftmodule /Users/bf/Library/Developer/Xcode/DerivedData/PasteAsFile-dgpbpeznkgqoaobgpyrnpeucjuwy/Build/Intermediates.noindex/PasteAsFile.build/Release/PasteAsFile.build/Objects-normal/arm64/PasteAsFile.swiftmodule (in target 'PasteAsFile' from project 'PasteAsFile')
    cd /Users/bf/Library/CloudStorage/GoogleDrive-bernynoussi@gmail.com/Mon\ Drive/Formation/Collège\ BDEB/ETE_2026/420-A60-BB\ ALGORITHMES\ D\'APPRENTISSAGE\ PROFOND/Examen\ Final/PasteAsFile
    builtin-copy -exclude .DS_Store -exclude CVS -exclude .svn -exclude .git -exclude .hg -resolve-src-symlinks -rename /Users/bf/Library/Developer/Xcode/DerivedData/PasteAsFile-dgpbpeznkgqoaobgpyrnpeucjuwy/Build/Intermediates.noindex/PasteAsFile.build/Release/PasteAsFile.build/Objects-normal/arm64/PasteAsFile.swiftmodule /Users/bf/Library/Developer/Xcode/DerivedData/PasteAsFile-dgpbpeznkgqoaobgpyrnpeucjuwy/Build/Products/Release/PasteAsFile.swiftmodule/arm64-apple-macos.swiftmodule

Copy /Users/bf/Library/Developer/Xcode/DerivedData/PasteAsFile-dgpbpeznkgqoaobgpyrnpeucjuwy/Build/Products/Release/PasteAsFile.swiftmodule/arm64-apple-macos.swiftdoc /Users/bf/Library/Developer/Xcode/DerivedData/PasteAsFile-dgpbpeznkgqoaobgpyrnpeucjuwy/Build/Intermediates.noindex/PasteAsFile.build/Release/PasteAsFile.build/Objects-normal/arm64/PasteAsFile.swiftdoc (in target 'PasteAsFile' from project 'PasteAsFile')
    cd /Users/bf/Library/CloudStorage/GoogleDrive-bernynoussi@gmail.com/Mon\ Drive/Formation/Collège\ BDEB/ETE_2026/420-A60-BB\ ALGORITHMES\ D\'APPRENTISSAGE\ PROFOND/Examen\ Final/PasteAsFile
    builtin-copy -exclude .DS_Store -exclude CVS -exclude .svn -exclude .git -exclude .hg -resolve-src-symlinks -rename /Users/bf/Library/Developer/Xcode/DerivedData/PasteAsFile-dgpbpeznkgqoaobgpyrnpeucjuwy/Build/Intermediates.noindex/PasteAsFile.build/Release/PasteAsFile.build/Objects-normal/arm64/PasteAsFile.swiftdoc /Users/bf/Library/Developer/Xcode/DerivedData/PasteAsFile-dgpbpeznkgqoaobgpyrnpeucjuwy/Build/Products/Release/PasteAsFile.swiftmodule/arm64-apple-macos.swiftdoc

Copy /Users/bf/Library/Developer/Xcode/DerivedData/PasteAsFile-dgpbpeznkgqoaobgpyrnpeucjuwy/Build/Products/Release/PasteAsFile.swiftmodule/arm64-apple-macos.abi.json /Users/bf/Library/Developer/Xcode/DerivedData/PasteAsFile-dgpbpeznkgqoaobgpyrnpeucjuwy/Build/Intermediates.noindex/PasteAsFile.build/Release/PasteAsFile.build/Objects-normal/arm64/PasteAsFile.abi.json (in target 'PasteAsFile' from project 'PasteAsFile')
    cd /Users/bf/Library/CloudStorage/GoogleDrive-bernynoussi@gmail.com/Mon\ Drive/Formation/Collège\ BDEB/ETE_2026/420-A60-BB\ ALGORITHMES\ D\'APPRENTISSAGE\ PROFOND/Examen\ Final/PasteAsFile
    builtin-copy -exclude .DS_Store -exclude CVS -exclude .svn -exclude .git -exclude .hg -resolve-src-symlinks -rename /Users/bf/Library/Developer/Xcode/DerivedData/PasteAsFile-dgpbpeznkgqoaobgpyrnpeucjuwy/Build/Intermediates.noindex/PasteAsFile.build/Release/PasteAsFile.build/Objects-normal/arm64/PasteAsFile.abi.json /Users/bf/Library/Developer/Xcode/DerivedData/PasteAsFile-dgpbpeznkgqoaobgpyrnpeucjuwy/Build/Products/Release/PasteAsFile.swiftmodule/arm64-apple-macos.abi.json

Copy /Users/bf/Library/Developer/Xcode/DerivedData/PasteAsFile-dgpbpeznkgqoaobgpyrnpeucjuwy/Build/Products/Release/PasteAsFile.swiftmodule/Project/arm64-apple-macos.swiftsourceinfo /Users/bf/Library/Developer/Xcode/DerivedData/PasteAsFile-dgpbpeznkgqoaobgpyrnpeucjuwy/Build/Intermediates.noindex/PasteAsFile.build/Release/PasteAsFile.build/Objects-normal/arm64/PasteAsFile.swiftsourceinfo (in target 'PasteAsFile' from project 'PasteAsFile')
    cd /Users/bf/Library/CloudStorage/GoogleDrive-bernynoussi@gmail.com/Mon\ Drive/Formation/Collège\ BDEB/ETE_2026/420-A60-BB\ ALGORITHMES\ D\'APPRENTISSAGE\ PROFOND/Examen\ Final/PasteAsFile
    builtin-copy -exclude .DS_Store -exclude CVS -exclude .svn -exclude .git -exclude .hg -resolve-src-symlinks -rename /Users/bf/Library/Developer/Xcode/DerivedData/PasteAsFile-dgpbpeznkgqoaobgpyrnpeucjuwy/Build/Intermediates.noindex/PasteAsFile.build/Release/PasteAsFile.build/Objects-normal/arm64/PasteAsFile.swiftsourceinfo /Users/bf/Library/Developer/Xcode/DerivedData/PasteAsFile-dgpbpeznkgqoaobgpyrnpeucjuwy/Build/Products/Release/PasteAsFile.swiftmodule/Project/arm64-apple-macos.swiftsourceinfo

Ld /Users/bf/Library/Developer/Xcode/DerivedData/PasteAsFile-dgpbpeznkgqoaobgpyrnpeucjuwy/Build/Intermediates.noindex/PasteAsFile.build/Release/PasteAsFile.build/Objects-normal/x86_64/Binary/PasteAsFile normal x86_64 (in target 'PasteAsFile' from project 'PasteAsFile')
    cd /Users/bf/Library/CloudStorage/GoogleDrive-bernynoussi@gmail.com/Mon\ Drive/Formation/Collège\ BDEB/ETE_2026/420-A60-BB\ ALGORITHMES\ D\'APPRENTISSAGE\ PROFOND/Examen\ Final/PasteAsFile
    /Applications/Xcode.app/Contents/Developer/Toolchains/XcodeDefault.xctoolchain/usr/bin/clang -Xlinker -reproducible -target x86_64-apple-macos13.0 -isysroot /Applications/Xcode.app/Contents/Developer/Platforms/MacOSX.platform/Developer/SDKs/MacOSX27.0.sdk -Os -Xlinker -no_warn_duplicate_libraries -L/Users/bf/Library/Developer/Xcode/DerivedData/PasteAsFile-dgpbpeznkgqoaobgpyrnpeucjuwy/Build/Intermediates.noindex/EagerLinkingTBDs/Release -L/Users/bf/Library/Developer/Xcode/DerivedData/PasteAsFile-dgpbpeznkgqoaobgpyrnpeucjuwy/Build/Products/Release -F/Users/bf/Library/Developer/Xcode/DerivedData/PasteAsFile-dgpbpeznkgqoaobgpyrnpeucjuwy/Build/Intermediates.noindex/EagerLinkingTBDs/Release -F/Users/bf/Library/Developer/Xcode/DerivedData/PasteAsFile-dgpbpeznkgqoaobgpyrnpeucjuwy/Build/Products/Release -filelist /Users/bf/Library/Developer/Xcode/DerivedData/PasteAsFile-dgpbpeznkgqoaobgpyrnpeucjuwy/Build/Intermediates.noindex/PasteAsFile.build/Release/PasteAsFile.build/Objects-normal/x86_64/PasteAsFile.LinkFileList -Xlinker -rpath -Xlinker /usr/lib/swift -Xlinker -rpath -Xlinker @executable_path/../Frameworks -Xlinker -object_path_lto -Xlinker /Users/bf/Library/Developer/Xcode/DerivedData/PasteAsFile-dgpbpeznkgqoaobgpyrnpeucjuwy/Build/Intermediates.noindex/PasteAsFile.build/Release/PasteAsFile.build/Objects-normal/x86_64/PasteAsFile_lto.o -Xlinker -dependency_info -Xlinker /Users/bf/Library/Developer/Xcode/DerivedData/PasteAsFile-dgpbpeznkgqoaobgpyrnpeucjuwy/Build/Intermediates.noindex/PasteAsFile.build/Release/PasteAsFile.build/Objects-normal/x86_64/PasteAsFile_dependency_info.dat -fobjc-link-runtime -L/Applications/Xcode.app/Contents/Developer/Toolchains/XcodeDefault.xctoolchain/usr/lib/swift/macosx -L/usr/lib/swift -Xlinker -add_ast_path -Xlinker /Users/bf/Library/Developer/Xcode/DerivedData/PasteAsFile-dgpbpeznkgqoaobgpyrnpeucjuwy/Build/Intermediates.noindex/PasteAsFile.build/Release/PasteAsFile.build/Objects-normal/x86_64/PasteAsFile.swiftmodule -framework Cocoa -Xlinker -no_adhoc_codesign -o /Users/bf/Library/Developer/Xcode/DerivedData/PasteAsFile-dgpbpeznkgqoaobgpyrnpeucjuwy/Build/Intermediates.noindex/PasteAsFile.build/Release/PasteAsFile.build/Objects-normal/x86_64/Binary/PasteAsFile

Ld /Users/bf/Library/Developer/Xcode/DerivedData/PasteAsFile-dgpbpeznkgqoaobgpyrnpeucjuwy/Build/Intermediates.noindex/PasteAsFile.build/Release/PasteAsFile.build/Objects-normal/arm64/Binary/PasteAsFile normal arm64 (in target 'PasteAsFile' from project 'PasteAsFile')
    cd /Users/bf/Library/CloudStorage/GoogleDrive-bernynoussi@gmail.com/Mon\ Drive/Formation/Collège\ BDEB/ETE_2026/420-A60-BB\ ALGORITHMES\ D\'APPRENTISSAGE\ PROFOND/Examen\ Final/PasteAsFile
    /Applications/Xcode.app/Contents/Developer/Toolchains/XcodeDefault.xctoolchain/usr/bin/clang -Xlinker -reproducible -target arm64-apple-macos13.0 -isysroot /Applications/Xcode.app/Contents/Developer/Platforms/MacOSX.platform/Developer/SDKs/MacOSX27.0.sdk -Os -Xlinker -no_warn_duplicate_libraries -L/Users/bf/Library/Developer/Xcode/DerivedData/PasteAsFile-dgpbpeznkgqoaobgpyrnpeucjuwy/Build/Intermediates.noindex/EagerLinkingTBDs/Release -L/Users/bf/Library/Developer/Xcode/DerivedData/PasteAsFile-dgpbpeznkgqoaobgpyrnpeucjuwy/Build/Products/Release -F/Users/bf/Library/Developer/Xcode/DerivedData/PasteAsFile-dgpbpeznkgqoaobgpyrnpeucjuwy/Build/Intermediates.noindex/EagerLinkingTBDs/Release -F/Users/bf/Library/Developer/Xcode/DerivedData/PasteAsFile-dgpbpeznkgqoaobgpyrnpeucjuwy/Build/Products/Release -filelist /Users/bf/Library/Developer/Xcode/DerivedData/PasteAsFile-dgpbpeznkgqoaobgpyrnpeucjuwy/Build/Intermediates.noindex/PasteAsFile.build/Release/PasteAsFile.build/Objects-normal/arm64/PasteAsFile.LinkFileList -Xlinker -rpath -Xlinker /usr/lib/swift -Xlinker -rpath -Xlinker @executable_path/../Frameworks -Xlinker -object_path_lto -Xlinker /Users/bf/Library/Developer/Xcode/DerivedData/PasteAsFile-dgpbpeznkgqoaobgpyrnpeucjuwy/Build/Intermediates.noindex/PasteAsFile.build/Release/PasteAsFile.build/Objects-normal/arm64/PasteAsFile_lto.o -Xlinker -dependency_info -Xlinker /Users/bf/Library/Developer/Xcode/DerivedData/PasteAsFile-dgpbpeznkgqoaobgpyrnpeucjuwy/Build/Intermediates.noindex/PasteAsFile.build/Release/PasteAsFile.build/Objects-normal/arm64/PasteAsFile_dependency_info.dat -fobjc-link-runtime -L/Applications/Xcode.app/Contents/Developer/Toolchains/XcodeDefault.xctoolchain/usr/lib/swift/macosx -L/usr/lib/swift -Xlinker -add_ast_path -Xlinker /Users/bf/Library/Developer/Xcode/DerivedData/PasteAsFile-dgpbpeznkgqoaobgpyrnpeucjuwy/Build/Intermediates.noindex/PasteAsFile.build/Release/PasteAsFile.build/Objects-normal/arm64/PasteAsFile.swiftmodule -framework Cocoa -Xlinker -no_adhoc_codesign -o /Users/bf/Library/Developer/Xcode/DerivedData/PasteAsFile-dgpbpeznkgqoaobgpyrnpeucjuwy/Build/Intermediates.noindex/PasteAsFile.build/Release/PasteAsFile.build/Objects-normal/arm64/Binary/PasteAsFile

CreateUniversalBinary /Users/bf/Library/Developer/Xcode/DerivedData/PasteAsFile-dgpbpeznkgqoaobgpyrnpeucjuwy/Build/Products/Release/PasteAsFile.app/Contents/MacOS/PasteAsFile normal arm64\ x86_64 (in target 'PasteAsFile' from project 'PasteAsFile')
    cd /Users/bf/Library/CloudStorage/GoogleDrive-bernynoussi@gmail.com/Mon\ Drive/Formation/Collège\ BDEB/ETE_2026/420-A60-BB\ ALGORITHMES\ D\'APPRENTISSAGE\ PROFOND/Examen\ Final/PasteAsFile
    /Applications/Xcode.app/Contents/Developer/Toolchains/XcodeDefault.xctoolchain/usr/bin/lipo -create /Users/bf/Library/Developer/Xcode/DerivedData/PasteAsFile-dgpbpeznkgqoaobgpyrnpeucjuwy/Build/Intermediates.noindex/PasteAsFile.build/Release/PasteAsFile.build/Objects-normal/arm64/Binary/PasteAsFile /Users/bf/Library/Developer/Xcode/DerivedData/PasteAsFile-dgpbpeznkgqoaobgpyrnpeucjuwy/Build/Intermediates.noindex/PasteAsFile.build/Release/PasteAsFile.build/Objects-normal/x86_64/Binary/PasteAsFile -output /Users/bf/Library/Developer/Xcode/DerivedData/PasteAsFile-dgpbpeznkgqoaobgpyrnpeucjuwy/Build/Products/Release/PasteAsFile.app/Contents/MacOS/PasteAsFile

Copy /Users/bf/Library/Developer/Xcode/DerivedData/PasteAsFile-dgpbpeznkgqoaobgpyrnpeucjuwy/Build/Products/Release/PasteAsFile.app/Contents/PlugIns/PasteAsFileFinder.appex /Users/bf/Library/Developer/Xcode/DerivedData/PasteAsFile-dgpbpeznkgqoaobgpyrnpeucjuwy/Build/Products/Release/PasteAsFileFinder.appex (in target 'PasteAsFile' from project 'PasteAsFile')
    cd /Users/bf/Library/CloudStorage/GoogleDrive-bernynoussi@gmail.com/Mon\ Drive/Formation/Collège\ BDEB/ETE_2026/420-A60-BB\ ALGORITHMES\ D\'APPRENTISSAGE\ PROFOND/Examen\ Final/PasteAsFile
    builtin-copy -exclude .DS_Store -exclude CVS -exclude .svn -exclude .git -exclude .hg -resolve-src-symlinks -remove-static-executable /Users/bf/Library/Developer/Xcode/DerivedData/PasteAsFile-dgpbpeznkgqoaobgpyrnpeucjuwy/Build/Products/Release/PasteAsFileFinder.appex /Users/bf/Library/Developer/Xcode/DerivedData/PasteAsFile-dgpbpeznkgqoaobgpyrnpeucjuwy/Build/Products/Release/PasteAsFile.app/Contents/PlugIns

ProcessInfoPlistFile /Users/bf/Library/Developer/Xcode/DerivedData/PasteAsFile-dgpbpeznkgqoaobgpyrnpeucjuwy/Build/Products/Release/PasteAsFile.app/Contents/Info.plist /Users/bf/Library/CloudStorage/GoogleDrive-bernynoussi@gmail.com/Mon\ Drive/Formation/Collège\ BDEB/ETE_2026/420-A60-BB\ ALGORITHMES\ D\'APPRENTISSAGE\ PROFOND/Examen\ Final/PasteAsFile/PasteAsFile/Info.plist (in target 'PasteAsFile' from project 'PasteAsFile')
    cd /Users/bf/Library/CloudStorage/GoogleDrive-bernynoussi@gmail.com/Mon\ Drive/Formation/Collège\ BDEB/ETE_2026/420-A60-BB\ ALGORITHMES\ D\'APPRENTISSAGE\ PROFOND/Examen\ Final/PasteAsFile
    builtin-infoPlistUtility /Users/bf/Library/CloudStorage/GoogleDrive-bernynoussi@gmail.com/Mon\ Drive/Formation/Collège\ BDEB/ETE_2026/420-A60-BB\ ALGORITHMES\ D\'APPRENTISSAGE\ PROFOND/Examen\ Final/PasteAsFile/PasteAsFile/Info.plist -producttype com.apple.product-type.application -genpkginfo /Users/bf/Library/Developer/Xcode/DerivedData/PasteAsFile-dgpbpeznkgqoaobgpyrnpeucjuwy/Build/Products/Release/PasteAsFile.app/Contents/PkgInfo -expandbuildsettings -platform macosx -scanforprivacyfile /Users/bf/Library/Developer/Xcode/DerivedData/PasteAsFile-dgpbpeznkgqoaobgpyrnpeucjuwy/Build/Products/Release/PasteAsFile.app/Contents/PlugIns/PasteAsFileFinder.appex -o /Users/bf/Library/Developer/Xcode/DerivedData/PasteAsFile-dgpbpeznkgqoaobgpyrnpeucjuwy/Build/Products/Release/PasteAsFile.app/Contents/Info.plist

CopySwiftLibs /Users/bf/Library/Developer/Xcode/DerivedData/PasteAsFile-dgpbpeznkgqoaobgpyrnpeucjuwy/Build/Products/Release/PasteAsFile.app (in target 'PasteAsFile' from project 'PasteAsFile')
    cd /Users/bf/Library/CloudStorage/GoogleDrive-bernynoussi@gmail.com/Mon\ Drive/Formation/Collège\ BDEB/ETE_2026/420-A60-BB\ ALGORITHMES\ D\'APPRENTISSAGE\ PROFOND/Examen\ Final/PasteAsFile
    builtin-swiftStdLibTool --copy --verbose --sign - --scan-executable /Users/bf/Library/Developer/Xcode/DerivedData/PasteAsFile-dgpbpeznkgqoaobgpyrnpeucjuwy/Build/Products/Release/PasteAsFile.app/Contents/MacOS/PasteAsFile --scan-folder /Users/bf/Library/Developer/Xcode/DerivedData/PasteAsFile-dgpbpeznkgqoaobgpyrnpeucjuwy/Build/Products/Release/PasteAsFile.app/Contents/Frameworks --scan-folder /Users/bf/Library/Developer/Xcode/DerivedData/PasteAsFile-dgpbpeznkgqoaobgpyrnpeucjuwy/Build/Products/Release/PasteAsFile.app/Contents/PlugIns --scan-folder /Users/bf/Library/Developer/Xcode/DerivedData/PasteAsFile-dgpbpeznkgqoaobgpyrnpeucjuwy/Build/Products/Release/PasteAsFile.app/Contents/Library/SystemExtensions --scan-folder /Users/bf/Library/Developer/Xcode/DerivedData/PasteAsFile-dgpbpeznkgqoaobgpyrnpeucjuwy/Build/Products/Release/PasteAsFile.app/Contents/Extensions --scan-folder /Applications/Xcode.app/Contents/Developer/Platforms/MacOSX.platform/Developer/SDKs/MacOSX26.0.sdk/System/Library/Frameworks/Cocoa.framework --platform macosx --toolchain /Applications/Xcode.app/Contents/Developer/Toolchains/XcodeDefault.xctoolchain --destination /Users/bf/Library/Developer/Xcode/DerivedData/PasteAsFile-dgpbpeznkgqoaobgpyrnpeucjuwy/Build/Products/Release/PasteAsFile.app/Contents/Frameworks --strip-bitcode --strip-bitcode-tool /Applications/Xcode.app/Contents/Developer/Toolchains/XcodeDefault.xctoolchain/usr/bin/bitcode_strip --emit-dependency-info /Users/bf/Library/Developer/Xcode/DerivedData/PasteAsFile-dgpbpeznkgqoaobgpyrnpeucjuwy/Build/Intermediates.noindex/PasteAsFile.build/Release/PasteAsFile.build/SwiftStdLibToolInputDependencies.dep --filter-for-swift-os --back-deploy-swift-span

ExtractAppIntentsMetadata (in target 'PasteAsFile' from project 'PasteAsFile')
    cd /Users/bf/Library/CloudStorage/GoogleDrive-bernynoussi@gmail.com/Mon\ Drive/Formation/Collège\ BDEB/ETE_2026/420-A60-BB\ ALGORITHMES\ D\'APPRENTISSAGE\ PROFOND/Examen\ Final/PasteAsFile
    /Applications/Xcode.app/Contents/Developer/Toolchains/XcodeDefault.xctoolchain/usr/bin/appintentsmetadataprocessor --toolchain-dir /Applications/Xcode.app/Contents/Developer/Toolchains/XcodeDefault.xctoolchain --module-name PasteAsFile --sdk-root /Applications/Xcode.app/Contents/Developer/Platforms/MacOSX.platform/Developer/SDKs/MacOSX27.0.sdk --xcode-version 27A266a --platform-family macOS --deployment-target 13.0 --bundle-identifier org.pasteasfile.PasteAsFile --output /Users/bf/Library/Developer/Xcode/DerivedData/PasteAsFile-dgpbpeznkgqoaobgpyrnpeucjuwy/Build/Products/Release/PasteAsFile.app/Contents/Resources --target-triple arm64-apple-macos13.0 --target-triple x86_64-apple-macos13.0 --binary-file /Users/bf/Library/Developer/Xcode/DerivedData/PasteAsFile-dgpbpeznkgqoaobgpyrnpeucjuwy/Build/Products/Release/PasteAsFile.app/Contents/MacOS/PasteAsFile --dependency-file /Users/bf/Library/Developer/Xcode/DerivedData/PasteAsFile-dgpbpeznkgqoaobgpyrnpeucjuwy/Build/Intermediates.noindex/PasteAsFile.build/Release/PasteAsFile.build/Objects-normal/arm64/PasteAsFile_dependency_info.dat --dependency-file /Users/bf/Library/Developer/Xcode/DerivedData/PasteAsFile-dgpbpeznkgqoaobgpyrnpeucjuwy/Build/Intermediates.noindex/PasteAsFile.build/Release/PasteAsFile.build/Objects-normal/x86_64/PasteAsFile_dependency_info.dat --stringsdata-file /Users/bf/Library/Developer/Xcode/DerivedData/PasteAsFile-dgpbpeznkgqoaobgpyrnpeucjuwy/Build/Intermediates.noindex/PasteAsFile.build/Release/PasteAsFile.build/Objects-normal/arm64/ExtractedAppShortcutsMetadata.stringsdata --stringsdata-file /Users/bf/Library/Developer/Xcode/DerivedData/PasteAsFile-dgpbpeznkgqoaobgpyrnpeucjuwy/Build/Intermediates.noindex/PasteAsFile.build/Release/PasteAsFile.build/Objects-normal/x86_64/ExtractedAppShortcutsMetadata.stringsdata --source-file-list /Users/bf/Library/Developer/Xcode/DerivedData/PasteAsFile-dgpbpeznkgqoaobgpyrnpeucjuwy/Build/Intermediates.noindex/PasteAsFile.build/Release/PasteAsFile.build/Objects-normal/arm64/PasteAsFile.SwiftFileList --source-file-list /Users/bf/Library/Developer/Xcode/DerivedData/PasteAsFile-dgpbpeznkgqoaobgpyrnpeucjuwy/Build/Intermediates.noindex/PasteAsFile.build/Release/PasteAsFile.build/Objects-normal/x86_64/PasteAsFile.SwiftFileList --metadata-file-list /Users/bf/Library/Developer/Xcode/DerivedData/PasteAsFile-dgpbpeznkgqoaobgpyrnpeucjuwy/Build/Intermediates.noindex/PasteAsFile.build/Release/PasteAsFile.build/PasteAsFile.DependencyMetadataFileList --static-metadata-file-list /Users/bf/Library/Developer/Xcode/DerivedData/PasteAsFile-dgpbpeznkgqoaobgpyrnpeucjuwy/Build/Intermediates.noindex/PasteAsFile.build/Release/PasteAsFile.build/PasteAsFile.DependencyStaticMetadataFileList --swift-const-vals-list /Users/bf/Library/Developer/Xcode/DerivedData/PasteAsFile-dgpbpeznkgqoaobgpyrnpeucjuwy/Build/Intermediates.noindex/PasteAsFile.build/Release/PasteAsFile.build/Objects-normal/arm64/PasteAsFile.SwiftConstValuesFileList --swift-const-vals-list /Users/bf/Library/Developer/Xcode/DerivedData/PasteAsFile-dgpbpeznkgqoaobgpyrnpeucjuwy/Build/Intermediates.noindex/PasteAsFile.build/Release/PasteAsFile.build/Objects-normal/x86_64/PasteAsFile.SwiftConstValuesFileList --compile-time-extraction --deployment-aware-processing --no-app-shortcuts-localization
2026-09-30 06:21:52.300 appintentsmetadataprocessor[82707:9186665] Starting appintentsmetadataprocessor export
2026-09-30 06:21:52.303 appintentsmetadataprocessor[82707:9186665] warning: Metadata extraction skipped, no AppIntents.framework dependency found

GenerateDSYMFile /Users/bf/Library/Developer/Xcode/DerivedData/PasteAsFile-dgpbpeznkgqoaobgpyrnpeucjuwy/Build/Products/Release/PasteAsFile.app.dSYM /Users/bf/Library/Developer/Xcode/DerivedData/PasteAsFile-dgpbpeznkgqoaobgpyrnpeucjuwy/Build/Products/Release/PasteAsFile.app/Contents/MacOS/PasteAsFile (in target 'PasteAsFile' from project 'PasteAsFile')
    cd /Users/bf/Library/CloudStorage/GoogleDrive-bernynoussi@gmail.com/Mon\ Drive/Formation/Collège\ BDEB/ETE_2026/420-A60-BB\ ALGORITHMES\ D\'APPRENTISSAGE\ PROFOND/Examen\ Final/PasteAsFile
    export PATH\=/Applications/Xcode.app/Contents/SharedFrameworks/SwiftBuild.framework/Versions/A/PlugIns/SWBBuildService.bundle/Contents/PlugIns/SWBUniversalPlatformPlugin.bundle/Contents/Frameworks/SWBUniversalPlatform.framework/Resources:/Applications/Xcode.app/Contents/Developer/Toolchains/XcodeDefault.xctoolchain/usr/bin:/Applications/Xcode.app/Contents/Developer/Toolchains/XcodeDefault.xctoolchain/usr/local/bin:/Applications/Xcode.app/Contents/Developer/Toolchains/XcodeDefault.xctoolchain/usr/libexec:/Applications/Xcode.app/Contents/Developer/Platforms/MacOSX.platform/usr/bin:/Applications/Xcode.app/Contents/Developer/Platforms/MacOSX.platform/usr/local/bin:/Applications/Xcode.app/Contents/Developer/Platforms/MacOSX.platform/Developer/usr/bin:/Applications/Xcode.app/Contents/Developer/Platforms/MacOSX.platform/Developer/usr/local/bin:/Applications/Xcode.app/Contents/Developer/usr/bin:/Applications/Xcode.app/Contents/Developer/usr/local/bin:/Users/bf/.local/bin:/usr/local/bin:/System/Cryptexes/App/usr/bin:/usr/bin:/bin:/usr/sbin:/sbin:/var/run/com.apple.security.cryptexd/codex.system/bootstrap/usr/local/bin:/var/run/com.apple.security.cryptexd/codex.system/bootstrap/usr/bin:/var/run/com.apple.security.cryptexd/codex.system/bootstrap/usr/appleinternal/bin:/pkg/env/global/bin:/Library/Apple/usr/bin:/opt/homebrew/bin:/Users/bf/bin:/Users/bf/.codex/browser-tools/bin:/Users/bf/.holo/bin:/Users/bf/.opencode/bin:/opt/homebrew/sbin:/Users/bf/.cargo/bin:/Applications/iTerm.app/Contents/Resources/utilities:/Users/bf/.orbstack/bin:/Users/bf/.dotnet:/usr/local/sbin:/Users/bf/.hermes/node/bin:/Users/bf/.hermes/node:/Users/bf/.hermes/bin
    /Applications/Xcode.app/Contents/Developer/Toolchains/XcodeDefault.xctoolchain/usr/bin/dsymutil /Users/bf/Library/Developer/Xcode/DerivedData/PasteAsFile-dgpbpeznkgqoaobgpyrnpeucjuwy/Build/Products/Release/PasteAsFile.app/Contents/MacOS/PasteAsFile -o /Users/bf/Library/Developer/Xcode/DerivedData/PasteAsFile-dgpbpeznkgqoaobgpyrnpeucjuwy/Build/Products/Release/PasteAsFile.app.dSYM

CodeSign /Users/bf/Library/Developer/Xcode/DerivedData/PasteAsFile-dgpbpeznkgqoaobgpyrnpeucjuwy/Build/Products/Release/PasteAsFile.app (in target 'PasteAsFile' from project 'PasteAsFile')
    cd /Users/bf/Library/CloudStorage/GoogleDrive-bernynoussi@gmail.com/Mon\ Drive/Formation/Collège\ BDEB/ETE_2026/420-A60-BB\ ALGORITHMES\ D\'APPRENTISSAGE\ PROFOND/Examen\ Final/PasteAsFile
    
    Signing Identity:     "Sign to Run Locally"
    
    /usr/bin/codesign --force --sign - --entitlements /Users/bf/Library/Developer/Xcode/DerivedData/PasteAsFile-dgpbpeznkgqoaobgpyrnpeucjuwy/Build/Intermediates.noindex/PasteAsFile.build/Release/PasteAsFile.build/PasteAsFile.app.xcent --timestamp\=none --generate-entitlement-der /Users/bf/Library/Developer/Xcode/DerivedData/PasteAsFile-dgpbpeznkgqoaobgpyrnpeucjuwy/Build/Products/Release/PasteAsFile.app

ValidateEmbeddedBinary /Users/bf/Library/Developer/Xcode/DerivedData/PasteAsFile-dgpbpeznkgqoaobgpyrnpeucjuwy/Build/Products/Release/PasteAsFile.app/Contents/PlugIns/PasteAsFileFinder.appex (in target 'PasteAsFile' from project 'PasteAsFile')
    cd /Users/bf/Library/CloudStorage/GoogleDrive-bernynoussi@gmail.com/Mon\ Drive/Formation/Collège\ BDEB/ETE_2026/420-A60-BB\ ALGORITHMES\ D\'APPRENTISSAGE\ PROFOND/Examen\ Final/PasteAsFile
    /Applications/Xcode.app/Contents/Developer/usr/bin/embeddedBinaryValidationUtility /Users/bf/Library/Developer/Xcode/DerivedData/PasteAsFile-dgpbpeznkgqoaobgpyrnpeucjuwy/Build/Products/Release/PasteAsFile.app/Contents/PlugIns/PasteAsFileFinder.appex -signing-cert - -info-plist-path /Users/bf/Library/Developer/Xcode/DerivedData/PasteAsFile-dgpbpeznkgqoaobgpyrnpeucjuwy/Build/Products/Release/PasteAsFile.app/Contents/Info.plist

RegisterExecutionPolicyException /Users/bf/Library/Developer/Xcode/DerivedData/PasteAsFile-dgpbpeznkgqoaobgpyrnpeucjuwy/Build/Products/Release/PasteAsFile.app (in target 'PasteAsFile' from project 'PasteAsFile')
    cd /Users/bf/Library/CloudStorage/GoogleDrive-bernynoussi@gmail.com/Mon\ Drive/Formation/Collège\ BDEB/ETE_2026/420-A60-BB\ ALGORITHMES\ D\'APPRENTISSAGE\ PROFOND/Examen\ Final/PasteAsFile
    builtin-RegisterExecutionPolicyException /Users/bf/Library/Developer/Xcode/DerivedData/PasteAsFile-dgpbpeznkgqoaobgpyrnpeucjuwy/Build/Products/Release/PasteAsFile.app

Validate /Users/bf/Library/Developer/Xcode/DerivedData/PasteAsFile-dgpbpeznkgqoaobgpyrnpeucjuwy/Build/Products/Release/PasteAsFile.app (in target 'PasteAsFile' from project 'PasteAsFile')
    cd /Users/bf/Library/CloudStorage/GoogleDrive-bernynoussi@gmail.com/Mon\ Drive/Formation/Collège\ BDEB/ETE_2026/420-A60-BB\ ALGORITHMES\ D\'APPRENTISSAGE\ PROFOND/Examen\ Final/PasteAsFile
    builtin-validationUtility /Users/bf/Library/Developer/Xcode/DerivedData/PasteAsFile-dgpbpeznkgqoaobgpyrnpeucjuwy/Build/Products/Release/PasteAsFile.app -no-validate-extension -infoplist-subpath Contents/Info.plist

Touch /Users/bf/Library/Developer/Xcode/DerivedData/PasteAsFile-dgpbpeznkgqoaobgpyrnpeucjuwy/Build/Products/Release/PasteAsFile.app (in target 'PasteAsFile' from project 'PasteAsFile')
    cd /Users/bf/Library/CloudStorage/GoogleDrive-bernynoussi@gmail.com/Mon\ Drive/Formation/Collège\ BDEB/ETE_2026/420-A60-BB\ ALGORITHMES\ D\'APPRENTISSAGE\ PROFOND/Examen\ Final/PasteAsFile
    /usr/bin/touch -c /Users/bf/Library/Developer/Xcode/DerivedData/PasteAsFile-dgpbpeznkgqoaobgpyrnpeucjuwy/Build/Products/Release/PasteAsFile.app

RegisterWithLaunchServices /Users/bf/Library/Developer/Xcode/DerivedData/PasteAsFile-dgpbpeznkgqoaobgpyrnpeucjuwy/Build/Products/Release/PasteAsFile.app (in target 'PasteAsFile' from project 'PasteAsFile')
    cd /Users/bf/Library/CloudStorage/GoogleDrive-bernynoussi@gmail.com/Mon\ Drive/Formation/Collège\ BDEB/ETE_2026/420-A60-BB\ ALGORITHMES\ D\'APPRENTISSAGE\ PROFOND/Examen\ Final/PasteAsFile
    builtin-lsregisterurl --record-path /Users/bf/Library/Developer/Xcode/DerivedData/PasteAsFile-dgpbpeznkgqoaobgpyrnpeucjuwy/Build/Intermediates.noindex/XCBuildData/registered-launchservices.txt -- /System/Library/Frameworks/CoreServices.framework/Versions/Current/Frameworks/LaunchServices.framework/Versions/Current/Support/lsregister -f -R -trusted /Users/bf/Library/Developer/Xcode/DerivedData/PasteAsFile-dgpbpeznkgqoaobgpyrnpeucjuwy/Build/Products/Release/PasteAsFile.app

PruneExplicitPrecompiledModules /Users/bf/Library/Developer/Xcode/DerivedData/PasteAsFile-dgpbpeznkgqoaobgpyrnpeucjuwy/Build/Intermediates.noindex/SwiftExplicitPrecompiledModules

PruneExplicitPrecompiledModules /Users/bf/Library/Developer/Xcode/DerivedData/SDKExplicitPrecompiledModules

PruneExplicitPrecompiledModules /Users/bf/Library/Developer/Xcode/DerivedData/PasteAsFile-dgpbpeznkgqoaobgpyrnpeucjuwy/Build/Intermediates.noindex/ExplicitPrecompiledModules

** BUILD SUCCEEDED **

