Building for debugging...
[Planning deferred tasks]
[28 / 52]
[29 / 53] PasteAsFileCore
[38 / 89]
[41 / 89]
[46 / 89]
[48 / 89]
[51 / 89]
[53 / 89]
[55 / 89]
[57 / 89]
[60 / 89]
[61 / 89]
[62 / 89]
[63 / 89]
[65 / 89] PasteAsFileCore
[73 / 89] PasteAsFileCore
[79 / 90] PasteAsFileCoreTests-product
[94 / 127]
[99 / 127]
[103 / 127]
[104 / 127]
[106 / 127]
[109 / 127]
[110 / 127]
[112 / 127]
[113 / 127]
[116 / 127] PasteAsFileCoreTests-product
[121 / 127] PasteAsFileCoreTests-product
[123 / 127] PasteAsFileCoreTests-product
/Users/bf/Library/CloudStorage/GoogleDrive-bernynoussi@gmail.com/Mon Drive/Formation/Collège BDEB/ETE_2026/420-A60-BB ALGORITHMES D'APPRENTISSAGE PROFOND/Examen Final/PasteAsFile/.build/out/Products/Debug/PasteAsFileCoreTests.xctest: resource fork, Finder information, or similar detritus not allowed
error: CodeSign /Users/bf/Library/CloudStorage/GoogleDrive-bernynoussi@gmail.com/Mon\ Drive/Formation/Collège\ BDEB/ETE_2026/420-A60-BB\ ALGORITHMES\ D\'APPRENTISSAGE\ PROFOND/Examen\ Final/PasteAsFile/.build/out/Products/Debug/PasteAsFileCoreTests.xctest failed with a nonzero exit code. Command line:     cd /Users/bf/Library/CloudStorage/GoogleDrive-bernynoussi@gmail.com/Mon\ Drive/Formation/Collège\ BDEB/ETE_2026/420-A60-BB\ ALGORITHMES\ D\'APPRENTISSAGE\ PROFOND/Examen\ Final/PasteAsFile
    
    Signing Identity:     "-"
    
    /usr/bin/codesign --force --sign - --entitlements /Users/bf/Library/CloudStorage/GoogleDrive-bernynoussi@gmail.com/Mon\ Drive/Formation/Collège\ BDEB/ETE_2026/420-A60-BB\ ALGORITHMES\ D\'APPRENTISSAGE\ PROFOND/Examen\ Final/PasteAsFile/.build/out/Intermediates.noindex/PasteAsFileCore.build/Debug/PasteAsFileCoreTests-p.build/PasteAsFileCoreTests.xctest.xcent --timestamp\=none --generate-entitlement-der /Users/bf/Library/CloudStorage/GoogleDrive-bernynoussi@gmail.com/Mon\ Drive/Formation/Collège\ BDEB/ETE_2026/420-A60-BB\ ALGORITHMES\ D\'APPRENTISSAGE\ PROFOND/Examen\ Final/PasteAsFile/.build/out/Products/Debug/PasteAsFileCoreTests.xctest
error: Build failed
error: fatalError
Command line invocation:
    /Applications/Xcode.app/Contents/Developer/usr/bin/xcodebuild -project PasteAsFile.xcodeproj -alltargets -configuration Release build

ComputePackagePrebuildTargetDependencyGraph

Prepare packages

CreateBuildRequest

SendProjectDescription

CreateBuildOperation

ComputeTargetDependencyGraph
warning: Building targets in manual order is deprecated - check "Parallelize build for command-line builds" in the project editor, or set DISABLE_MANUAL_TARGET_ORDER_BUILD_WARNING in any of the targets in the current build to suppress this warning
note: Target dependency graph (2 targets)
    Target 'PasteAsFile' in project 'PasteAsFile'
        ➜ Explicit dependency on target 'PasteAsFileFinder' in project 'PasteAsFile'
    Target 'PasteAsFileFinder' in project 'PasteAsFile' (no dependencies)

GatherProvisioningInputs

CreateBuildDescription

ExecuteExternalTool /Applications/Xcode.app/Contents/Developer/Toolchains/XcodeDefault.xctoolchain/usr/bin/clang -v -E -dM -isysroot /Applications/Xcode.app/Contents/Developer/Platforms/MacOSX.platform/Developer/SDKs/MacOSX27.0.sdk -x c -c /dev/null

ExecuteExternalTool /Applications/Xcode.app/Contents/Developer/Toolchains/XcodeDefault.xctoolchain/usr/bin/swiftc --version

ExecuteExternalTool /Applications/Xcode.app/Contents/Developer/Toolchains/XcodeDefault.xctoolchain/usr/bin/ld -version_details

Build description signature: b2822d57ceadba82c9d3443e04b0fae3
Build description path: /Users/bf/Library/CloudStorage/GoogleDrive-bernynoussi@gmail.com/Mon Drive/Formation/Collège BDEB/ETE_2026/420-A60-BB ALGORITHMES D'APPRENTISSAGE PROFOND/Examen Final/PasteAsFile/build/XCBuildData/b2822d57ceadba82c9d3443e04b0fae3.xcbuilddata
CreateBuildDirectory /var/folders/sm/l4mlp9mj4sqg28sl7qrbyx080000gn/C/com.apple.DeveloperTools/27.0-27A266a/Xcode/CompilationCache.noindex
    cd /Users/bf/Library/CloudStorage/GoogleDrive-bernynoussi@gmail.com/Mon\ Drive/Formation/Collège\ BDEB/ETE_2026/420-A60-BB\ ALGORITHMES\ D\'APPRENTISSAGE\ PROFOND/Examen\ Final/PasteAsFile/PasteAsFile.xcodeproj
    builtin-create-build-directory /var/folders/sm/l4mlp9mj4sqg28sl7qrbyx080000gn/C/com.apple.DeveloperTools/27.0-27A266a/Xcode/CompilationCache.noindex

ClangStatCache /Applications/Xcode.app/Contents/Developer/Toolchains/XcodeDefault.xctoolchain/usr/bin/clang-stat-cache /Applications/Xcode.app/Contents/Developer/Platforms/MacOSX.platform/Developer/SDKs/MacOSX27.0.sdk /var/folders/sm/l4mlp9mj4sqg28sl7qrbyx080000gn/C/com.apple.DeveloperTools/27.0-27A266a/Xcode/SDKStatCaches.noindex/macosx27.0-26A425-7231f6df4def33e022ae2eb8f782df1a.sdkstatcache
    cd /Users/bf/Library/CloudStorage/GoogleDrive-bernynoussi@gmail.com/Mon\ Drive/Formation/Collège\ BDEB/ETE_2026/420-A60-BB\ ALGORITHMES\ D\'APPRENTISSAGE\ PROFOND/Examen\ Final/PasteAsFile/PasteAsFile.xcodeproj
    /Applications/Xcode.app/Contents/Developer/Toolchains/XcodeDefault.xctoolchain/usr/bin/clang-stat-cache /Applications/Xcode.app/Contents/Developer/Platforms/MacOSX.platform/Developer/SDKs/MacOSX27.0.sdk -o /var/folders/sm/l4mlp9mj4sqg28sl7qrbyx080000gn/C/com.apple.DeveloperTools/27.0-27A266a/Xcode/SDKStatCaches.noindex/macosx27.0-26A425-7231f6df4def33e022ae2eb8f782df1a.sdkstatcache

CreateBuildDirectory /Users/bf/Library/CloudStorage/GoogleDrive-bernynoussi@gmail.com/Mon\ Drive/Formation/Collège\ BDEB/ETE_2026/420-A60-BB\ ALGORITHMES\ D\'APPRENTISSAGE\ PROFOND/Examen\ Final/PasteAsFile/build
    cd /Users/bf/Library/CloudStorage/GoogleDrive-bernynoussi@gmail.com/Mon\ Drive/Formation/Collège\ BDEB/ETE_2026/420-A60-BB\ ALGORITHMES\ D\'APPRENTISSAGE\ PROFOND/Examen\ Final/PasteAsFile/PasteAsFile.xcodeproj
    builtin-create-build-directory /Users/bf/Library/CloudStorage/GoogleDrive-bernynoussi@gmail.com/Mon\ Drive/Formation/Collège\ BDEB/ETE_2026/420-A60-BB\ ALGORITHMES\ D\'APPRENTISSAGE\ PROFOND/Examen\ Final/PasteAsFile/build

CreateBuildDirectory /Users/bf/Library/CloudStorage/GoogleDrive-bernynoussi@gmail.com/Mon\ Drive/Formation/Collège\ BDEB/ETE_2026/420-A60-BB\ ALGORITHMES\ D\'APPRENTISSAGE\ PROFOND/Examen\ Final/PasteAsFile/build/SwiftExplicitPrecompiledModules
    cd /Users/bf/Library/CloudStorage/GoogleDrive-bernynoussi@gmail.com/Mon\ Drive/Formation/Collège\ BDEB/ETE_2026/420-A60-BB\ ALGORITHMES\ D\'APPRENTISSAGE\ PROFOND/Examen\ Final/PasteAsFile/PasteAsFile.xcodeproj
    builtin-create-build-directory /Users/bf/Library/CloudStorage/GoogleDrive-bernynoussi@gmail.com/Mon\ Drive/Formation/Collège\ BDEB/ETE_2026/420-A60-BB\ ALGORITHMES\ D\'APPRENTISSAGE\ PROFOND/Examen\ Final/PasteAsFile/build/SwiftExplicitPrecompiledModules

CreateBuildDirectory /Users/bf/Library/CloudStorage/GoogleDrive-bernynoussi@gmail.com/Mon\ Drive/Formation/Collège\ BDEB/ETE_2026/420-A60-BB\ ALGORITHMES\ D\'APPRENTISSAGE\ PROFOND/Examen\ Final/PasteAsFile/build/Release
    cd /Users/bf/Library/CloudStorage/GoogleDrive-bernynoussi@gmail.com/Mon\ Drive/Formation/Collège\ BDEB/ETE_2026/420-A60-BB\ ALGORITHMES\ D\'APPRENTISSAGE\ PROFOND/Examen\ Final/PasteAsFile/PasteAsFile.xcodeproj
    builtin-create-build-directory /Users/bf/Library/CloudStorage/GoogleDrive-bernynoussi@gmail.com/Mon\ Drive/Formation/Collège\ BDEB/ETE_2026/420-A60-BB\ ALGORITHMES\ D\'APPRENTISSAGE\ PROFOND/Examen\ Final/PasteAsFile/build/Release

CreateBuildDirectory /Users/bf/Library/CloudStorage/GoogleDrive-bernynoussi@gmail.com/Mon\ Drive/Formation/Collège\ BDEB/ETE_2026/420-A60-BB\ ALGORITHMES\ D\'APPRENTISSAGE\ PROFOND/Examen\ Final/PasteAsFile/build/SharedPrecompiledHeaders
    cd /Users/bf/Library/CloudStorage/GoogleDrive-bernynoussi@gmail.com/Mon\ Drive/Formation/Collège\ BDEB/ETE_2026/420-A60-BB\ ALGORITHMES\ D\'APPRENTISSAGE\ PROFOND/Examen\ Final/PasteAsFile/PasteAsFile.xcodeproj
    builtin-create-build-directory /Users/bf/Library/CloudStorage/GoogleDrive-bernynoussi@gmail.com/Mon\ Drive/Formation/Collège\ BDEB/ETE_2026/420-A60-BB\ ALGORITHMES\ D\'APPRENTISSAGE\ PROFOND/Examen\ Final/PasteAsFile/build/SharedPrecompiledHeaders

CreateBuildDirectory /Users/bf/Library/CloudStorage/GoogleDrive-bernynoussi@gmail.com/Mon\ Drive/Formation/Collège\ BDEB/ETE_2026/420-A60-BB\ ALGORITHMES\ D\'APPRENTISSAGE\ PROFOND/Examen\ Final/PasteAsFile/build/ExplicitPrecompiledModules
    cd /Users/bf/Library/CloudStorage/GoogleDrive-bernynoussi@gmail.com/Mon\ Drive/Formation/Collège\ BDEB/ETE_2026/420-A60-BB\ ALGORITHMES\ D\'APPRENTISSAGE\ PROFOND/Examen\ Final/PasteAsFile/PasteAsFile.xcodeproj
    builtin-create-build-directory /Users/bf/Library/CloudStorage/GoogleDrive-bernynoussi@gmail.com/Mon\ Drive/Formation/Collège\ BDEB/ETE_2026/420-A60-BB\ ALGORITHMES\ D\'APPRENTISSAGE\ PROFOND/Examen\ Final/PasteAsFile/build/ExplicitPrecompiledModules

CreateBuildDirectory /Users/bf/Library/CloudStorage/GoogleDrive-bernynoussi@gmail.com/Mon\ Drive/Formation/Collège\ BDEB/ETE_2026/420-A60-BB\ ALGORITHMES\ D\'APPRENTISSAGE\ PROFOND/Examen\ Final/PasteAsFile/build/EagerLinkingTBDs/Release
    cd /Users/bf/Library/CloudStorage/GoogleDrive-bernynoussi@gmail.com/Mon\ Drive/Formation/Collège\ BDEB/ETE_2026/420-A60-BB\ ALGORITHMES\ D\'APPRENTISSAGE\ PROFOND/Examen\ Final/PasteAsFile/PasteAsFile.xcodeproj
    builtin-create-build-directory /Users/bf/Library/CloudStorage/GoogleDrive-bernynoussi@gmail.com/Mon\ Drive/Formation/Collège\ BDEB/ETE_2026/420-A60-BB\ ALGORITHMES\ D\'APPRENTISSAGE\ PROFOND/Examen\ Final/PasteAsFile/build/EagerLinkingTBDs/Release

WriteAuxiliaryFile /Users/bf/Library/CloudStorage/GoogleDrive-bernynoussi@gmail.com/Mon\ Drive/Formation/Collège\ BDEB/ETE_2026/420-A60-BB\ ALGORITHMES\ D\'APPRENTISSAGE\ PROFOND/Examen\ Final/PasteAsFile/build/PasteAsFile.build/Release/PasteAsFile-7784b8919344372dd65da9ef1d65dc4a-VFS/all-product-headers.yaml
    cd /Users/bf/Library/CloudStorage/GoogleDrive-bernynoussi@gmail.com/Mon\ Drive/Formation/Collège\ BDEB/ETE_2026/420-A60-BB\ ALGORITHMES\ D\'APPRENTISSAGE\ PROFOND/Examen\ Final/PasteAsFile/PasteAsFile.xcodeproj
    write-file /Users/bf/Library/CloudStorage/GoogleDrive-bernynoussi@gmail.com/Mon\ Drive/Formation/Collège\ BDEB/ETE_2026/420-A60-BB\ ALGORITHMES\ D\'APPRENTISSAGE\ PROFOND/Examen\ Final/PasteAsFile/build/PasteAsFile.build/Release/PasteAsFile-7784b8919344372dd65da9ef1d65dc4a-VFS/all-product-headers.yaml

WriteAuxiliaryFile /Users/bf/Library/CloudStorage/GoogleDrive-bernynoussi@gmail.com/Mon\ Drive/Formation/Collège\ BDEB/ETE_2026/420-A60-BB\ ALGORITHMES\ D\'APPRENTISSAGE\ PROFOND/Examen\ Final/PasteAsFile/build/PasteAsFile.build/Release/PasteAsFileFinder.build/PasteAsFileFinder-project-headers.hmap (in target 'PasteAsFileFinder' from project 'PasteAsFile')
    cd /Users/bf/Library/CloudStorage/GoogleDrive-bernynoussi@gmail.com/Mon\ Drive/Formation/Collège\ BDEB/ETE_2026/420-A60-BB\ ALGORITHMES\ D\'APPRENTISSAGE\ PROFOND/Examen\ Final/PasteAsFile
    write-file /Users/bf/Library/CloudStorage/GoogleDrive-bernynoussi@gmail.com/Mon\ Drive/Formation/Collège\ BDEB/ETE_2026/420-A60-BB\ ALGORITHMES\ D\'APPRENTISSAGE\ PROFOND/Examen\ Final/PasteAsFile/build/PasteAsFile.build/Release/PasteAsFileFinder.build/PasteAsFileFinder-project-headers.hmap

WriteAuxiliaryFile /Users/bf/Library/CloudStorage/GoogleDrive-bernynoussi@gmail.com/Mon\ Drive/Formation/Collège\ BDEB/ETE_2026/420-A60-BB\ ALGORITHMES\ D\'APPRENTISSAGE\ PROFOND/Examen\ Final/PasteAsFile/build/PasteAsFile.build/Release/PasteAsFileFinder.build/PasteAsFileFinder-all-target-headers.hmap (in target 'PasteAsFileFinder' from project 'PasteAsFile')
    cd /Users/bf/Library/CloudStorage/GoogleDrive-bernynoussi@gmail.com/Mon\ Drive/Formation/Collège\ BDEB/ETE_2026/420-A60-BB\ ALGORITHMES\ D\'APPRENTISSAGE\ PROFOND/Examen\ Final/PasteAsFile
    write-file /Users/bf/Library/CloudStorage/GoogleDrive-bernynoussi@gmail.com/Mon\ Drive/Formation/Collège\ BDEB/ETE_2026/420-A60-BB\ ALGORITHMES\ D\'APPRENTISSAGE\ PROFOND/Examen\ Final/PasteAsFile/build/PasteAsFile.build/Release/PasteAsFileFinder.build/PasteAsFileFinder-all-target-headers.hmap

WriteAuxiliaryFile /Users/bf/Library/CloudStorage/GoogleDrive-bernynoussi@gmail.com/Mon\ Drive/Formation/Collège\ BDEB/ETE_2026/420-A60-BB\ ALGORITHMES\ D\'APPRENTISSAGE\ PROFOND/Examen\ Final/PasteAsFile/build/PasteAsFile.build/Release/PasteAsFileFinder.build/PasteAsFileFinder-all-non-framework-target-headers.hmap (in target 'PasteAsFileFinder' from project 'PasteAsFile')
    cd /Users/bf/Library/CloudStorage/GoogleDrive-bernynoussi@gmail.com/Mon\ Drive/Formation/Collège\ BDEB/ETE_2026/420-A60-BB\ ALGORITHMES\ D\'APPRENTISSAGE\ PROFOND/Examen\ Final/PasteAsFile
    write-file /Users/bf/Library/CloudStorage/GoogleDrive-bernynoussi@gmail.com/Mon\ Drive/Formation/Collège\ BDEB/ETE_2026/420-A60-BB\ ALGORITHMES\ D\'APPRENTISSAGE\ PROFOND/Examen\ Final/PasteAsFile/build/PasteAsFile.build/Release/PasteAsFileFinder.build/PasteAsFileFinder-all-non-framework-target-headers.hmap

WriteAuxiliaryFile /Users/bf/Library/CloudStorage/GoogleDrive-bernynoussi@gmail.com/Mon\ Drive/Formation/Collège\ BDEB/ETE_2026/420-A60-BB\ ALGORITHMES\ D\'APPRENTISSAGE\ PROFOND/Examen\ Final/PasteAsFile/build/PasteAsFile.build/Release/PasteAsFileFinder.build/PasteAsFileFinder.DependencyStaticMetadataFileList (in target 'PasteAsFileFinder' from project 'PasteAsFile')
    cd /Users/bf/Library/CloudStorage/GoogleDrive-bernynoussi@gmail.com/Mon\ Drive/Formation/Collège\ BDEB/ETE_2026/420-A60-BB\ ALGORITHMES\ D\'APPRENTISSAGE\ PROFOND/Examen\ Final/PasteAsFile
    write-file /Users/bf/Library/CloudStorage/GoogleDrive-bernynoussi@gmail.com/Mon\ Drive/Formation/Collège\ BDEB/ETE_2026/420-A60-BB\ ALGORITHMES\ D\'APPRENTISSAGE\ PROFOND/Examen\ Final/PasteAsFile/build/PasteAsFile.build/Release/PasteAsFileFinder.build/PasteAsFileFinder.DependencyStaticMetadataFileList

WriteAuxiliaryFile /Users/bf/Library/CloudStorage/GoogleDrive-bernynoussi@gmail.com/Mon\ Drive/Formation/Collège\ BDEB/ETE_2026/420-A60-BB\ ALGORITHMES\ D\'APPRENTISSAGE\ PROFOND/Examen\ Final/PasteAsFile/build/PasteAsFile.build/Release/PasteAsFileFinder.build/PasteAsFileFinder.DependencyMetadataFileList (in target 'PasteAsFileFinder' from project 'PasteAsFile')
    cd /Users/bf/Library/CloudStorage/GoogleDrive-bernynoussi@gmail.com/Mon\ Drive/Formation/Collège\ BDEB/ETE_2026/420-A60-BB\ ALGORITHMES\ D\'APPRENTISSAGE\ PROFOND/Examen\ Final/PasteAsFile
    write-file /Users/bf/Library/CloudStorage/GoogleDrive-bernynoussi@gmail.com/Mon\ Drive/Formation/Collège\ BDEB/ETE_2026/420-A60-BB\ ALGORITHMES\ D\'APPRENTISSAGE\ PROFOND/Examen\ Final/PasteAsFile/build/PasteAsFile.build/Release/PasteAsFileFinder.build/PasteAsFileFinder.DependencyMetadataFileList

WriteAuxiliaryFile /Users/bf/Library/CloudStorage/GoogleDrive-bernynoussi@gmail.com/Mon\ Drive/Formation/Collège\ BDEB/ETE_2026/420-A60-BB\ ALGORITHMES\ D\'APPRENTISSAGE\ PROFOND/Examen\ Final/PasteAsFile/build/PasteAsFile.build/Release/PasteAsFileFinder.build/PasteAsFileFinder-own-target-headers.hmap (in target 'PasteAsFileFinder' from project 'PasteAsFile')
    cd /Users/bf/Library/CloudStorage/GoogleDrive-bernynoussi@gmail.com/Mon\ Drive/Formation/Collège\ BDEB/ETE_2026/420-A60-BB\ ALGORITHMES\ D\'APPRENTISSAGE\ PROFOND/Examen\ Final/PasteAsFile
    write-file /Users/bf/Library/CloudStorage/GoogleDrive-bernynoussi@gmail.com/Mon\ Drive/Formation/Collège\ BDEB/ETE_2026/420-A60-BB\ ALGORITHMES\ D\'APPRENTISSAGE\ PROFOND/Examen\ Final/PasteAsFile/build/PasteAsFile.build/Release/PasteAsFileFinder.build/PasteAsFileFinder-own-target-headers.hmap

WriteAuxiliaryFile /Users/bf/Library/CloudStorage/GoogleDrive-bernynoussi@gmail.com/Mon\ Drive/Formation/Collège\ BDEB/ETE_2026/420-A60-BB\ ALGORITHMES\ D\'APPRENTISSAGE\ PROFOND/Examen\ Final/PasteAsFile/build/PasteAsFile.build/Release/PasteAsFileFinder.build/PasteAsFileFinder.hmap (in target 'PasteAsFileFinder' from project 'PasteAsFile')
    cd /Users/bf/Library/CloudStorage/GoogleDrive-bernynoussi@gmail.com/Mon\ Drive/Formation/Collège\ BDEB/ETE_2026/420-A60-BB\ ALGORITHMES\ D\'APPRENTISSAGE\ PROFOND/Examen\ Final/PasteAsFile
    write-file /Users/bf/Library/CloudStorage/GoogleDrive-bernynoussi@gmail.com/Mon\ Drive/Formation/Collège\ BDEB/ETE_2026/420-A60-BB\ ALGORITHMES\ D\'APPRENTISSAGE\ PROFOND/Examen\ Final/PasteAsFile/build/PasteAsFile.build/Release/PasteAsFileFinder.build/PasteAsFileFinder.hmap

WriteAuxiliaryFile /Users/bf/Library/CloudStorage/GoogleDrive-bernynoussi@gmail.com/Mon\ Drive/Formation/Collège\ BDEB/ETE_2026/420-A60-BB\ ALGORITHMES\ D\'APPRENTISSAGE\ PROFOND/Examen\ Final/PasteAsFile/build/PasteAsFile.build/Release/PasteAsFileFinder.build/PasteAsFileFinder-generated-files.hmap (in target 'PasteAsFileFinder' from project 'PasteAsFile')
    cd /Users/bf/Library/CloudStorage/GoogleDrive-bernynoussi@gmail.com/Mon\ Drive/Formation/Collège\ BDEB/ETE_2026/420-A60-BB\ ALGORITHMES\ D\'APPRENTISSAGE\ PROFOND/Examen\ Final/PasteAsFile
    write-file /Users/bf/Library/CloudStorage/GoogleDrive-bernynoussi@gmail.com/Mon\ Drive/Formation/Collège\ BDEB/ETE_2026/420-A60-BB\ ALGORITHMES\ D\'APPRENTISSAGE\ PROFOND/Examen\ Final/PasteAsFile/build/PasteAsFile.build/Release/PasteAsFileFinder.build/PasteAsFileFinder-generated-files.hmap

WriteAuxiliaryFile /Users/bf/Library/CloudStorage/GoogleDrive-bernynoussi@gmail.com/Mon\ Drive/Formation/Collège\ BDEB/ETE_2026/420-A60-BB\ ALGORITHMES\ D\'APPRENTISSAGE\ PROFOND/Examen\ Final/PasteAsFile/build/PasteAsFile.build/Release/PasteAsFileFinder.build/DerivedSources/Entitlements.plist (in target 'PasteAsFileFinder' from project 'PasteAsFile')
    cd /Users/bf/Library/CloudStorage/GoogleDrive-bernynoussi@gmail.com/Mon\ Drive/Formation/Collège\ BDEB/ETE_2026/420-A60-BB\ ALGORITHMES\ D\'APPRENTISSAGE\ PROFOND/Examen\ Final/PasteAsFile
    write-file /Users/bf/Library/CloudStorage/GoogleDrive-bernynoussi@gmail.com/Mon\ Drive/Formation/Collège\ BDEB/ETE_2026/420-A60-BB\ ALGORITHMES\ D\'APPRENTISSAGE\ PROFOND/Examen\ Final/PasteAsFile/build/PasteAsFile.build/Release/PasteAsFileFinder.build/DerivedSources/Entitlements.plist

WriteAuxiliaryFile /Users/bf/Library/CloudStorage/GoogleDrive-bernynoussi@gmail.com/Mon\ Drive/Formation/Collège\ BDEB/ETE_2026/420-A60-BB\ ALGORITHMES\ D\'APPRENTISSAGE\ PROFOND/Examen\ Final/PasteAsFile/build/PasteAsFile.build/Release/PasteAsFileFinder.build/Objects-normal/x86_64/PasteAsFileFinder_const_extract_protocols.json (in target 'PasteAsFileFinder' from project 'PasteAsFile')
    cd /Users/bf/Library/CloudStorage/GoogleDrive-bernynoussi@gmail.com/Mon\ Drive/Formation/Collège\ BDEB/ETE_2026/420-A60-BB\ ALGORITHMES\ D\'APPRENTISSAGE\ PROFOND/Examen\ Final/PasteAsFile
    write-file /Users/bf/Library/CloudStorage/GoogleDrive-bernynoussi@gmail.com/Mon\ Drive/Formation/Collège\ BDEB/ETE_2026/420-A60-BB\ ALGORITHMES\ D\'APPRENTISSAGE\ PROFOND/Examen\ Final/PasteAsFile/build/PasteAsFile.build/Release/PasteAsFileFinder.build/Objects-normal/x86_64/PasteAsFileFinder_const_extract_protocols.json

WriteAuxiliaryFile /Users/bf/Library/CloudStorage/GoogleDrive-bernynoussi@gmail.com/Mon\ Drive/Formation/Collège\ BDEB/ETE_2026/420-A60-BB\ ALGORITHMES\ D\'APPRENTISSAGE\ PROFOND/Examen\ Final/PasteAsFile/build/PasteAsFile.build/Release/PasteAsFileFinder.build/Objects-normal/x86_64/PasteAsFileFinder.SwiftFileList (in target 'PasteAsFileFinder' from project 'PasteAsFile')
    cd /Users/bf/Library/CloudStorage/GoogleDrive-bernynoussi@gmail.com/Mon\ Drive/Formation/Collège\ BDEB/ETE_2026/420-A60-BB\ ALGORITHMES\ D\'APPRENTISSAGE\ PROFOND/Examen\ Final/PasteAsFile
    write-file /Users/bf/Library/CloudStorage/GoogleDrive-bernynoussi@gmail.com/Mon\ Drive/Formation/Collège\ BDEB/ETE_2026/420-A60-BB\ ALGORITHMES\ D\'APPRENTISSAGE\ PROFOND/Examen\ Final/PasteAsFile/build/PasteAsFile.build/Release/PasteAsFileFinder.build/Objects-normal/x86_64/PasteAsFileFinder.SwiftFileList

WriteAuxiliaryFile /Users/bf/Library/CloudStorage/GoogleDrive-bernynoussi@gmail.com/Mon\ Drive/Formation/Collège\ BDEB/ETE_2026/420-A60-BB\ ALGORITHMES\ D\'APPRENTISSAGE\ PROFOND/Examen\ Final/PasteAsFile/build/PasteAsFile.build/Release/PasteAsFileFinder.build/Objects-normal/x86_64/PasteAsFileFinder.LinkFileList (in target 'PasteAsFileFinder' from project 'PasteAsFile')
    cd /Users/bf/Library/CloudStorage/GoogleDrive-bernynoussi@gmail.com/Mon\ Drive/Formation/Collège\ BDEB/ETE_2026/420-A60-BB\ ALGORITHMES\ D\'APPRENTISSAGE\ PROFOND/Examen\ Final/PasteAsFile
    write-file /Users/bf/Library/CloudStorage/GoogleDrive-bernynoussi@gmail.com/Mon\ Drive/Formation/Collège\ BDEB/ETE_2026/420-A60-BB\ ALGORITHMES\ D\'APPRENTISSAGE\ PROFOND/Examen\ Final/PasteAsFile/build/PasteAsFile.build/Release/PasteAsFileFinder.build/Objects-normal/x86_64/PasteAsFileFinder.LinkFileList

WriteAuxiliaryFile /Users/bf/Library/CloudStorage/GoogleDrive-bernynoussi@gmail.com/Mon\ Drive/Formation/Collège\ BDEB/ETE_2026/420-A60-BB\ ALGORITHMES\ D\'APPRENTISSAGE\ PROFOND/Examen\ Final/PasteAsFile/build/PasteAsFile.build/Release/PasteAsFileFinder.build/Objects-normal/x86_64/PasteAsFileFinder.SwiftConstValuesFileList (in target 'PasteAsFileFinder' from project 'PasteAsFile')
    cd /Users/bf/Library/CloudStorage/GoogleDrive-bernynoussi@gmail.com/Mon\ Drive/Formation/Collège\ BDEB/ETE_2026/420-A60-BB\ ALGORITHMES\ D\'APPRENTISSAGE\ PROFOND/Examen\ Final/PasteAsFile
    write-file /Users/bf/Library/CloudStorage/GoogleDrive-bernynoussi@gmail.com/Mon\ Drive/Formation/Collège\ BDEB/ETE_2026/420-A60-BB\ ALGORITHMES\ D\'APPRENTISSAGE\ PROFOND/Examen\ Final/PasteAsFile/build/PasteAsFile.build/Release/PasteAsFileFinder.build/Objects-normal/x86_64/PasteAsFileFinder.SwiftConstValuesFileList

WriteAuxiliaryFile /Users/bf/Library/CloudStorage/GoogleDrive-bernynoussi@gmail.com/Mon\ Drive/Formation/Collège\ BDEB/ETE_2026/420-A60-BB\ ALGORITHMES\ D\'APPRENTISSAGE\ PROFOND/Examen\ Final/PasteAsFile/build/PasteAsFile.build/Release/PasteAsFileFinder.build/Objects-normal/x86_64/PasteAsFileFinder-OutputFileMap.json (in target 'PasteAsFileFinder' from project 'PasteAsFile')
    cd /Users/bf/Library/CloudStorage/GoogleDrive-bernynoussi@gmail.com/Mon\ Drive/Formation/Collège\ BDEB/ETE_2026/420-A60-BB\ ALGORITHMES\ D\'APPRENTISSAGE\ PROFOND/Examen\ Final/PasteAsFile
    write-file /Users/bf/Library/CloudStorage/GoogleDrive-bernynoussi@gmail.com/Mon\ Drive/Formation/Collège\ BDEB/ETE_2026/420-A60-BB\ ALGORITHMES\ D\'APPRENTISSAGE\ PROFOND/Examen\ Final/PasteAsFile/build/PasteAsFile.build/Release/PasteAsFileFinder.build/Objects-normal/x86_64/PasteAsFileFinder-OutputFileMap.json

WriteAuxiliaryFile /Users/bf/Library/CloudStorage/GoogleDrive-bernynoussi@gmail.com/Mon\ Drive/Formation/Collège\ BDEB/ETE_2026/420-A60-BB\ ALGORITHMES\ D\'APPRENTISSAGE\ PROFOND/Examen\ Final/PasteAsFile/build/PasteAsFile.build/Release/PasteAsFileFinder.build/Objects-normal/arm64/PasteAsFileFinder_const_extract_protocols.json (in target 'PasteAsFileFinder' from project 'PasteAsFile')
    cd /Users/bf/Library/CloudStorage/GoogleDrive-bernynoussi@gmail.com/Mon\ Drive/Formation/Collège\ BDEB/ETE_2026/420-A60-BB\ ALGORITHMES\ D\'APPRENTISSAGE\ PROFOND/Examen\ Final/PasteAsFile
    write-file /Users/bf/Library/CloudStorage/GoogleDrive-bernynoussi@gmail.com/Mon\ Drive/Formation/Collège\ BDEB/ETE_2026/420-A60-BB\ ALGORITHMES\ D\'APPRENTISSAGE\ PROFOND/Examen\ Final/PasteAsFile/build/PasteAsFile.build/Release/PasteAsFileFinder.build/Objects-normal/arm64/PasteAsFileFinder_const_extract_protocols.json

WriteAuxiliaryFile /Users/bf/Library/CloudStorage/GoogleDrive-bernynoussi@gmail.com/Mon\ Drive/Formation/Collège\ BDEB/ETE_2026/420-A60-BB\ ALGORITHMES\ D\'APPRENTISSAGE\ PROFOND/Examen\ Final/PasteAsFile/build/PasteAsFile.build/Release/PasteAsFileFinder.build/Objects-normal/arm64/PasteAsFileFinder.SwiftFileList (in target 'PasteAsFileFinder' from project 'PasteAsFile')
    cd /Users/bf/Library/CloudStorage/GoogleDrive-bernynoussi@gmail.com/Mon\ Drive/Formation/Collège\ BDEB/ETE_2026/420-A60-BB\ ALGORITHMES\ D\'APPRENTISSAGE\ PROFOND/Examen\ Final/PasteAsFile
    write-file /Users/bf/Library/CloudStorage/GoogleDrive-bernynoussi@gmail.com/Mon\ Drive/Formation/Collège\ BDEB/ETE_2026/420-A60-BB\ ALGORITHMES\ D\'APPRENTISSAGE\ PROFOND/Examen\ Final/PasteAsFile/build/PasteAsFile.build/Release/PasteAsFileFinder.build/Objects-normal/arm64/PasteAsFileFinder.SwiftFileList

WriteAuxiliaryFile /Users/bf/Library/CloudStorage/GoogleDrive-bernynoussi@gmail.com/Mon\ Drive/Formation/Collège\ BDEB/ETE_2026/420-A60-BB\ ALGORITHMES\ D\'APPRENTISSAGE\ PROFOND/Examen\ Final/PasteAsFile/build/PasteAsFile.build/Release/PasteAsFileFinder.build/Objects-normal/arm64/PasteAsFileFinder.SwiftConstValuesFileList (in target 'PasteAsFileFinder' from project 'PasteAsFile')
    cd /Users/bf/Library/CloudStorage/GoogleDrive-bernynoussi@gmail.com/Mon\ Drive/Formation/Collège\ BDEB/ETE_2026/420-A60-BB\ ALGORITHMES\ D\'APPRENTISSAGE\ PROFOND/Examen\ Final/PasteAsFile
    write-file /Users/bf/Library/CloudStorage/GoogleDrive-bernynoussi@gmail.com/Mon\ Drive/Formation/Collège\ BDEB/ETE_2026/420-A60-BB\ ALGORITHMES\ D\'APPRENTISSAGE\ PROFOND/Examen\ Final/PasteAsFile/build/PasteAsFile.build/Release/PasteAsFileFinder.build/Objects-normal/arm64/PasteAsFileFinder.SwiftConstValuesFileList

WriteAuxiliaryFile /Users/bf/Library/CloudStorage/GoogleDrive-bernynoussi@gmail.com/Mon\ Drive/Formation/Collège\ BDEB/ETE_2026/420-A60-BB\ ALGORITHMES\ D\'APPRENTISSAGE\ PROFOND/Examen\ Final/PasteAsFile/build/PasteAsFile.build/Release/PasteAsFileFinder.build/Objects-normal/arm64/PasteAsFileFinder.LinkFileList (in target 'PasteAsFileFinder' from project 'PasteAsFile')
    cd /Users/bf/Library/CloudStorage/GoogleDrive-bernynoussi@gmail.com/Mon\ Drive/Formation/Collège\ BDEB/ETE_2026/420-A60-BB\ ALGORITHMES\ D\'APPRENTISSAGE\ PROFOND/Examen\ Final/PasteAsFile
    write-file /Users/bf/Library/CloudStorage/GoogleDrive-bernynoussi@gmail.com/Mon\ Drive/Formation/Collège\ BDEB/ETE_2026/420-A60-BB\ ALGORITHMES\ D\'APPRENTISSAGE\ PROFOND/Examen\ Final/PasteAsFile/build/PasteAsFile.build/Release/PasteAsFileFinder.build/Objects-normal/arm64/PasteAsFileFinder.LinkFileList

WriteAuxiliaryFile /Users/bf/Library/CloudStorage/GoogleDrive-bernynoussi@gmail.com/Mon\ Drive/Formation/Collège\ BDEB/ETE_2026/420-A60-BB\ ALGORITHMES\ D\'APPRENTISSAGE\ PROFOND/Examen\ Final/PasteAsFile/build/PasteAsFile.build/Release/PasteAsFileFinder.build/Objects-normal/arm64/PasteAsFileFinder-OutputFileMap.json (in target 'PasteAsFileFinder' from project 'PasteAsFile')
    cd /Users/bf/Library/CloudStorage/GoogleDrive-bernynoussi@gmail.com/Mon\ Drive/Formation/Collège\ BDEB/ETE_2026/420-A60-BB\ ALGORITHMES\ D\'APPRENTISSAGE\ PROFOND/Examen\ Final/PasteAsFile
    write-file /Users/bf/Library/CloudStorage/GoogleDrive-bernynoussi@gmail.com/Mon\ Drive/Formation/Collège\ BDEB/ETE_2026/420-A60-BB\ ALGORITHMES\ D\'APPRENTISSAGE\ PROFOND/Examen\ Final/PasteAsFile/build/PasteAsFile.build/Release/PasteAsFileFinder.build/Objects-normal/arm64/PasteAsFileFinder-OutputFileMap.json

MkDir /Users/bf/Library/CloudStorage/GoogleDrive-bernynoussi@gmail.com/Mon\ Drive/Formation/Collège\ BDEB/ETE_2026/420-A60-BB\ ALGORITHMES\ D\'APPRENTISSAGE\ PROFOND/Examen\ Final/PasteAsFile/build/Release/PasteAsFileFinder.appex/Contents/MacOS (in target 'PasteAsFileFinder' from project 'PasteAsFile')
    cd /Users/bf/Library/CloudStorage/GoogleDrive-bernynoussi@gmail.com/Mon\ Drive/Formation/Collège\ BDEB/ETE_2026/420-A60-BB\ ALGORITHMES\ D\'APPRENTISSAGE\ PROFOND/Examen\ Final/PasteAsFile
    /bin/mkdir -p /Users/bf/Library/CloudStorage/GoogleDrive-bernynoussi@gmail.com/Mon\ Drive/Formation/Collège\ BDEB/ETE_2026/420-A60-BB\ ALGORITHMES\ D\'APPRENTISSAGE\ PROFOND/Examen\ Final/PasteAsFile/build/Release/PasteAsFileFinder.appex/Contents/MacOS

MkDir /Users/bf/Library/CloudStorage/GoogleDrive-bernynoussi@gmail.com/Mon\ Drive/Formation/Collège\ BDEB/ETE_2026/420-A60-BB\ ALGORITHMES\ D\'APPRENTISSAGE\ PROFOND/Examen\ Final/PasteAsFile/build/Release/PasteAsFileFinder.appex/Contents (in target 'PasteAsFileFinder' from project 'PasteAsFile')
    cd /Users/bf/Library/CloudStorage/GoogleDrive-bernynoussi@gmail.com/Mon\ Drive/Formation/Collège\ BDEB/ETE_2026/420-A60-BB\ ALGORITHMES\ D\'APPRENTISSAGE\ PROFOND/Examen\ Final/PasteAsFile
    /bin/mkdir -p /Users/bf/Library/CloudStorage/GoogleDrive-bernynoussi@gmail.com/Mon\ Drive/Formation/Collège\ BDEB/ETE_2026/420-A60-BB\ ALGORITHMES\ D\'APPRENTISSAGE\ PROFOND/Examen\ Final/PasteAsFile/build/Release/PasteAsFileFinder.appex/Contents

MkDir /Users/bf/Library/CloudStorage/GoogleDrive-bernynoussi@gmail.com/Mon\ Drive/Formation/Collège\ BDEB/ETE_2026/420-A60-BB\ ALGORITHMES\ D\'APPRENTISSAGE\ PROFOND/Examen\ Final/PasteAsFile/build/Release/PasteAsFileFinder.appex (in target 'PasteAsFileFinder' from project 'PasteAsFile')
    cd /Users/bf/Library/CloudStorage/GoogleDrive-bernynoussi@gmail.com/Mon\ Drive/Formation/Collège\ BDEB/ETE_2026/420-A60-BB\ ALGORITHMES\ D\'APPRENTISSAGE\ PROFOND/Examen\ Final/PasteAsFile
    /bin/mkdir -p /Users/bf/Library/CloudStorage/GoogleDrive-bernynoussi@gmail.com/Mon\ Drive/Formation/Collège\ BDEB/ETE_2026/420-A60-BB\ ALGORITHMES\ D\'APPRENTISSAGE\ PROFOND/Examen\ Final/PasteAsFile/build/Release/PasteAsFileFinder.appex

ProcessProductPackaging /Users/bf/Library/CloudStorage/GoogleDrive-bernynoussi@gmail.com/Mon\ Drive/Formation/Collège\ BDEB/ETE_2026/420-A60-BB\ ALGORITHMES\ D\'APPRENTISSAGE\ PROFOND/Examen\ Final/PasteAsFile/PasteAsFileFinder/PasteAsFileFinder.entitlements /Users/bf/Library/CloudStorage/GoogleDrive-bernynoussi@gmail.com/Mon\ Drive/Formation/Collège\ BDEB/ETE_2026/420-A60-BB\ ALGORITHMES\ D\'APPRENTISSAGE\ PROFOND/Examen\ Final/PasteAsFile/build/PasteAsFile.build/Release/PasteAsFileFinder.build/PasteAsFileFinder.appex.xcent (in target 'PasteAsFileFinder' from project 'PasteAsFile')
    cd /Users/bf/Library/CloudStorage/GoogleDrive-bernynoussi@gmail.com/Mon\ Drive/Formation/Collège\ BDEB/ETE_2026/420-A60-BB\ ALGORITHMES\ D\'APPRENTISSAGE\ PROFOND/Examen\ Final/PasteAsFile
    
    Entitlements:
    
    {
    "com.apple.security.app-sandbox" = 0;
    "com.apple.security.get-task-allow" = 1;
}
    
    builtin-productPackagingUtility /Users/bf/Library/CloudStorage/GoogleDrive-bernynoussi@gmail.com/Mon\ Drive/Formation/Collège\ BDEB/ETE_2026/420-A60-BB\ ALGORITHMES\ D\'APPRENTISSAGE\ PROFOND/Examen\ Final/PasteAsFile/PasteAsFileFinder/PasteAsFileFinder.entitlements -entitlements -format xml -o /Users/bf/Library/CloudStorage/GoogleDrive-bernynoussi@gmail.com/Mon\ Drive/Formation/Collège\ BDEB/ETE_2026/420-A60-BB\ ALGORITHMES\ D\'APPRENTISSAGE\ PROFOND/Examen\ Final/PasteAsFile/build/PasteAsFile.build/Release/PasteAsFileFinder.build/PasteAsFileFinder.appex.xcent

ProcessProductPackagingDER /Users/bf/Library/CloudStorage/GoogleDrive-bernynoussi@gmail.com/Mon\ Drive/Formation/Collège\ BDEB/ETE_2026/420-A60-BB\ ALGORITHMES\ D\'APPRENTISSAGE\ PROFOND/Examen\ Final/PasteAsFile/build/PasteAsFile.build/Release/PasteAsFileFinder.build/PasteAsFileFinder.appex.xcent /Users/bf/Library/CloudStorage/GoogleDrive-bernynoussi@gmail.com/Mon\ Drive/Formation/Collège\ BDEB/ETE_2026/420-A60-BB\ ALGORITHMES\ D\'APPRENTISSAGE\ PROFOND/Examen\ Final/PasteAsFile/build/PasteAsFile.build/Release/PasteAsFileFinder.build/PasteAsFileFinder.appex.xcent.der (in target 'PasteAsFileFinder' from project 'PasteAsFile')
    cd /Users/bf/Library/CloudStorage/GoogleDrive-bernynoussi@gmail.com/Mon\ Drive/Formation/Collège\ BDEB/ETE_2026/420-A60-BB\ ALGORITHMES\ D\'APPRENTISSAGE\ PROFOND/Examen\ Final/PasteAsFile
    /usr/bin/derq query -f xml -i /Users/bf/Library/CloudStorage/GoogleDrive-bernynoussi@gmail.com/Mon\ Drive/Formation/Collège\ BDEB/ETE_2026/420-A60-BB\ ALGORITHMES\ D\'APPRENTISSAGE\ PROFOND/Examen\ Final/PasteAsFile/build/PasteAsFile.build/Release/PasteAsFileFinder.build/PasteAsFileFinder.appex.xcent -o /Users/bf/Library/CloudStorage/GoogleDrive-bernynoussi@gmail.com/Mon\ Drive/Formation/Collège\ BDEB/ETE_2026/420-A60-BB\ ALGORITHMES\ D\'APPRENTISSAGE\ PROFOND/Examen\ Final/PasteAsFile/build/PasteAsFile.build/Release/PasteAsFileFinder.build/PasteAsFileFinder.appex.xcent.der --raw

ProcessInfoPlistFile /Users/bf/Library/CloudStorage/GoogleDrive-bernynoussi@gmail.com/Mon\ Drive/Formation/Collège\ BDEB/ETE_2026/420-A60-BB\ ALGORITHMES\ D\'APPRENTISSAGE\ PROFOND/Examen\ Final/PasteAsFile/build/Release/PasteAsFileFinder.appex/Contents/Info.plist /Users/bf/Library/CloudStorage/GoogleDrive-bernynoussi@gmail.com/Mon\ Drive/Formation/Collège\ BDEB/ETE_2026/420-A60-BB\ ALGORITHMES\ D\'APPRENTISSAGE\ PROFOND/Examen\ Final/PasteAsFile/PasteAsFileFinder/Info.plist (in target 'PasteAsFileFinder' from project 'PasteAsFile')
    cd /Users/bf/Library/CloudStorage/GoogleDrive-bernynoussi@gmail.com/Mon\ Drive/Formation/Collège\ BDEB/ETE_2026/420-A60-BB\ ALGORITHMES\ D\'APPRENTISSAGE\ PROFOND/Examen\ Final/PasteAsFile
    builtin-infoPlistUtility /Users/bf/Library/CloudStorage/GoogleDrive-bernynoussi@gmail.com/Mon\ Drive/Formation/Collège\ BDEB/ETE_2026/420-A60-BB\ ALGORITHMES\ D\'APPRENTISSAGE\ PROFOND/Examen\ Final/PasteAsFile/PasteAsFileFinder/Info.plist -producttype com.apple.product-type.app-extension -expandbuildsettings -platform macosx -o /Users/bf/Library/CloudStorage/GoogleDrive-bernynoussi@gmail.com/Mon\ Drive/Formation/Collège\ BDEB/ETE_2026/420-A60-BB\ ALGORITHMES\ D\'APPRENTISSAGE\ PROFOND/Examen\ Final/PasteAsFile/build/Release/PasteAsFileFinder.appex/Contents/Info.plist

SwiftDriver PasteAsFileFinder normal x86_64 com.apple.xcode.tools.swift.compiler (in target 'PasteAsFileFinder' from project 'PasteAsFile')
    cd /Users/bf/Library/CloudStorage/GoogleDrive-bernynoussi@gmail.com/Mon\ Drive/Formation/Collège\ BDEB/ETE_2026/420-A60-BB\ ALGORITHMES\ D\'APPRENTISSAGE\ PROFOND/Examen\ Final/PasteAsFile
    builtin-SwiftDriver -- /Applications/Xcode.app/Contents/Developer/Toolchains/XcodeDefault.xctoolchain/usr/bin/swiftc -module-name PasteAsFileFinder -O -whole-module-optimization @/Users/bf/Library/CloudStorage/GoogleDrive-bernynoussi@gmail.com/Mon\ Drive/Formation/Collège\ BDEB/ETE_2026/420-A60-BB\ ALGORITHMES\ D\'APPRENTISSAGE\ PROFOND/Examen\ Final/PasteAsFile/build/PasteAsFile.build/Release/PasteAsFileFinder.build/Objects-normal/x86_64/PasteAsFileFinder.SwiftFileList -enable-bare-slash-regex -enable-experimental-feature DebugDescriptionMacro -sdk /Applications/Xcode.app/Contents/Developer/Platforms/MacOSX.platform/Developer/SDKs/MacOSX27.0.sdk -target x86_64-apple-macos13.0 -g -Xfrontend -serialize-debugging-options -application-extension -swift-version 5 -I /Users/bf/Library/CloudStorage/GoogleDrive-bernynoussi@gmail.com/Mon\ Drive/Formation/Collège\ BDEB/ETE_2026/420-A60-BB\ ALGORITHMES\ D\'APPRENTISSAGE\ PROFOND/Examen\ Final/PasteAsFile/build/Release -F /Users/bf/Library/CloudStorage/GoogleDrive-bernynoussi@gmail.com/Mon\ Drive/Formation/Collège\ BDEB/ETE_2026/420-A60-BB\ ALGORITHMES\ D\'APPRENTISSAGE\ PROFOND/Examen\ Final/PasteAsFile/build/Release -emit-localized-strings -emit-localized-strings-path /Users/bf/Library/CloudStorage/GoogleDrive-bernynoussi@gmail.com/Mon\ Drive/Formation/Collège\ BDEB/ETE_2026/420-A60-BB\ ALGORITHMES\ D\'APPRENTISSAGE\ PROFOND/Examen\ Final/PasteAsFile/build/PasteAsFile.build/Release/PasteAsFileFinder.build/Objects-normal/x86_64 -c -num-threads 16 -Xcc -ivfsstatcache -Xcc /var/folders/sm/l4mlp9mj4sqg28sl7qrbyx080000gn/C/com.apple.DeveloperTools/27.0-27A266a/Xcode/SDKStatCaches.noindex/macosx27.0-26A425-7231f6df4def33e022ae2eb8f782df1a.sdkstatcache -output-file-map /Users/bf/Library/CloudStorage/GoogleDrive-bernynoussi@gmail.com/Mon\ Drive/Formation/Collège\ BDEB/ETE_2026/420-A60-BB\ ALGORITHMES\ D\'APPRENTISSAGE\ PROFOND/Examen\ Final/PasteAsFile/build/PasteAsFile.build/Release/PasteAsFileFinder.build/Objects-normal/x86_64/PasteAsFileFinder-OutputFileMap.json -save-temps -no-color-diagnostics -explicit-module-build -module-cache-path /Users/bf/Library/CloudStorage/GoogleDrive-bernynoussi@gmail.com/Mon\ Drive/Formation/Collège\ BDEB/ETE_2026/420-A60-BB\ ALGORITHMES\ D\'APPRENTISSAGE\ PROFOND/Examen\ Final/PasteAsFile/build/SwiftExplicitPrecompiledModules -emit-dependencies -emit-module -emit-module-path /Users/bf/Library/CloudStorage/GoogleDrive-bernynoussi@gmail.com/Mon\ Drive/Formation/Collège\ BDEB/ETE_2026/420-A60-BB\ ALGORITHMES\ D\'APPRENTISSAGE\ PROFOND/Examen\ Final/PasteAsFile/build/PasteAsFile.build/Release/PasteAsFileFinder.build/Objects-normal/x86_64/PasteAsFileFinder.swiftmodule -serialize-diagnostics -dependency-scan-serialize-diagnostics-path /Users/bf/Library/CloudStorage/GoogleDrive-bernynoussi@gmail.com/Mon\ Drive/Formation/Collège\ BDEB/ETE_2026/420-A60-BB\ ALGORITHMES\ D\'APPRENTISSAGE\ PROFOND/Examen\ Final/PasteAsFile/build/PasteAsFile.build/Release/PasteAsFileFinder.build/Objects-normal/x86_64/PasteAsFileFinder-dependency-scan.dia -validate-clang-modules-once -clang-build-session-file /var/folders/sm/l4mlp9mj4sqg28sl7qrbyx080000gn/C/org.llvm.clang/ModuleCache.noindex/Session.modulevalidation -Xcc -fmodules-prune-interval\=86400 -Xcc -fmodules-prune-after\=345600 -emit-const-values -const-gather-protocols-list /Users/bf/Library/CloudStorage/GoogleDrive-bernynoussi@gmail.com/Mon\ Drive/Formation/Collège\ BDEB/ETE_2026/420-A60-BB\ ALGORITHMES\ D\'APPRENTISSAGE\ PROFOND/Examen\ Final/PasteAsFile/build/PasteAsFile.build/Release/PasteAsFileFinder.build/Objects-normal/x86_64/PasteAsFileFinder_const_extract_protocols.json -Xcc -iquote -Xcc /Users/bf/Library/CloudStorage/GoogleDrive-bernynoussi@gmail.com/Mon\ Drive/Formation/Collège\ BDEB/ETE_2026/420-A60-BB\ ALGORITHMES\ D\'APPRENTISSAGE\ PROFOND/Examen\ Final/PasteAsFile/build/PasteAsFile.build/Release/PasteAsFileFinder.build/PasteAsFileFinder-generated-files.hmap -Xcc -I/Users/bf/Library/CloudStorage/GoogleDrive-bernynoussi@gmail.com/Mon\ Drive/Formation/Collège\ BDEB/ETE_2026/420-A60-BB\ ALGORITHMES\ D\'APPRENTISSAGE\ PROFOND/Examen\ Final/PasteAsFile/build/PasteAsFile.build/Release/PasteAsFileFinder.build/PasteAsFileFinder-own-target-headers.hmap -Xcc -I/Users/bf/Library/CloudStorage/GoogleDrive-bernynoussi@gmail.com/Mon\ Drive/Formation/Collège\ BDEB/ETE_2026/420-A60-BB\ ALGORITHMES\ D\'APPRENTISSAGE\ PROFOND/Examen\ Final/PasteAsFile/build/PasteAsFile.build/Release/PasteAsFileFinder.build/PasteAsFileFinder-all-target-headers.hmap -Xcc -iquote -Xcc /Users/bf/Library/CloudStorage/GoogleDrive-bernynoussi@gmail.com/Mon\ Drive/Formation/Collège\ BDEB/ETE_2026/420-A60-BB\ ALGORITHMES\ D\'APPRENTISSAGE\ PROFOND/Examen\ Final/PasteAsFile/build/PasteAsFile.build/Release/PasteAsFileFinder.build/PasteAsFileFinder-project-headers.hmap -Xcc -I/Users/bf/Library/CloudStorage/GoogleDrive-bernynoussi@gmail.com/Mon\ Drive/Formation/Collège\ BDEB/ETE_2026/420-A60-BB\ ALGORITHMES\ D\'APPRENTISSAGE\ PROFOND/Examen\ Final/PasteAsFile/build/Release/include -Xcc -I/Users/bf/Library/CloudStorage/GoogleDrive-bernynoussi@gmail.com/Mon\ Drive/Formation/Collège\ BDEB/ETE_2026/420-A60-BB\ ALGORITHMES\ D\'APPRENTISSAGE\ PROFOND/Examen\ Final/PasteAsFile/build/PasteAsFile.build/Release/PasteAsFileFinder.build/DerivedSources-normal/x86_64 -Xcc -I/Users/bf/Library/CloudStorage/GoogleDrive-bernynoussi@gmail.com/Mon\ Drive/Formation/Collège\ BDEB/ETE_2026/420-A60-BB\ ALGORITHMES\ D\'APPRENTISSAGE\ PROFOND/Examen\ Final/PasteAsFile/build/PasteAsFile.build/Release/PasteAsFileFinder.build/DerivedSources/x86_64 -Xcc -I/Users/bf/Library/CloudStorage/GoogleDrive-bernynoussi@gmail.com/Mon\ Drive/Formation/Collège\ BDEB/ETE_2026/420-A60-BB\ ALGORITHMES\ D\'APPRENTISSAGE\ PROFOND/Examen\ Final/PasteAsFile/build/PasteAsFile.build/Release/PasteAsFileFinder.build/DerivedSources -emit-objc-header -emit-objc-header-path /Users/bf/Library/CloudStorage/GoogleDrive-bernynoussi@gmail.com/Mon\ Drive/Formation/Collège\ BDEB/ETE_2026/420-A60-BB\ ALGORITHMES\ D\'APPRENTISSAGE\ PROFOND/Examen\ Final/PasteAsFile/build/PasteAsFile.build/Release/PasteAsFileFinder.build/Objects-normal/x86_64/PasteAsFileFinder-Swift.h -working-directory /Users/bf/Library/CloudStorage/GoogleDrive-bernynoussi@gmail.com/Mon\ Drive/Formation/Collège\ BDEB/ETE_2026/420-A60-BB\ ALGORITHMES\ D\'APPRENTISSAGE\ PROFOND/Examen\ Final/PasteAsFile -no-emit-module-separately-wmo

SwiftDriver PasteAsFileFinder normal arm64 com.apple.xcode.tools.swift.compiler (in target 'PasteAsFileFinder' from project 'PasteAsFile')
    cd /Users/bf/Library/CloudStorage/GoogleDrive-bernynoussi@gmail.com/Mon\ Drive/Formation/Collège\ BDEB/ETE_2026/420-A60-BB\ ALGORITHMES\ D\'APPRENTISSAGE\ PROFOND/Examen\ Final/PasteAsFile
    builtin-SwiftDriver -- /Applications/Xcode.app/Contents/Developer/Toolchains/XcodeDefault.xctoolchain/usr/bin/swiftc -module-name PasteAsFileFinder -O -whole-module-optimization @/Users/bf/Library/CloudStorage/GoogleDrive-bernynoussi@gmail.com/Mon\ Drive/Formation/Collège\ BDEB/ETE_2026/420-A60-BB\ ALGORITHMES\ D\'APPRENTISSAGE\ PROFOND/Examen\ Final/PasteAsFile/build/PasteAsFile.build/Release/PasteAsFileFinder.build/Objects-normal/arm64/PasteAsFileFinder.SwiftFileList -enable-bare-slash-regex -enable-experimental-feature DebugDescriptionMacro -sdk /Applications/Xcode.app/Contents/Developer/Platforms/MacOSX.platform/Developer/SDKs/MacOSX27.0.sdk -target arm64-apple-macos13.0 -g -Xfrontend -serialize-debugging-options -application-extension -swift-version 5 -I /Users/bf/Library/CloudStorage/GoogleDrive-bernynoussi@gmail.com/Mon\ Drive/Formation/Collège\ BDEB/ETE_2026/420-A60-BB\ ALGORITHMES\ D\'APPRENTISSAGE\ PROFOND/Examen\ Final/PasteAsFile/build/Release -F /Users/bf/Library/CloudStorage/GoogleDrive-bernynoussi@gmail.com/Mon\ Drive/Formation/Collège\ BDEB/ETE_2026/420-A60-BB\ ALGORITHMES\ D\'APPRENTISSAGE\ PROFOND/Examen\ Final/PasteAsFile/build/Release -emit-localized-strings -emit-localized-strings-path /Users/bf/Library/CloudStorage/GoogleDrive-bernynoussi@gmail.com/Mon\ Drive/Formation/Collège\ BDEB/ETE_2026/420-A60-BB\ ALGORITHMES\ D\'APPRENTISSAGE\ PROFOND/Examen\ Final/PasteAsFile/build/PasteAsFile.build/Release/PasteAsFileFinder.build/Objects-normal/arm64 -c -num-threads 16 -Xcc -ivfsstatcache -Xcc /var/folders/sm/l4mlp9mj4sqg28sl7qrbyx080000gn/C/com.apple.DeveloperTools/27.0-27A266a/Xcode/SDKStatCaches.noindex/macosx27.0-26A425-7231f6df4def33e022ae2eb8f782df1a.sdkstatcache -output-file-map /Users/bf/Library/CloudStorage/GoogleDrive-bernynoussi@gmail.com/Mon\ Drive/Formation/Collège\ BDEB/ETE_2026/420-A60-BB\ ALGORITHMES\ D\'APPRENTISSAGE\ PROFOND/Examen\ Final/PasteAsFile/build/PasteAsFile.build/Release/PasteAsFileFinder.build/Objects-normal/arm64/PasteAsFileFinder-OutputFileMap.json -save-temps -no-color-diagnostics -explicit-module-build -module-cache-path /Users/bf/Library/CloudStorage/GoogleDrive-bernynoussi@gmail.com/Mon\ Drive/Formation/Collège\ BDEB/ETE_2026/420-A60-BB\ ALGORITHMES\ D\'APPRENTISSAGE\ PROFOND/Examen\ Final/PasteAsFile/build/SwiftExplicitPrecompiledModules -emit-dependencies -emit-module -emit-module-path /Users/bf/Library/CloudStorage/GoogleDrive-bernynoussi@gmail.com/Mon\ Drive/Formation/Collège\ BDEB/ETE_2026/420-A60-BB\ ALGORITHMES\ D\'APPRENTISSAGE\ PROFOND/Examen\ Final/PasteAsFile/build/PasteAsFile.build/Release/PasteAsFileFinder.build/Objects-normal/arm64/PasteAsFileFinder.swiftmodule -serialize-diagnostics -dependency-scan-serialize-diagnostics-path /Users/bf/Library/CloudStorage/GoogleDrive-bernynoussi@gmail.com/Mon\ Drive/Formation/Collège\ BDEB/ETE_2026/420-A60-BB\ ALGORITHMES\ D\'APPRENTISSAGE\ PROFOND/Examen\ Final/PasteAsFile/build/PasteAsFile.build/Release/PasteAsFileFinder.build/Objects-normal/arm64/PasteAsFileFinder-dependency-scan.dia -validate-clang-modules-once -clang-build-session-file /var/folders/sm/l4mlp9mj4sqg28sl7qrbyx080000gn/C/org.llvm.clang/ModuleCache.noindex/Session.modulevalidation -Xcc -fmodules-prune-interval\=86400 -Xcc -fmodules-prune-after\=345600 -emit-const-values -const-gather-protocols-list /Users/bf/Library/CloudStorage/GoogleDrive-bernynoussi@gmail.com/Mon\ Drive/Formation/Collège\ BDEB/ETE_2026/420-A60-BB\ ALGORITHMES\ D\'APPRENTISSAGE\ PROFOND/Examen\ Final/PasteAsFile/build/PasteAsFile.build/Release/PasteAsFileFinder.build/Objects-normal/arm64/PasteAsFileFinder_const_extract_protocols.json -Xcc -iquote -Xcc /Users/bf/Library/CloudStorage/GoogleDrive-bernynoussi@gmail.com/Mon\ Drive/Formation/Collège\ BDEB/ETE_2026/420-A60-BB\ ALGORITHMES\ D\'APPRENTISSAGE\ PROFOND/Examen\ Final/PasteAsFile/build/PasteAsFile.build/Release/PasteAsFileFinder.build/PasteAsFileFinder-generated-files.hmap -Xcc -I/Users/bf/Library/CloudStorage/GoogleDrive-bernynoussi@gmail.com/Mon\ Drive/Formation/Collège\ BDEB/ETE_2026/420-A60-BB\ ALGORITHMES\ D\'APPRENTISSAGE\ PROFOND/Examen\ Final/PasteAsFile/build/PasteAsFile.build/Release/PasteAsFileFinder.build/PasteAsFileFinder-own-target-headers.hmap -Xcc -I/Users/bf/Library/CloudStorage/GoogleDrive-bernynoussi@gmail.com/Mon\ Drive/Formation/Collège\ BDEB/ETE_2026/420-A60-BB\ ALGORITHMES\ D\'APPRENTISSAGE\ PROFOND/Examen\ Final/PasteAsFile/build/PasteAsFile.build/Release/PasteAsFileFinder.build/PasteAsFileFinder-all-target-headers.hmap -Xcc -iquote -Xcc /Users/bf/Library/CloudStorage/GoogleDrive-bernynoussi@gmail.com/Mon\ Drive/Formation/Collège\ BDEB/ETE_2026/420-A60-BB\ ALGORITHMES\ D\'APPRENTISSAGE\ PROFOND/Examen\ Final/PasteAsFile/build/PasteAsFile.build/Release/PasteAsFileFinder.build/PasteAsFileFinder-project-headers.hmap -Xcc -I/Users/bf/Library/CloudStorage/GoogleDrive-bernynoussi@gmail.com/Mon\ Drive/Formation/Collège\ BDEB/ETE_2026/420-A60-BB\ ALGORITHMES\ D\'APPRENTISSAGE\ PROFOND/Examen\ Final/PasteAsFile/build/Release/include -Xcc -I/Users/bf/Library/CloudStorage/GoogleDrive-bernynoussi@gmail.com/Mon\ Drive/Formation/Collège\ BDEB/ETE_2026/420-A60-BB\ ALGORITHMES\ D\'APPRENTISSAGE\ PROFOND/Examen\ Final/PasteAsFile/build/PasteAsFile.build/Release/PasteAsFileFinder.build/DerivedSources-normal/arm64 -Xcc -I/Users/bf/Library/CloudStorage/GoogleDrive-bernynoussi@gmail.com/Mon\ Drive/Formation/Collège\ BDEB/ETE_2026/420-A60-BB\ ALGORITHMES\ D\'APPRENTISSAGE\ PROFOND/Examen\ Final/PasteAsFile/build/PasteAsFile.build/Release/PasteAsFileFinder.build/DerivedSources/arm64 -Xcc -I/Users/bf/Library/CloudStorage/GoogleDrive-bernynoussi@gmail.com/Mon\ Drive/Formation/Collège\ BDEB/ETE_2026/420-A60-BB\ ALGORITHMES\ D\'APPRENTISSAGE\ PROFOND/Examen\ Final/PasteAsFile/build/PasteAsFile.build/Release/PasteAsFileFinder.build/DerivedSources -emit-objc-header -emit-objc-header-path /Users/bf/Library/CloudStorage/GoogleDrive-bernynoussi@gmail.com/Mon\ Drive/Formation/Collège\ BDEB/ETE_2026/420-A60-BB\ ALGORITHMES\ D\'APPRENTISSAGE\ PROFOND/Examen\ Final/PasteAsFile/build/PasteAsFile.build/Release/PasteAsFileFinder.build/Objects-normal/arm64/PasteAsFileFinder-Swift.h -working-directory /Users/bf/Library/CloudStorage/GoogleDrive-bernynoussi@gmail.com/Mon\ Drive/Formation/Collège\ BDEB/ETE_2026/420-A60-BB\ ALGORITHMES\ D\'APPRENTISSAGE\ PROFOND/Examen\ Final/PasteAsFile -no-emit-module-separately-wmo

SwiftDriver\ Compilation PasteAsFileFinder normal x86_64 com.apple.xcode.tools.swift.compiler (in target 'PasteAsFileFinder' from project 'PasteAsFile')
    cd /Users/bf/Library/CloudStorage/GoogleDrive-bernynoussi@gmail.com/Mon\ Drive/Formation/Collège\ BDEB/ETE_2026/420-A60-BB\ ALGORITHMES\ D\'APPRENTISSAGE\ PROFOND/Examen\ Final/PasteAsFile
    builtin-Swift-Compilation -- /Applications/Xcode.app/Contents/Developer/Toolchains/XcodeDefault.xctoolchain/usr/bin/swiftc -module-name PasteAsFileFinder -O -whole-module-optimization @/Users/bf/Library/CloudStorage/GoogleDrive-bernynoussi@gmail.com/Mon\ Drive/Formation/Collège\ BDEB/ETE_2026/420-A60-BB\ ALGORITHMES\ D\'APPRENTISSAGE\ PROFOND/Examen\ Final/PasteAsFile/build/PasteAsFile.build/Release/PasteAsFileFinder.build/Objects-normal/x86_64/PasteAsFileFinder.SwiftFileList -enable-bare-slash-regex -enable-experimental-feature DebugDescriptionMacro -sdk /Applications/Xcode.app/Contents/Developer/Platforms/MacOSX.platform/Developer/SDKs/MacOSX27.0.sdk -target x86_64-apple-macos13.0 -g -Xfrontend -serialize-debugging-options -application-extension -swift-version 5 -I /Users/bf/Library/CloudStorage/GoogleDrive-bernynoussi@gmail.com/Mon\ Drive/Formation/Collège\ BDEB/ETE_2026/420-A60-BB\ ALGORITHMES\ D\'APPRENTISSAGE\ PROFOND/Examen\ Final/PasteAsFile/build/Release -F /Users/bf/Library/CloudStorage/GoogleDrive-bernynoussi@gmail.com/Mon\ Drive/Formation/Collège\ BDEB/ETE_2026/420-A60-BB\ ALGORITHMES\ D\'APPRENTISSAGE\ PROFOND/Examen\ Final/PasteAsFile/build/Release -emit-localized-strings -emit-localized-strings-path /Users/bf/Library/CloudStorage/GoogleDrive-bernynoussi@gmail.com/Mon\ Drive/Formation/Collège\ BDEB/ETE_2026/420-A60-BB\ ALGORITHMES\ D\'APPRENTISSAGE\ PROFOND/Examen\ Final/PasteAsFile/build/PasteAsFile.build/Release/PasteAsFileFinder.build/Objects-normal/x86_64 -c -num-threads 16 -Xcc -ivfsstatcache -Xcc /var/folders/sm/l4mlp9mj4sqg28sl7qrbyx080000gn/C/com.apple.DeveloperTools/27.0-27A266a/Xcode/SDKStatCaches.noindex/macosx27.0-26A425-7231f6df4def33e022ae2eb8f782df1a.sdkstatcache -output-file-map /Users/bf/Library/CloudStorage/GoogleDrive-bernynoussi@gmail.com/Mon\ Drive/Formation/Collège\ BDEB/ETE_2026/420-A60-BB\ ALGORITHMES\ D\'APPRENTISSAGE\ PROFOND/Examen\ Final/PasteAsFile/build/PasteAsFile.build/Release/PasteAsFileFinder.build/Objects-normal/x86_64/PasteAsFileFinder-OutputFileMap.json -save-temps -no-color-diagnostics -explicit-module-build -module-cache-path /Users/bf/Library/CloudStorage/GoogleDrive-bernynoussi@gmail.com/Mon\ Drive/Formation/Collège\ BDEB/ETE_2026/420-A60-BB\ ALGORITHMES\ D\'APPRENTISSAGE\ PROFOND/Examen\ Final/PasteAsFile/build/SwiftExplicitPrecompiledModules -emit-dependencies -emit-module -emit-module-path /Users/bf/Library/CloudStorage/GoogleDrive-bernynoussi@gmail.com/Mon\ Drive/Formation/Collège\ BDEB/ETE_2026/420-A60-BB\ ALGORITHMES\ D\'APPRENTISSAGE\ PROFOND/Examen\ Final/PasteAsFile/build/PasteAsFile.build/Release/PasteAsFileFinder.build/Objects-normal/x86_64/PasteAsFileFinder.swiftmodule -serialize-diagnostics -dependency-scan-serialize-diagnostics-path /Users/bf/Library/CloudStorage/GoogleDrive-bernynoussi@gmail.com/Mon\ Drive/Formation/Collège\ BDEB/ETE_2026/420-A60-BB\ ALGORITHMES\ D\'APPRENTISSAGE\ PROFOND/Examen\ Final/PasteAsFile/build/PasteAsFile.build/Release/PasteAsFileFinder.build/Objects-normal/x86_64/PasteAsFileFinder-dependency-scan.dia -validate-clang-modules-once -clang-build-session-file /var/folders/sm/l4mlp9mj4sqg28sl7qrbyx080000gn/C/org.llvm.clang/ModuleCache.noindex/Session.modulevalidation -Xcc -fmodules-prune-interval\=86400 -Xcc -fmodules-prune-after\=345600 -emit-const-values -const-gather-protocols-list /Users/bf/Library/CloudStorage/GoogleDrive-bernynoussi@gmail.com/Mon\ Drive/Formation/Collège\ BDEB/ETE_2026/420-A60-BB\ ALGORITHMES\ D\'APPRENTISSAGE\ PROFOND/Examen\ Final/PasteAsFile/build/PasteAsFile.build/Release/PasteAsFileFinder.build/Objects-normal/x86_64/PasteAsFileFinder_const_extract_protocols.json -Xcc -iquote -Xcc /Users/bf/Library/CloudStorage/GoogleDrive-bernynoussi@gmail.com/Mon\ Drive/Formation/Collège\ BDEB/ETE_2026/420-A60-BB\ ALGORITHMES\ D\'APPRENTISSAGE\ PROFOND/Examen\ Final/PasteAsFile/build/PasteAsFile.build/Release/PasteAsFileFinder.build/PasteAsFileFinder-generated-files.hmap -Xcc -I/Users/bf/Library/CloudStorage/GoogleDrive-bernynoussi@gmail.com/Mon\ Drive/Formation/Collège\ BDEB/ETE_2026/420-A60-BB\ ALGORITHMES\ D\'APPRENTISSAGE\ PROFOND/Examen\ Final/PasteAsFile/build/PasteAsFile.build/Release/PasteAsFileFinder.build/PasteAsFileFinder-own-target-headers.hmap -Xcc -I/Users/bf/Library/CloudStorage/GoogleDrive-bernynoussi@gmail.com/Mon\ Drive/Formation/Collège\ BDEB/ETE_2026/420-A60-BB\ ALGORITHMES\ D\'APPRENTISSAGE\ PROFOND/Examen\ Final/PasteAsFile/build/PasteAsFile.build/Release/PasteAsFileFinder.build/PasteAsFileFinder-all-target-headers.hmap -Xcc -iquote -Xcc /Users/bf/Library/CloudStorage/GoogleDrive-bernynoussi@gmail.com/Mon\ Drive/Formation/Collège\ BDEB/ETE_2026/420-A60-BB\ ALGORITHMES\ D\'APPRENTISSAGE\ PROFOND/Examen\ Final/PasteAsFile/build/PasteAsFile.build/Release/PasteAsFileFinder.build/PasteAsFileFinder-project-headers.hmap -Xcc -I/Users/bf/Library/CloudStorage/GoogleDrive-bernynoussi@gmail.com/Mon\ Drive/Formation/Collège\ BDEB/ETE_2026/420-A60-BB\ ALGORITHMES\ D\'APPRENTISSAGE\ PROFOND/Examen\ Final/PasteAsFile/build/Release/include -Xcc -I/Users/bf/Library/CloudStorage/GoogleDrive-bernynoussi@gmail.com/Mon\ Drive/Formation/Collège\ BDEB/ETE_2026/420-A60-BB\ ALGORITHMES\ D\'APPRENTISSAGE\ PROFOND/Examen\ Final/PasteAsFile/build/PasteAsFile.build/Release/PasteAsFileFinder.build/DerivedSources-normal/x86_64 -Xcc -I/Users/bf/Library/CloudStorage/GoogleDrive-bernynoussi@gmail.com/Mon\ Drive/Formation/Collège\ BDEB/ETE_2026/420-A60-BB\ ALGORITHMES\ D\'APPRENTISSAGE\ PROFOND/Examen\ Final/PasteAsFile/build/PasteAsFile.build/Release/PasteAsFileFinder.build/DerivedSources/x86_64 -Xcc -I/Users/bf/Library/CloudStorage/GoogleDrive-bernynoussi@gmail.com/Mon\ Drive/Formation/Collège\ BDEB/ETE_2026/420-A60-BB\ ALGORITHMES\ D\'APPRENTISSAGE\ PROFOND/Examen\ Final/PasteAsFile/build/PasteAsFile.build/Release/PasteAsFileFinder.build/DerivedSources -emit-objc-header -emit-objc-header-path /Users/bf/Library/CloudStorage/GoogleDrive-bernynoussi@gmail.com/Mon\ Drive/Formation/Collège\ BDEB/ETE_2026/420-A60-BB\ ALGORITHMES\ D\'APPRENTISSAGE\ PROFOND/Examen\ Final/PasteAsFile/build/PasteAsFile.build/Release/PasteAsFileFinder.build/Objects-normal/x86_64/PasteAsFileFinder-Swift.h -working-directory /Users/bf/Library/CloudStorage/GoogleDrive-bernynoussi@gmail.com/Mon\ Drive/Formation/Collège\ BDEB/ETE_2026/420-A60-BB\ ALGORITHMES\ D\'APPRENTISSAGE\ PROFOND/Examen\ Final/PasteAsFile -no-emit-module-separately-wmo

SwiftExplicitDependencyGeneratePcm x86_64 /Users/bf/Library/CloudStorage/GoogleDrive-bernynoussi@gmail.com/Mon\ Drive/Formation/Collège\ BDEB/ETE_2026/420-A60-BB\ ALGORITHMES\ D\'APPRENTISSAGE\ PROFOND/Examen\ Final/PasteAsFile/build/SwiftExplicitPrecompiledModules/ptrcheck-AGKY6DTHSMP9Y2CLLK8HY3EDE.pcm

SwiftExplicitDependencyGeneratePcm x86_64 /Users/bf/Library/CloudStorage/GoogleDrive-bernynoussi@gmail.com/Mon\ Drive/Formation/Collège\ BDEB/ETE_2026/420-A60-BB\ ALGORITHMES\ D\'APPRENTISSAGE\ PROFOND/Examen\ Final/PasteAsFile/build/SwiftExplicitPrecompiledModules/_AvailabilityInternal-BURWJ0T54QXO16T9QFRG8C3T9.pcm

SwiftExplicitDependencyGeneratePcm x86_64 /Users/bf/Library/CloudStorage/GoogleDrive-bernynoussi@gmail.com/Mon\ Drive/Formation/Collège\ BDEB/ETE_2026/420-A60-BB\ ALGORITHMES\ D\'APPRENTISSAGE\ PROFOND/Examen\ Final/PasteAsFile/build/SwiftExplicitPrecompiledModules/DeveloperToolsSupport-CT00KZF4DRRVYVXM6K0JUA5IB.pcm

SwiftExplicitDependencyGeneratePcm x86_64 /Users/bf/Library/CloudStorage/GoogleDrive-bernynoussi@gmail.com/Mon\ Drive/Formation/Collège\ BDEB/ETE_2026/420-A60-BB\ ALGORITHMES\ D\'APPRENTISSAGE\ PROFOND/Examen\ Final/PasteAsFile/build/SwiftExplicitPrecompiledModules/_Builtin_stdbool-8DMHN8JG29V9MV6UE9HWQ4CJB.pcm

SwiftExplicitDependencyGeneratePcm x86_64 /Users/bf/Library/CloudStorage/GoogleDrive-bernynoussi@gmail.com/Mon\ Drive/Formation/Collège\ BDEB/ETE_2026/420-A60-BB\ ALGORITHMES\ D\'APPRENTISSAGE\ PROFOND/Examen\ Final/PasteAsFile/build/SwiftExplicitPrecompiledModules/_Builtin_float-EUHEICLQNKQIU4AX8BYYOXRZL.pcm

SwiftExplicitDependencyGeneratePcm x86_64 /Users/bf/Library/CloudStorage/GoogleDrive-bernynoussi@gmail.com/Mon\ Drive/Formation/Collège\ BDEB/ETE_2026/420-A60-BB\ ALGORITHMES\ D\'APPRENTISSAGE\ PROFOND/Examen\ Final/PasteAsFile/build/SwiftExplicitPrecompiledModules/_Builtin_stddef-92610ZNPTM25Z7X5UU484SNZ1.pcm

SwiftExplicitDependencyGeneratePcm x86_64 /Users/bf/Library/CloudStorage/GoogleDrive-bernynoussi@gmail.com/Mon\ Drive/Formation/Collège\ BDEB/ETE_2026/420-A60-BB\ ALGORITHMES\ D\'APPRENTISSAGE\ PROFOND/Examen\ Final/PasteAsFile/build/SwiftExplicitPrecompiledModules/_SwiftConcurrencyShims-55QC2INPLHFFQZ29OAID3IAVJ.pcm

SwiftExplicitDependencyGeneratePcm x86_64 /Users/bf/Library/CloudStorage/GoogleDrive-bernynoussi@gmail.com/Mon\ Drive/Formation/Collège\ BDEB/ETE_2026/420-A60-BB\ ALGORITHMES\ D\'APPRENTISSAGE\ PROFOND/Examen\ Final/PasteAsFile/build/SwiftExplicitPrecompiledModules/_Builtin_stdarg-87PVQFCLABV5WPC86Q3A4L4J3.pcm

SwiftExplicitDependencyGeneratePcm x86_64 /Users/bf/Library/CloudStorage/GoogleDrive-bernynoussi@gmail.com/Mon\ Drive/Formation/Collège\ BDEB/ETE_2026/420-A60-BB\ ALGORITHMES\ D\'APPRENTISSAGE\ PROFOND/Examen\ Final/PasteAsFile/build/SwiftExplicitPrecompiledModules/ptrauth-3WCU7LTTTOYA04T6SUW73QRGX.pcm

SwiftDriver\ Compilation PasteAsFileFinder normal arm64 com.apple.xcode.tools.swift.compiler (in target 'PasteAsFileFinder' from project 'PasteAsFile')
    cd /Users/bf/Library/CloudStorage/GoogleDrive-bernynoussi@gmail.com/Mon\ Drive/Formation/Collège\ BDEB/ETE_2026/420-A60-BB\ ALGORITHMES\ D\'APPRENTISSAGE\ PROFOND/Examen\ Final/PasteAsFile
    builtin-Swift-Compilation -- /Applications/Xcode.app/Contents/Developer/Toolchains/XcodeDefault.xctoolchain/usr/bin/swiftc -module-name PasteAsFileFinder -O -whole-module-optimization @/Users/bf/Library/CloudStorage/GoogleDrive-bernynoussi@gmail.com/Mon\ Drive/Formation/Collège\ BDEB/ETE_2026/420-A60-BB\ ALGORITHMES\ D\'APPRENTISSAGE\ PROFOND/Examen\ Final/PasteAsFile/build/PasteAsFile.build/Release/PasteAsFileFinder.build/Objects-normal/arm64/PasteAsFileFinder.SwiftFileList -enable-bare-slash-regex -enable-experimental-feature DebugDescriptionMacro -sdk /Applications/Xcode.app/Contents/Developer/Platforms/MacOSX.platform/Developer/SDKs/MacOSX27.0.sdk -target arm64-apple-macos13.0 -g -Xfrontend -serialize-debugging-options -application-extension -swift-version 5 -I /Users/bf/Library/CloudStorage/GoogleDrive-bernynoussi@gmail.com/Mon\ Drive/Formation/Collège\ BDEB/ETE_2026/420-A60-BB\ ALGORITHMES\ D\'APPRENTISSAGE\ PROFOND/Examen\ Final/PasteAsFile/build/Release -F /Users/bf/Library/CloudStorage/GoogleDrive-bernynoussi@gmail.com/Mon\ Drive/Formation/Collège\ BDEB/ETE_2026/420-A60-BB\ ALGORITHMES\ D\'APPRENTISSAGE\ PROFOND/Examen\ Final/PasteAsFile/build/Release -emit-localized-strings -emit-localized-strings-path /Users/bf/Library/CloudStorage/GoogleDrive-bernynoussi@gmail.com/Mon\ Drive/Formation/Collège\ BDEB/ETE_2026/420-A60-BB\ ALGORITHMES\ D\'APPRENTISSAGE\ PROFOND/Examen\ Final/PasteAsFile/build/PasteAsFile.build/Release/PasteAsFileFinder.build/Objects-normal/arm64 -c -num-threads 16 -Xcc -ivfsstatcache -Xcc /var/folders/sm/l4mlp9mj4sqg28sl7qrbyx080000gn/C/com.apple.DeveloperTools/27.0-27A266a/Xcode/SDKStatCaches.noindex/macosx27.0-26A425-7231f6df4def33e022ae2eb8f782df1a.sdkstatcache -output-file-map /Users/bf/Library/CloudStorage/GoogleDrive-bernynoussi@gmail.com/Mon\ Drive/Formation/Collège\ BDEB/ETE_2026/420-A60-BB\ ALGORITHMES\ D\'APPRENTISSAGE\ PROFOND/Examen\ Final/PasteAsFile/build/PasteAsFile.build/Release/PasteAsFileFinder.build/Objects-normal/arm64/PasteAsFileFinder-OutputFileMap.json -save-temps -no-color-diagnostics -explicit-module-build -module-cache-path /Users/bf/Library/CloudStorage/GoogleDrive-bernynoussi@gmail.com/Mon\ Drive/Formation/Collège\ BDEB/ETE_2026/420-A60-BB\ ALGORITHMES\ D\'APPRENTISSAGE\ PROFOND/Examen\ Final/PasteAsFile/build/SwiftExplicitPrecompiledModules -emit-dependencies -emit-module -emit-module-path /Users/bf/Library/CloudStorage/GoogleDrive-bernynoussi@gmail.com/Mon\ Drive/Formation/Collège\ BDEB/ETE_2026/420-A60-BB\ ALGORITHMES\ D\'APPRENTISSAGE\ PROFOND/Examen\ Final/PasteAsFile/build/PasteAsFile.build/Release/PasteAsFileFinder.build/Objects-normal/arm64/PasteAsFileFinder.swiftmodule -serialize-diagnostics -dependency-scan-serialize-diagnostics-path /Users/bf/Library/CloudStorage/GoogleDrive-bernynoussi@gmail.com/Mon\ Drive/Formation/Collège\ BDEB/ETE_2026/420-A60-BB\ ALGORITHMES\ D\'APPRENTISSAGE\ PROFOND/Examen\ Final/PasteAsFile/build/PasteAsFile.build/Release/PasteAsFileFinder.build/Objects-normal/arm64/PasteAsFileFinder-dependency-scan.dia -validate-clang-modules-once -clang-build-session-file /var/folders/sm/l4mlp9mj4sqg28sl7qrbyx080000gn/C/org.llvm.clang/ModuleCache.noindex/Session.modulevalidation -Xcc -fmodules-prune-interval\=86400 -Xcc -fmodules-prune-after\=345600 -emit-const-values -const-gather-protocols-list /Users/bf/Library/CloudStorage/GoogleDrive-bernynoussi@gmail.com/Mon\ Drive/Formation/Collège\ BDEB/ETE_2026/420-A60-BB\ ALGORITHMES\ D\'APPRENTISSAGE\ PROFOND/Examen\ Final/PasteAsFile/build/PasteAsFile.build/Release/PasteAsFileFinder.build/Objects-normal/arm64/PasteAsFileFinder_const_extract_protocols.json -Xcc -iquote -Xcc /Users/bf/Library/CloudStorage/GoogleDrive-bernynoussi@gmail.com/Mon\ Drive/Formation/Collège\ BDEB/ETE_2026/420-A60-BB\ ALGORITHMES\ D\'APPRENTISSAGE\ PROFOND/Examen\ Final/PasteAsFile/build/PasteAsFile.build/Release/PasteAsFileFinder.build/PasteAsFileFinder-generated-files.hmap -Xcc -I/Users/bf/Library/CloudStorage/GoogleDrive-bernynoussi@gmail.com/Mon\ Drive/Formation/Collège\ BDEB/ETE_2026/420-A60-BB\ ALGORITHMES\ D\'APPRENTISSAGE\ PROFOND/Examen\ Final/PasteAsFile/build/PasteAsFile.build/Release/PasteAsFileFinder.build/PasteAsFileFinder-own-target-headers.hmap -Xcc -I/Users/bf/Library/CloudStorage/GoogleDrive-bernynoussi@gmail.com/Mon\ Drive/Formation/Collège\ BDEB/ETE_2026/420-A60-BB\ ALGORITHMES\ D\'APPRENTISSAGE\ PROFOND/Examen\ Final/PasteAsFile/build/PasteAsFile.build/Release/PasteAsFileFinder.build/PasteAsFileFinder-all-target-headers.hmap -Xcc -iquote -Xcc /Users/bf/Library/CloudStorage/GoogleDrive-bernynoussi@gmail.com/Mon\ Drive/Formation/Collège\ BDEB/ETE_2026/420-A60-BB\ ALGORITHMES\ D\'APPRENTISSAGE\ PROFOND/Examen\ Final/PasteAsFile/build/PasteAsFile.build/Release/PasteAsFileFinder.build/PasteAsFileFinder-project-headers.hmap -Xcc -I/Users/bf/Library/CloudStorage/GoogleDrive-bernynoussi@gmail.com/Mon\ Drive/Formation/Collège\ BDEB/ETE_2026/420-A60-BB\ ALGORITHMES\ D\'APPRENTISSAGE\ PROFOND/Examen\ Final/PasteAsFile/build/Release/include -Xcc -I/Users/bf/Library/CloudStorage/GoogleDrive-bernynoussi@gmail.com/Mon\ Drive/Formation/Collège\ BDEB/ETE_2026/420-A60-BB\ ALGORITHMES\ D\'APPRENTISSAGE\ PROFOND/Examen\ Final/PasteAsFile/build/PasteAsFile.build/Release/PasteAsFileFinder.build/DerivedSources-normal/arm64 -Xcc -I/Users/bf/Library/CloudStorage/GoogleDrive-bernynoussi@gmail.com/Mon\ Drive/Formation/Collège\ BDEB/ETE_2026/420-A60-BB\ ALGORITHMES\ D\'APPRENTISSAGE\ PROFOND/Examen\ Final/PasteAsFile/build/PasteAsFile.build/Release/PasteAsFileFinder.build/DerivedSources/arm64 -Xcc -I/Users/bf/Library/CloudStorage/GoogleDrive-bernynoussi@gmail.com/Mon\ Drive/Formation/Collège\ BDEB/ETE_2026/420-A60-BB\ ALGORITHMES\ D\'APPRENTISSAGE\ PROFOND/Examen\ Final/PasteAsFile/build/PasteAsFile.build/Release/PasteAsFileFinder.build/DerivedSources -emit-objc-header -emit-objc-header-path /Users/bf/Library/CloudStorage/GoogleDrive-bernynoussi@gmail.com/Mon\ Drive/Formation/Collège\ BDEB/ETE_2026/420-A60-BB\ ALGORITHMES\ D\'APPRENTISSAGE\ PROFOND/Examen\ Final/PasteAsFile/build/PasteAsFile.build/Release/PasteAsFileFinder.build/Objects-normal/arm64/PasteAsFileFinder-Swift.h -working-directory /Users/bf/Library/CloudStorage/GoogleDrive-bernynoussi@gmail.com/Mon\ Drive/Formation/Collège\ BDEB/ETE_2026/420-A60-BB\ ALGORITHMES\ D\'APPRENTISSAGE\ PROFOND/Examen\ Final/PasteAsFile -no-emit-module-separately-wmo

SwiftExplicitDependencyGeneratePcm x86_64 /Users/bf/Library/CloudStorage/GoogleDrive-bernynoussi@gmail.com/Mon\ Drive/Formation/Collège\ BDEB/ETE_2026/420-A60-BB\ ALGORITHMES\ D\'APPRENTISSAGE\ PROFOND/Examen\ Final/PasteAsFile/build/SwiftExplicitPrecompiledModules/SwiftShims-V39BID4P85AD4L2HH6U4MRLQ.pcm

SwiftExplicitDependencyGeneratePcm arm64 /Users/bf/Library/CloudStorage/GoogleDrive-bernynoussi@gmail.com/Mon\ Drive/Formation/Collège\ BDEB/ETE_2026/420-A60-BB\ ALGORITHMES\ D\'APPRENTISSAGE\ PROFOND/Examen\ Final/PasteAsFile/build/SwiftExplicitPrecompiledModules/ptrauth-EHB4L2LQVSTOOSY1WSV42LM6X.pcm

SwiftExplicitDependencyGeneratePcm arm64 /Users/bf/Library/CloudStorage/GoogleDrive-bernynoussi@gmail.com/Mon\ Drive/Formation/Collège\ BDEB/ETE_2026/420-A60-BB\ ALGORITHMES\ D\'APPRENTISSAGE\ PROFOND/Examen\ Final/PasteAsFile/build/SwiftExplicitPrecompiledModules/SwiftShims-DEJO4SETCYYAPK3YBMOHTB7PY.pcm

SwiftExplicitDependencyGeneratePcm arm64 /Users/bf/Library/CloudStorage/GoogleDrive-bernynoussi@gmail.com/Mon\ Drive/Formation/Collège\ BDEB/ETE_2026/420-A60-BB\ ALGORITHMES\ D\'APPRENTISSAGE\ PROFOND/Examen\ Final/PasteAsFile/build/SwiftExplicitPrecompiledModules/_Builtin_stdbool-4B522RSXRM54D3UELMOZT3UWY.pcm

SwiftExplicitDependencyGeneratePcm arm64 /Users/bf/Library/CloudStorage/GoogleDrive-bernynoussi@gmail.com/Mon\ Drive/Formation/Collège\ BDEB/ETE_2026/420-A60-BB\ ALGORITHMES\ D\'APPRENTISSAGE\ PROFOND/Examen\ Final/PasteAsFile/build/SwiftExplicitPrecompiledModules/_AvailabilityInternal-97WG748UK7DXHC6XSVBIWRLYG.pcm

SwiftExplicitDependencyGeneratePcm arm64 /Users/bf/Library/CloudStorage/GoogleDrive-bernynoussi@gmail.com/Mon\ Drive/Formation/Collège\ BDEB/ETE_2026/420-A60-BB\ ALGORITHMES\ D\'APPRENTISSAGE\ PROFOND/Examen\ Final/PasteAsFile/build/SwiftExplicitPrecompiledModules/DeveloperToolsSupport-DTIO8B8NFPET6287O1AVBYVZW.pcm

SwiftExplicitDependencyGeneratePcm arm64 /Users/bf/Library/CloudStorage/GoogleDrive-bernynoussi@gmail.com/Mon\ Drive/Formation/Collège\ BDEB/ETE_2026/420-A60-BB\ ALGORITHMES\ D\'APPRENTISSAGE\ PROFOND/Examen\ Final/PasteAsFile/build/SwiftExplicitPrecompiledModules/_Builtin_float-8F39JGV06MRCZPDZTJW450X45.pcm

SwiftExplicitDependencyGeneratePcm arm64 /Users/bf/Library/CloudStorage/GoogleDrive-bernynoussi@gmail.com/Mon\ Drive/Formation/Collège\ BDEB/ETE_2026/420-A60-BB\ ALGORITHMES\ D\'APPRENTISSAGE\ PROFOND/Examen\ Final/PasteAsFile/build/SwiftExplicitPrecompiledModules/_Builtin_stdarg-B9SC3ZWSG97FNHJKJ91KGXKQJ.pcm

SwiftExplicitDependencyGeneratePcm arm64 /Users/bf/Library/CloudStorage/GoogleDrive-bernynoussi@gmail.com/Mon\ Drive/Formation/Collège\ BDEB/ETE_2026/420-A60-BB\ ALGORITHMES\ D\'APPRENTISSAGE\ PROFOND/Examen\ Final/PasteAsFile/build/SwiftExplicitPrecompiledModules/ptrcheck-6LIYK48HYFPDR4LJCTT1EIIZK.pcm

SwiftExplicitDependencyGeneratePcm arm64 /Users/bf/Library/CloudStorage/GoogleDrive-bernynoussi@gmail.com/Mon\ Drive/Formation/Collège\ BDEB/ETE_2026/420-A60-BB\ ALGORITHMES\ D\'APPRENTISSAGE\ PROFOND/Examen\ Final/PasteAsFile/build/SwiftExplicitPrecompiledModules/_SwiftConcurrencyShims-167ZBYU1NBROFV6BFBUAMMUCO.pcm

SwiftExplicitDependencyGeneratePcm arm64 /Users/bf/Library/CloudStorage/GoogleDrive-bernynoussi@gmail.com/Mon\ Drive/Formation/Collège\ BDEB/ETE_2026/420-A60-BB\ ALGORITHMES\ D\'APPRENTISSAGE\ PROFOND/Examen\ Final/PasteAsFile/build/SwiftExplicitPrecompiledModules/_Builtin_stddef-6GT0AW89G0K7FTUQZ53U53C3L.pcm

SwiftExplicitDependencyGeneratePcm arm64 /Users/bf/Library/CloudStorage/GoogleDrive-bernynoussi@gmail.com/Mon\ Drive/Formation/Collège\ BDEB/ETE_2026/420-A60-BB\ ALGORITHMES\ D\'APPRENTISSAGE\ PROFOND/Examen\ Final/PasteAsFile/build/SwiftExplicitPrecompiledModules/_DarwinFoundation1-AMZ5WES4K0XVZAXLDKTBJJMQ9.pcm

SwiftExplicitDependencyGeneratePcm x86_64 /Users/bf/Library/CloudStorage/GoogleDrive-bernynoussi@gmail.com/Mon\ Drive/Formation/Collège\ BDEB/ETE_2026/420-A60-BB\ ALGORITHMES\ D\'APPRENTISSAGE\ PROFOND/Examen\ Final/PasteAsFile/build/SwiftExplicitPrecompiledModules/_DarwinFoundation1-ADRYC4N3B6AA386DGHVPEH9GP.pcm

SwiftExplicitDependencyGeneratePcm arm64 /Users/bf/Library/CloudStorage/GoogleDrive-bernynoussi@gmail.com/Mon\ Drive/Formation/Collège\ BDEB/ETE_2026/420-A60-BB\ ALGORITHMES\ D\'APPRENTISSAGE\ PROFOND/Examen\ Final/PasteAsFile/build/SwiftExplicitPrecompiledModules/_Builtin_limits-61UK4NVHY8DSMJXQKJEZUR3BC.pcm

SwiftExplicitDependencyGeneratePcm arm64 /Users/bf/Library/CloudStorage/GoogleDrive-bernynoussi@gmail.com/Mon\ Drive/Formation/Collège\ BDEB/ETE_2026/420-A60-BB\ ALGORITHMES\ D\'APPRENTISSAGE\ PROFOND/Examen\ Final/PasteAsFile/build/SwiftExplicitPrecompiledModules/_DarwinFoundation2-AG1N7QHRNI6SDKE8TG7KOGXXP.pcm

SwiftExplicitDependencyGeneratePcm x86_64 /Users/bf/Library/CloudStorage/GoogleDrive-bernynoussi@gmail.com/Mon\ Drive/Formation/Collège\ BDEB/ETE_2026/420-A60-BB\ ALGORITHMES\ D\'APPRENTISSAGE\ PROFOND/Examen\ Final/PasteAsFile/build/SwiftExplicitPrecompiledModules/_Builtin_limits-CQX24T8JEIW9JL8EGBYMGPOHN.pcm

SwiftExplicitDependencyGeneratePcm x86_64 /Users/bf/Library/CloudStorage/GoogleDrive-bernynoussi@gmail.com/Mon\ Drive/Formation/Collège\ BDEB/ETE_2026/420-A60-BB\ ALGORITHMES\ D\'APPRENTISSAGE\ PROFOND/Examen\ Final/PasteAsFile/build/SwiftExplicitPrecompiledModules/_DarwinFoundation2-E7EF267SQ3VKC2ABKP5VPKZ94.pcm

SwiftExplicitDependencyGeneratePcm arm64 /Users/bf/Library/CloudStorage/GoogleDrive-bernynoussi@gmail.com/Mon\ Drive/Formation/Collège\ BDEB/ETE_2026/420-A60-BB\ ALGORITHMES\ D\'APPRENTISSAGE\ PROFOND/Examen\ Final/PasteAsFile/build/SwiftExplicitPrecompiledModules/_Builtin_tgmath-8VDHNXXBIYJ246S5CMR7OGHYS.pcm

SwiftExplicitDependencyGeneratePcm arm64 /Users/bf/Library/CloudStorage/GoogleDrive-bernynoussi@gmail.com/Mon\ Drive/Formation/Collège\ BDEB/ETE_2026/420-A60-BB\ ALGORITHMES\ D\'APPRENTISSAGE\ PROFOND/Examen\ Final/PasteAsFile/build/SwiftExplicitPrecompiledModules/string_h-5M8M9M478K5HJMAJ1GEWOT30P.pcm

SwiftExplicitDependencyGeneratePcm arm64 /Users/bf/Library/CloudStorage/GoogleDrive-bernynoussi@gmail.com/Mon\ Drive/Formation/Collège\ BDEB/ETE_2026/420-A60-BB\ ALGORITHMES\ D\'APPRENTISSAGE\ PROFOND/Examen\ Final/PasteAsFile/build/SwiftExplicitPrecompiledModules/sys_types-4R6EDG4B7PGZK8GXZWS1CP2P4.pcm

SwiftExplicitDependencyGeneratePcm arm64 /Users/bf/Library/CloudStorage/GoogleDrive-bernynoussi@gmail.com/Mon\ Drive/Formation/Collège\ BDEB/ETE_2026/420-A60-BB\ ALGORITHMES\ D\'APPRENTISSAGE\ PROFOND/Examen\ Final/PasteAsFile/build/SwiftExplicitPrecompiledModules/_Builtin_stdint-12V8LH51PCDC7LDTSIN3M7PJ0.pcm

SwiftExplicitDependencyGeneratePcm x86_64 /Users/bf/Library/CloudStorage/GoogleDrive-bernynoussi@gmail.com/Mon\ Drive/Formation/Collège\ BDEB/ETE_2026/420-A60-BB\ ALGORITHMES\ D\'APPRENTISSAGE\ PROFOND/Examen\ Final/PasteAsFile/build/SwiftExplicitPrecompiledModules/sys_types-EY5OIFTGBGQVT6FH1RJ9LUTXP.pcm

SwiftExplicitDependencyGeneratePcm x86_64 /Users/bf/Library/CloudStorage/GoogleDrive-bernynoussi@gmail.com/Mon\ Drive/Formation/Collège\ BDEB/ETE_2026/420-A60-BB\ ALGORITHMES\ D\'APPRENTISSAGE\ PROFOND/Examen\ Final/PasteAsFile/build/SwiftExplicitPrecompiledModules/_Builtin_tgmath-58B4AZDTSCQ7U74U8JDO16889.pcm

SwiftExplicitDependencyGeneratePcm x86_64 /Users/bf/Library/CloudStorage/GoogleDrive-bernynoussi@gmail.com/Mon\ Drive/Formation/Collège\ BDEB/ETE_2026/420-A60-BB\ ALGORITHMES\ D\'APPRENTISSAGE\ PROFOND/Examen\ Final/PasteAsFile/build/SwiftExplicitPrecompiledModules/string_h-66PHETMNSE2TSSKO3FKKK7X0Q.pcm

SwiftExplicitDependencyGeneratePcm x86_64 /Users/bf/Library/CloudStorage/GoogleDrive-bernynoussi@gmail.com/Mon\ Drive/Formation/Collège\ BDEB/ETE_2026/420-A60-BB\ ALGORITHMES\ D\'APPRENTISSAGE\ PROFOND/Examen\ Final/PasteAsFile/build/SwiftExplicitPrecompiledModules/_Builtin_stdint-3Q0XEHUHGDC4LZKIL3LRK7JJV.pcm

SwiftExplicitDependencyGeneratePcm arm64 /Users/bf/Library/CloudStorage/GoogleDrive-bernynoussi@gmail.com/Mon\ Drive/Formation/Collège\ BDEB/ETE_2026/420-A60-BB\ ALGORITHMES\ D\'APPRENTISSAGE\ PROFOND/Examen\ Final/PasteAsFile/build/SwiftExplicitPrecompiledModules/_Builtin_stdatomic-B35B5J95RWJE9IFPYXS1B2D7K.pcm

SwiftExplicitDependencyGeneratePcm arm64 /Users/bf/Library/CloudStorage/GoogleDrive-bernynoussi@gmail.com/Mon\ Drive/Formation/Collège\ BDEB/ETE_2026/420-A60-BB\ ALGORITHMES\ D\'APPRENTISSAGE\ PROFOND/Examen\ Final/PasteAsFile/build/SwiftExplicitPrecompiledModules/_Builtin_intrinsics-21VTAJROV8HCZ43MI8DCGORLO.pcm

SwiftExplicitDependencyGeneratePcm arm64 /Users/bf/Library/CloudStorage/GoogleDrive-bernynoussi@gmail.com/Mon\ Drive/Formation/Collège\ BDEB/ETE_2026/420-A60-BB\ ALGORITHMES\ D\'APPRENTISSAGE\ PROFOND/Examen\ Final/PasteAsFile/build/SwiftExplicitPrecompiledModules/_DarwinFoundation3-8OXJCN0D2GPR5S12K3R13LJRC.pcm

SwiftExplicitDependencyGeneratePcm arm64 /Users/bf/Library/CloudStorage/GoogleDrive-bernynoussi@gmail.com/Mon\ Drive/Formation/Collège\ BDEB/ETE_2026/420-A60-BB\ ALGORITHMES\ D\'APPRENTISSAGE\ PROFOND/Examen\ Final/PasteAsFile/build/SwiftExplicitPrecompiledModules/libDER-48VUD89EODKP7XHYEY466ILJZ.pcm

SwiftExplicitDependencyGeneratePcm x86_64 /Users/bf/Library/CloudStorage/GoogleDrive-bernynoussi@gmail.com/Mon\ Drive/Formation/Collège\ BDEB/ETE_2026/420-A60-BB\ ALGORITHMES\ D\'APPRENTISSAGE\ PROFOND/Examen\ Final/PasteAsFile/build/SwiftExplicitPrecompiledModules/_DarwinFoundation3-DMZJ88SUNX9TBCQP32HTKLVEN.pcm

SwiftExplicitDependencyGeneratePcm x86_64 /Users/bf/Library/CloudStorage/GoogleDrive-bernynoussi@gmail.com/Mon\ Drive/Formation/Collège\ BDEB/ETE_2026/420-A60-BB\ ALGORITHMES\ D\'APPRENTISSAGE\ PROFOND/Examen\ Final/PasteAsFile/build/SwiftExplicitPrecompiledModules/_Builtin_stdatomic-AZ9UQJPY6J1BV5I9JQLZGZZLS.pcm

SwiftExplicitDependencyGeneratePcm x86_64 /Users/bf/Library/CloudStorage/GoogleDrive-bernynoussi@gmail.com/Mon\ Drive/Formation/Collège\ BDEB/ETE_2026/420-A60-BB\ ALGORITHMES\ D\'APPRENTISSAGE\ PROFOND/Examen\ Final/PasteAsFile/build/SwiftExplicitPrecompiledModules/libDER-1Z3OND3NKUFD3DNYLF5B7BTXC.pcm

SwiftExplicitDependencyGeneratePcm arm64 /Users/bf/Library/CloudStorage/GoogleDrive-bernynoussi@gmail.com/Mon\ Drive/Formation/Collège\ BDEB/ETE_2026/420-A60-BB\ ALGORITHMES\ D\'APPRENTISSAGE\ PROFOND/Examen\ Final/PasteAsFile/build/SwiftExplicitPrecompiledModules/_Builtin_inttypes-ASLB7H7HGGMEYFKEIFLVFT9R9.pcm

SwiftExplicitDependencyGeneratePcm x86_64 /Users/bf/Library/CloudStorage/GoogleDrive-bernynoussi@gmail.com/Mon\ Drive/Formation/Collège\ BDEB/ETE_2026/420-A60-BB\ ALGORITHMES\ D\'APPRENTISSAGE\ PROFOND/Examen\ Final/PasteAsFile/build/SwiftExplicitPrecompiledModules/_Builtin_inttypes-42URPSUW74LT2GY9TKS3TBZXM.pcm

SwiftExplicitDependencyGeneratePcm x86_64 /Users/bf/Library/CloudStorage/GoogleDrive-bernynoussi@gmail.com/Mon\ Drive/Formation/Collège\ BDEB/ETE_2026/420-A60-BB\ ALGORITHMES\ D\'APPRENTISSAGE\ PROFOND/Examen\ Final/PasteAsFile/build/SwiftExplicitPrecompiledModules/_Builtin_intrinsics-2OV6GIYL8WJV7WLAHP2H7ZC6E.pcm

SwiftExplicitDependencyGeneratePcm arm64 /Users/bf/Library/CloudStorage/GoogleDrive-bernynoussi@gmail.com/Mon\ Drive/Formation/Collège\ BDEB/ETE_2026/420-A60-BB\ ALGORITHMES\ D\'APPRENTISSAGE\ PROFOND/Examen\ Final/PasteAsFile/build/SwiftExplicitPrecompiledModules/Darwin-BPJ17XJXH93F2JZK4FU7MEVVV.pcm

SwiftExplicitDependencyGeneratePcm x86_64 /Users/bf/Library/CloudStorage/GoogleDrive-bernynoussi@gmail.com/Mon\ Drive/Formation/Collège\ BDEB/ETE_2026/420-A60-BB\ ALGORITHMES\ D\'APPRENTISSAGE\ PROFOND/Examen\ Final/PasteAsFile/build/SwiftExplicitPrecompiledModules/Darwin-EZ84002XQWZL09KX1CE4Z4JV6.pcm

SwiftExplicitDependencyGeneratePcm arm64 /Users/bf/Library/CloudStorage/GoogleDrive-bernynoussi@gmail.com/Mon\ Drive/Formation/Collège\ BDEB/ETE_2026/420-A60-BB\ ALGORITHMES\ D\'APPRENTISSAGE\ PROFOND/Examen\ Final/PasteAsFile/build/SwiftExplicitPrecompiledModules/simd-7L0G0UWPMFJWVNS1AS9IK6OZF.pcm

SwiftExplicitDependencyGeneratePcm x86_64 /Users/bf/Library/CloudStorage/GoogleDrive-bernynoussi@gmail.com/Mon\ Drive/Formation/Collège\ BDEB/ETE_2026/420-A60-BB\ ALGORITHMES\ D\'APPRENTISSAGE\ PROFOND/Examen\ Final/PasteAsFile/build/SwiftExplicitPrecompiledModules/simd-1JCDUVI57UAJZDJH8T11QMMD.pcm

SwiftExplicitDependencyGeneratePcm arm64 /Users/bf/Library/CloudStorage/GoogleDrive-bernynoussi@gmail.com/Mon\ Drive/Formation/Collège\ BDEB/ETE_2026/420-A60-BB\ ALGORITHMES\ D\'APPRENTISSAGE\ PROFOND/Examen\ Final/PasteAsFile/build/SwiftExplicitPrecompiledModules/MachO-5GBJ1C387R4DT1VSFP2ZZ0DHR.pcm

SwiftExplicitDependencyGeneratePcm arm64 /Users/bf/Library/CloudStorage/GoogleDrive-bernynoussi@gmail.com/Mon\ Drive/Formation/Collège\ BDEB/ETE_2026/420-A60-BB\ ALGORITHMES\ D\'APPRENTISSAGE\ PROFOND/Examen\ Final/PasteAsFile/build/SwiftExplicitPrecompiledModules/launch-9GB15543MSYHYCF8L7OOBZUZ4.pcm

SwiftExplicitDependencyGeneratePcm arm64 /Users/bf/Library/CloudStorage/GoogleDrive-bernynoussi@gmail.com/Mon\ Drive/Formation/Collège\ BDEB/ETE_2026/420-A60-BB\ ALGORITHMES\ D\'APPRENTISSAGE\ PROFOND/Examen\ Final/PasteAsFile/build/SwiftExplicitPrecompiledModules/CUPS-805AF5M0DWR0HTN4D48VUYTYP.pcm

SwiftExplicitDependencyGeneratePcm arm64 /Users/bf/Library/CloudStorage/GoogleDrive-bernynoussi@gmail.com/Mon\ Drive/Formation/Collège\ BDEB/ETE_2026/420-A60-BB\ ALGORITHMES\ D\'APPRENTISSAGE\ PROFOND/Examen\ Final/PasteAsFile/build/SwiftExplicitPrecompiledModules/libkern-P0ODKA9MMJRGZ17ZN5F8ZLGM.pcm

SwiftExplicitDependencyGeneratePcm x86_64 /Users/bf/Library/CloudStorage/GoogleDrive-bernynoussi@gmail.com/Mon\ Drive/Formation/Collège\ BDEB/ETE_2026/420-A60-BB\ ALGORITHMES\ D\'APPRENTISSAGE\ PROFOND/Examen\ Final/PasteAsFile/build/SwiftExplicitPrecompiledModules/MachO-F9X9MJ1NFVBM525EET903UNK.pcm

SwiftExplicitDependencyGeneratePcm x86_64 /Users/bf/Library/CloudStorage/GoogleDrive-bernynoussi@gmail.com/Mon\ Drive/Formation/Collège\ BDEB/ETE_2026/420-A60-BB\ ALGORITHMES\ D\'APPRENTISSAGE\ PROFOND/Examen\ Final/PasteAsFile/build/SwiftExplicitPrecompiledModules/libkern-73588KFP3XC4LVBSQBCFFQNIT.pcm

SwiftExplicitDependencyGeneratePcm x86_64 /Users/bf/Library/CloudStorage/GoogleDrive-bernynoussi@gmail.com/Mon\ Drive/Formation/Collège\ BDEB/ETE_2026/420-A60-BB\ ALGORITHMES\ D\'APPRENTISSAGE\ PROFOND/Examen\ Final/PasteAsFile/build/SwiftExplicitPrecompiledModules/launch-S6TWMTE9X5MXHAGUAOV01V62.pcm

SwiftExplicitDependencyGeneratePcm x86_64 /Users/bf/Library/CloudStorage/GoogleDrive-bernynoussi@gmail.com/Mon\ Drive/Formation/Collège\ BDEB/ETE_2026/420-A60-BB\ ALGORITHMES\ D\'APPRENTISSAGE\ PROFOND/Examen\ Final/PasteAsFile/build/SwiftExplicitPrecompiledModules/CUPS-46U248FZSFJIAMIDR5YQ5XWDU.pcm

SwiftExplicitDependencyGeneratePcm arm64 /Users/bf/Library/CloudStorage/GoogleDrive-bernynoussi@gmail.com/Mon\ Drive/Formation/Collège\ BDEB/ETE_2026/420-A60-BB\ ALGORITHMES\ D\'APPRENTISSAGE\ PROFOND/Examen\ Final/PasteAsFile/build/SwiftExplicitPrecompiledModules/Spatial-5NDFWD12HZM8I6VRPENTNYWKL.pcm

SwiftExplicitDependencyGeneratePcm arm64 /Users/bf/Library/CloudStorage/GoogleDrive-bernynoussi@gmail.com/Mon\ Drive/Formation/Collège\ BDEB/ETE_2026/420-A60-BB\ ALGORITHMES\ D\'APPRENTISSAGE\ PROFOND/Examen\ Final/PasteAsFile/build/SwiftExplicitPrecompiledModules/ObjectiveC-A8PT3VGKULMFUEARX4HHA74RG.pcm

SwiftExplicitDependencyGeneratePcm x86_64 /Users/bf/Library/CloudStorage/GoogleDrive-bernynoussi@gmail.com/Mon\ Drive/Formation/Collège\ BDEB/ETE_2026/420-A60-BB\ ALGORITHMES\ D\'APPRENTISSAGE\ PROFOND/Examen\ Final/PasteAsFile/build/SwiftExplicitPrecompiledModules/ObjectiveC-CTG86MRZ8DULCOWK8YRGRMXUG.pcm

SwiftExplicitDependencyGeneratePcm arm64 /Users/bf/Library/CloudStorage/GoogleDrive-bernynoussi@gmail.com/Mon\ Drive/Formation/Collège\ BDEB/ETE_2026/420-A60-BB\ ALGORITHMES\ D\'APPRENTISSAGE\ PROFOND/Examen\ Final/PasteAsFile/build/SwiftExplicitPrecompiledModules/os_object-7JBEKU8UGCYDPWNRE3BR4SX7F.pcm

SwiftExplicitDependencyGeneratePcm x86_64 /Users/bf/Library/CloudStorage/GoogleDrive-bernynoussi@gmail.com/Mon\ Drive/Formation/Collège\ BDEB/ETE_2026/420-A60-BB\ ALGORITHMES\ D\'APPRENTISSAGE\ PROFOND/Examen\ Final/PasteAsFile/build/SwiftExplicitPrecompiledModules/os_object-7H29RDMG2SGUIOW57KCITDBV1.pcm

SwiftExplicitDependencyGeneratePcm arm64 /Users/bf/Library/CloudStorage/GoogleDrive-bernynoussi@gmail.com/Mon\ Drive/Formation/Collège\ BDEB/ETE_2026/420-A60-BB\ ALGORITHMES\ D\'APPRENTISSAGE\ PROFOND/Examen\ Final/PasteAsFile/build/SwiftExplicitPrecompiledModules/os_workgroup-32GXJD8G1WK2XEXT6ZIJOJLOO.pcm

SwiftExplicitDependencyGeneratePcm x86_64 /Users/bf/Library/CloudStorage/GoogleDrive-bernynoussi@gmail.com/Mon\ Drive/Formation/Collège\ BDEB/ETE_2026/420-A60-BB\ ALGORITHMES\ D\'APPRENTISSAGE\ PROFOND/Examen\ Final/PasteAsFile/build/SwiftExplicitPrecompiledModules/Spatial-BW5T4TPFIUIXCGOAQYHUUSILG.pcm

SwiftExplicitDependencyGeneratePcm x86_64 /Users/bf/Library/CloudStorage/GoogleDrive-bernynoussi@gmail.com/Mon\ Drive/Formation/Collège\ BDEB/ETE_2026/420-A60-BB\ ALGORITHMES\ D\'APPRENTISSAGE\ PROFOND/Examen\ Final/PasteAsFile/build/SwiftExplicitPrecompiledModules/os_workgroup-6WL5TEAE1GUPN4NDVQTJVTVPM.pcm

SwiftExplicitDependencyGeneratePcm arm64 /Users/bf/Library/CloudStorage/GoogleDrive-bernynoussi@gmail.com/Mon\ Drive/Formation/Collège\ BDEB/ETE_2026/420-A60-BB\ ALGORITHMES\ D\'APPRENTISSAGE\ PROFOND/Examen\ Final/PasteAsFile/build/SwiftExplicitPrecompiledModules/Dispatch-5FUCE1HGIOFGGEKRW0W8PGLY4.pcm

SwiftExplicitDependencyGeneratePcm x86_64 /Users/bf/Library/CloudStorage/GoogleDrive-bernynoussi@gmail.com/Mon\ Drive/Formation/Collège\ BDEB/ETE_2026/420-A60-BB\ ALGORITHMES\ D\'APPRENTISSAGE\ PROFOND/Examen\ Final/PasteAsFile/build/SwiftExplicitPrecompiledModules/Dispatch-1I9PEVZB7EDO2RQ0VKB2D79G0.pcm

SwiftExplicitDependencyGeneratePcm arm64 /Users/bf/Library/CloudStorage/GoogleDrive-bernynoussi@gmail.com/Mon\ Drive/Formation/Collège\ BDEB/ETE_2026/420-A60-BB\ ALGORITHMES\ D\'APPRENTISSAGE\ PROFOND/Examen\ Final/PasteAsFile/build/SwiftExplicitPrecompiledModules/XPC-4PCJ6RMQMAFOYZ5ZNN20IQBNO.pcm

SwiftExplicitDependencyGeneratePcm arm64 /Users/bf/Library/CloudStorage/GoogleDrive-bernynoussi@gmail.com/Mon\ Drive/Formation/Collège\ BDEB/ETE_2026/420-A60-BB\ ALGORITHMES\ D\'APPRENTISSAGE\ PROFOND/Examen\ Final/PasteAsFile/build/SwiftExplicitPrecompiledModules/CoreFoundation-25MNHUTRCJBJDHXUPNMK3H8LU.pcm

SwiftExplicitDependencyGeneratePcm x86_64 /Users/bf/Library/CloudStorage/GoogleDrive-bernynoussi@gmail.com/Mon\ Drive/Formation/Collège\ BDEB/ETE_2026/420-A60-BB\ ALGORITHMES\ D\'APPRENTISSAGE\ PROFOND/Examen\ Final/PasteAsFile/build/SwiftExplicitPrecompiledModules/CoreFoundation-BMI58FLI48MHM30PXW1QQYKZM.pcm

SwiftExplicitDependencyGeneratePcm x86_64 /Users/bf/Library/CloudStorage/GoogleDrive-bernynoussi@gmail.com/Mon\ Drive/Formation/Collège\ BDEB/ETE_2026/420-A60-BB\ ALGORITHMES\ D\'APPRENTISSAGE\ PROFOND/Examen\ Final/PasteAsFile/build/SwiftExplicitPrecompiledModules/XPC-4HWGG95CZKKAPJE8QGZEJ455O.pcm

SwiftExplicitDependencyGeneratePcm arm64 /Users/bf/Library/CloudStorage/GoogleDrive-bernynoussi@gmail.com/Mon\ Drive/Formation/Collège\ BDEB/ETE_2026/420-A60-BB\ ALGORITHMES\ D\'APPRENTISSAGE\ PROFOND/Examen\ Final/PasteAsFile/build/SwiftExplicitPrecompiledModules/os-AL678TBSOKE2650YLQ5OTFBG0.pcm

SwiftExplicitDependencyGeneratePcm x86_64 /Users/bf/Library/CloudStorage/GoogleDrive-bernynoussi@gmail.com/Mon\ Drive/Formation/Collège\ BDEB/ETE_2026/420-A60-BB\ ALGORITHMES\ D\'APPRENTISSAGE\ PROFOND/Examen\ Final/PasteAsFile/build/SwiftExplicitPrecompiledModules/os-AUZQR280DLPTPJD5BD7JBAAXQ.pcm

SwiftExplicitDependencyGeneratePcm arm64 /Users/bf/Library/CloudStorage/GoogleDrive-bernynoussi@gmail.com/Mon\ Drive/Formation/Collège\ BDEB/ETE_2026/420-A60-BB\ ALGORITHMES\ D\'APPRENTISSAGE\ PROFOND/Examen\ Final/PasteAsFile/build/SwiftExplicitPrecompiledModules/ColorSync-7WQT9H1U4GWKQCW3Q9RYBEFKA.pcm

SwiftExplicitDependencyGeneratePcm arm64 /Users/bf/Library/CloudStorage/GoogleDrive-bernynoussi@gmail.com/Mon\ Drive/Formation/Collège\ BDEB/ETE_2026/420-A60-BB\ ALGORITHMES\ D\'APPRENTISSAGE\ PROFOND/Examen\ Final/PasteAsFile/build/SwiftExplicitPrecompiledModules/Security-EDBGWHP0EMOEWI59BWPJB5Z8F.pcm

SwiftExplicitDependencyGeneratePcm arm64 /Users/bf/Library/CloudStorage/GoogleDrive-bernynoussi@gmail.com/Mon\ Drive/Formation/Collège\ BDEB/ETE_2026/420-A60-BB\ ALGORITHMES\ D\'APPRENTISSAGE\ PROFOND/Examen\ Final/PasteAsFile/build/SwiftExplicitPrecompiledModules/IOKit-8X847I3P4HYV6QH3WN14J1MBY.pcm

SwiftExplicitDependencyGeneratePcm arm64 /Users/bf/Library/CloudStorage/GoogleDrive-bernynoussi@gmail.com/Mon\ Drive/Formation/Collège\ BDEB/ETE_2026/420-A60-BB\ ALGORITHMES\ D\'APPRENTISSAGE\ PROFOND/Examen\ Final/PasteAsFile/build/SwiftExplicitPrecompiledModules/CFNetwork-6NKA6CCNBCNYMMGOTAVHQOOA7.pcm

SwiftExplicitDependencyGeneratePcm x86_64 /Users/bf/Library/CloudStorage/GoogleDrive-bernynoussi@gmail.com/Mon\ Drive/Formation/Collège\ BDEB/ETE_2026/420-A60-BB\ ALGORITHMES\ D\'APPRENTISSAGE\ PROFOND/Examen\ Final/PasteAsFile/build/SwiftExplicitPrecompiledModules/IOKit-8U8FNBDE608FILYHFW5J1DDWV.pcm

SwiftExplicitDependencyGeneratePcm x86_64 /Users/bf/Library/CloudStorage/GoogleDrive-bernynoussi@gmail.com/Mon\ Drive/Formation/Collège\ BDEB/ETE_2026/420-A60-BB\ ALGORITHMES\ D\'APPRENTISSAGE\ PROFOND/Examen\ Final/PasteAsFile/build/SwiftExplicitPrecompiledModules/ColorSync-6QF9IZZA90ODV81CWCXEPXNQZ.pcm

SwiftExplicitDependencyGeneratePcm x86_64 /Users/bf/Library/CloudStorage/GoogleDrive-bernynoussi@gmail.com/Mon\ Drive/Formation/Collège\ BDEB/ETE_2026/420-A60-BB\ ALGORITHMES\ D\'APPRENTISSAGE\ PROFOND/Examen\ Final/PasteAsFile/build/SwiftExplicitPrecompiledModules/Security-CMYNHKC3STGCPRHTFUF8C2597.pcm

SwiftExplicitDependencyGeneratePcm x86_64 /Users/bf/Library/CloudStorage/GoogleDrive-bernynoussi@gmail.com/Mon\ Drive/Formation/Collège\ BDEB/ETE_2026/420-A60-BB\ ALGORITHMES\ D\'APPRENTISSAGE\ PROFOND/Examen\ Final/PasteAsFile/build/SwiftExplicitPrecompiledModules/CFNetwork-4VTAO7K052CXRJTSKXP8ELBSN.pcm

SwiftExplicitDependencyGeneratePcm arm64 /Users/bf/Library/CloudStorage/GoogleDrive-bernynoussi@gmail.com/Mon\ Drive/Formation/Collège\ BDEB/ETE_2026/420-A60-BB\ ALGORITHMES\ D\'APPRENTISSAGE\ PROFOND/Examen\ Final/PasteAsFile/build/SwiftExplicitPrecompiledModules/DiskArbitration-B6WNMS5FOKA5Q6SYSBNGIYPJA.pcm

SwiftExplicitDependencyGeneratePcm arm64 /Users/bf/Library/CloudStorage/GoogleDrive-bernynoussi@gmail.com/Mon\ Drive/Formation/Collège\ BDEB/ETE_2026/420-A60-BB\ ALGORITHMES\ D\'APPRENTISSAGE\ PROFOND/Examen\ Final/PasteAsFile/build/SwiftExplicitPrecompiledModules/CoreGraphics-2V74Q8DZB233QQHELIGUYYO5H.pcm

SwiftExplicitDependencyGeneratePcm x86_64 /Users/bf/Library/CloudStorage/GoogleDrive-bernynoussi@gmail.com/Mon\ Drive/Formation/Collège\ BDEB/ETE_2026/420-A60-BB\ ALGORITHMES\ D\'APPRENTISSAGE\ PROFOND/Examen\ Final/PasteAsFile/build/SwiftExplicitPrecompiledModules/DiskArbitration-DEXQ13JHIX5XY04N8NJCDLMZO.pcm

SwiftExplicitDependencyGeneratePcm x86_64 /Users/bf/Library/CloudStorage/GoogleDrive-bernynoussi@gmail.com/Mon\ Drive/Formation/Collège\ BDEB/ETE_2026/420-A60-BB\ ALGORITHMES\ D\'APPRENTISSAGE\ PROFOND/Examen\ Final/PasteAsFile/build/SwiftExplicitPrecompiledModules/CoreGraphics-7CMW1NXL6IX5993YXAJPS1W5W.pcm

SwiftExplicitDependencyGeneratePcm arm64 /Users/bf/Library/CloudStorage/GoogleDrive-bernynoussi@gmail.com/Mon\ Drive/Formation/Collège\ BDEB/ETE_2026/420-A60-BB\ ALGORITHMES\ D\'APPRENTISSAGE\ PROFOND/Examen\ Final/PasteAsFile/build/SwiftExplicitPrecompiledModules/CoreServices-CJOW3XABP8FWT7UI4MIF68O0E.pcm

SwiftExplicitDependencyGeneratePcm x86_64 /Users/bf/Library/CloudStorage/GoogleDrive-bernynoussi@gmail.com/Mon\ Drive/Formation/Collège\ BDEB/ETE_2026/420-A60-BB\ ALGORITHMES\ D\'APPRENTISSAGE\ PROFOND/Examen\ Final/PasteAsFile/build/SwiftExplicitPrecompiledModules/CoreServices-88MEKJYJPE147UMDT585F9SQS.pcm

SwiftExplicitDependencyGeneratePcm arm64 /Users/bf/Library/CloudStorage/GoogleDrive-bernynoussi@gmail.com/Mon\ Drive/Formation/Collège\ BDEB/ETE_2026/420-A60-BB\ ALGORITHMES\ D\'APPRENTISSAGE\ PROFOND/Examen\ Final/PasteAsFile/build/SwiftExplicitPrecompiledModules/ImageIO-6FF1UL301GOQU1W02JAT19WPQ.pcm

SwiftExplicitDependencyGeneratePcm arm64 /Users/bf/Library/CloudStorage/GoogleDrive-bernynoussi@gmail.com/Mon\ Drive/Formation/Collège\ BDEB/ETE_2026/420-A60-BB\ ALGORITHMES\ D\'APPRENTISSAGE\ PROFOND/Examen\ Final/PasteAsFile/build/SwiftExplicitPrecompiledModules/CoreText-D320ZW7LZTMAEIHUBPSSGJ6N1.pcm

SwiftExplicitDependencyGeneratePcm x86_64 /Users/bf/Library/CloudStorage/GoogleDrive-bernynoussi@gmail.com/Mon\ Drive/Formation/Collège\ BDEB/ETE_2026/420-A60-BB\ ALGORITHMES\ D\'APPRENTISSAGE\ PROFOND/Examen\ Final/PasteAsFile/build/SwiftExplicitPrecompiledModules/ImageIO-9BX3ZN7HPT0LNO60LN1DU9WB.pcm

SwiftExplicitDependencyGeneratePcm x86_64 /Users/bf/Library/CloudStorage/GoogleDrive-bernynoussi@gmail.com/Mon\ Drive/Formation/Collège\ BDEB/ETE_2026/420-A60-BB\ ALGORITHMES\ D\'APPRENTISSAGE\ PROFOND/Examen\ Final/PasteAsFile/build/SwiftExplicitPrecompiledModules/CoreText-705553MDZJRFTPT54BCVUCU5L.pcm

SwiftExplicitDependencyGeneratePcm arm64 /Users/bf/Library/CloudStorage/GoogleDrive-bernynoussi@gmail.com/Mon\ Drive/Formation/Collège\ BDEB/ETE_2026/420-A60-BB\ ALGORITHMES\ D\'APPRENTISSAGE\ PROFOND/Examen\ Final/PasteAsFile/build/SwiftExplicitPrecompiledModules/Foundation-CD1P9TM677FHM449J927T8LLY.pcm

SwiftExplicitDependencyGeneratePcm x86_64 /Users/bf/Library/CloudStorage/GoogleDrive-bernynoussi@gmail.com/Mon\ Drive/Formation/Collège\ BDEB/ETE_2026/420-A60-BB\ ALGORITHMES\ D\'APPRENTISSAGE\ PROFOND/Examen\ Final/PasteAsFile/build/SwiftExplicitPrecompiledModules/Foundation-8Z61F0OPEIJY2356868S0TQY0.pcm

SwiftExplicitDependencyGeneratePcm arm64 /Users/bf/Library/CloudStorage/GoogleDrive-bernynoussi@gmail.com/Mon\ Drive/Formation/Collège\ BDEB/ETE_2026/420-A60-BB\ ALGORITHMES\ D\'APPRENTISSAGE\ PROFOND/Examen\ Final/PasteAsFile/build/SwiftExplicitPrecompiledModules/IOSurface-BWSY0PE30ENDP38AAM96G0UUJ.pcm

SwiftExplicitDependencyGeneratePcm arm64 /Users/bf/Library/CloudStorage/GoogleDrive-bernynoussi@gmail.com/Mon\ Drive/Formation/Collège\ BDEB/ETE_2026/420-A60-BB\ ALGORITHMES\ D\'APPRENTISSAGE\ PROFOND/Examen\ Final/PasteAsFile/build/SwiftExplicitPrecompiledModules/UniformTypeIdentifiers-CRXKSLMNP6K00VTBRW0HHEDKM.pcm

SwiftExplicitDependencyGeneratePcm arm64 /Users/bf/Library/CloudStorage/GoogleDrive-bernynoussi@gmail.com/Mon\ Drive/Formation/Collège\ BDEB/ETE_2026/420-A60-BB\ ALGORITHMES\ D\'APPRENTISSAGE\ PROFOND/Examen\ Final/PasteAsFile/build/SwiftExplicitPrecompiledModules/OSLog-ND73MNXJ0LGYODERC4VEY0DL.pcm

SwiftExplicitDependencyGeneratePcm arm64 /Users/bf/Library/CloudStorage/GoogleDrive-bernynoussi@gmail.com/Mon\ Drive/Formation/Collège\ BDEB/ETE_2026/420-A60-BB\ ALGORITHMES\ D\'APPRENTISSAGE\ PROFOND/Examen\ Final/PasteAsFile/build/SwiftExplicitPrecompiledModules/CoreTransferable-BXDVE6BQFFHZ148D0WJ1XJFDI.pcm

SwiftExplicitDependencyGeneratePcm arm64 /Users/bf/Library/CloudStorage/GoogleDrive-bernynoussi@gmail.com/Mon\ Drive/Formation/Collège\ BDEB/ETE_2026/420-A60-BB\ ALGORITHMES\ D\'APPRENTISSAGE\ PROFOND/Examen\ Final/PasteAsFile/build/SwiftExplicitPrecompiledModules/DataDetection-39BONNOO48IR4ROC9X2P8G9D9.pcm

SwiftExplicitDependencyGeneratePcm arm64 /Users/bf/Library/CloudStorage/GoogleDrive-bernynoussi@gmail.com/Mon\ Drive/Formation/Collège\ BDEB/ETE_2026/420-A60-BB\ ALGORITHMES\ D\'APPRENTISSAGE\ PROFOND/Examen\ Final/PasteAsFile/build/SwiftExplicitPrecompiledModules/Symbols-A77MMJBEN2GWRRMFYAAQM1VY2.pcm

SwiftExplicitDependencyGeneratePcm arm64 /Users/bf/Library/CloudStorage/GoogleDrive-bernynoussi@gmail.com/Mon\ Drive/Formation/Collège\ BDEB/ETE_2026/420-A60-BB\ ALGORITHMES\ D\'APPRENTISSAGE\ PROFOND/Examen\ Final/PasteAsFile/build/SwiftExplicitPrecompiledModules/CoreData-2G7W4JOM0XRN3E4R6BPUDXGW4.pcm

SwiftExplicitDependencyGeneratePcm arm64 /Users/bf/Library/CloudStorage/GoogleDrive-bernynoussi@gmail.com/Mon\ Drive/Formation/Collège\ BDEB/ETE_2026/420-A60-BB\ ALGORITHMES\ D\'APPRENTISSAGE\ PROFOND/Examen\ Final/PasteAsFile/build/SwiftExplicitPrecompiledModules/ApplicationServices-85HETJM2QHDHI95I7NG35ORHI.pcm

SwiftExplicitDependencyGeneratePcm arm64 /Users/bf/Library/CloudStorage/GoogleDrive-bernynoussi@gmail.com/Mon\ Drive/Formation/Collège\ BDEB/ETE_2026/420-A60-BB\ ALGORITHMES\ D\'APPRENTISSAGE\ PROFOND/Examen\ Final/PasteAsFile/build/SwiftExplicitPrecompiledModules/Accessibility-DSRZOTICMUUUXSPQO36MXK7DO.pcm

SwiftExplicitDependencyGeneratePcm x86_64 /Users/bf/Library/CloudStorage/GoogleDrive-bernynoussi@gmail.com/Mon\ Drive/Formation/Collège\ BDEB/ETE_2026/420-A60-BB\ ALGORITHMES\ D\'APPRENTISSAGE\ PROFOND/Examen\ Final/PasteAsFile/build/SwiftExplicitPrecompiledModules/CoreTransferable-DVUSAENHXJ2VJ19YUK6MXMPTP.pcm

SwiftExplicitDependencyGeneratePcm x86_64 /Users/bf/Library/CloudStorage/GoogleDrive-bernynoussi@gmail.com/Mon\ Drive/Formation/Collège\ BDEB/ETE_2026/420-A60-BB\ ALGORITHMES\ D\'APPRENTISSAGE\ PROFOND/Examen\ Final/PasteAsFile/build/SwiftExplicitPrecompiledModules/DataDetection-BHJ9W542SHG0YOGC5LD742SSF.pcm

SwiftExplicitDependencyGeneratePcm x86_64 /Users/bf/Library/CloudStorage/GoogleDrive-bernynoussi@gmail.com/Mon\ Drive/Formation/Collège\ BDEB/ETE_2026/420-A60-BB\ ALGORITHMES\ D\'APPRENTISSAGE\ PROFOND/Examen\ Final/PasteAsFile/build/SwiftExplicitPrecompiledModules/Symbols-E1I86PNQ3M3V1IXP6IX04SFJ6.pcm

SwiftExplicitDependencyGeneratePcm x86_64 /Users/bf/Library/CloudStorage/GoogleDrive-bernynoussi@gmail.com/Mon\ Drive/Formation/Collège\ BDEB/ETE_2026/420-A60-BB\ ALGORITHMES\ D\'APPRENTISSAGE\ PROFOND/Examen\ Final/PasteAsFile/build/SwiftExplicitPrecompiledModules/Accessibility-1DMZKTPDMEA6BLO9L3RMA43SF.pcm

SwiftExplicitDependencyGeneratePcm x86_64 /Users/bf/Library/CloudStorage/GoogleDrive-bernynoussi@gmail.com/Mon\ Drive/Formation/Collège\ BDEB/ETE_2026/420-A60-BB\ ALGORITHMES\ D\'APPRENTISSAGE\ PROFOND/Examen\ Final/PasteAsFile/build/SwiftExplicitPrecompiledModules/IOSurface-78Q39EHHLTMUIWGFPG1LIT264.pcm

SwiftExplicitDependencyGeneratePcm x86_64 /Users/bf/Library/CloudStorage/GoogleDrive-bernynoussi@gmail.com/Mon\ Drive/Formation/Collège\ BDEB/ETE_2026/420-A60-BB\ ALGORITHMES\ D\'APPRENTISSAGE\ PROFOND/Examen\ Final/PasteAsFile/build/SwiftExplicitPrecompiledModules/CoreData-6QJOWCAPYRVQSV6PUAD90B5CL.pcm

SwiftExplicitDependencyGeneratePcm x86_64 /Users/bf/Library/CloudStorage/GoogleDrive-bernynoussi@gmail.com/Mon\ Drive/Formation/Collège\ BDEB/ETE_2026/420-A60-BB\ ALGORITHMES\ D\'APPRENTISSAGE\ PROFOND/Examen\ Final/PasteAsFile/build/SwiftExplicitPrecompiledModules/UniformTypeIdentifiers-4DAA7J2ZJ6HLFDFZ89D6X8WOB.pcm

SwiftExplicitDependencyGeneratePcm x86_64 /Users/bf/Library/CloudStorage/GoogleDrive-bernynoussi@gmail.com/Mon\ Drive/Formation/Collège\ BDEB/ETE_2026/420-A60-BB\ ALGORITHMES\ D\'APPRENTISSAGE\ PROFOND/Examen\ Final/PasteAsFile/build/SwiftExplicitPrecompiledModules/OSLog-DH28K12QCZ400XEWE5MDNFI6E.pcm

SwiftExplicitDependencyGeneratePcm x86_64 /Users/bf/Library/CloudStorage/GoogleDrive-bernynoussi@gmail.com/Mon\ Drive/Formation/Collège\ BDEB/ETE_2026/420-A60-BB\ ALGORITHMES\ D\'APPRENTISSAGE\ PROFOND/Examen\ Final/PasteAsFile/build/SwiftExplicitPrecompiledModules/ApplicationServices-5WCIUAXY5FL6FXRO54202GDB4.pcm

SwiftExplicitDependencyGeneratePcm x86_64 /Users/bf/Library/CloudStorage/GoogleDrive-bernynoussi@gmail.com/Mon\ Drive/Formation/Collège\ BDEB/ETE_2026/420-A60-BB\ ALGORITHMES\ D\'APPRENTISSAGE\ PROFOND/Examen\ Final/PasteAsFile/build/SwiftExplicitPrecompiledModules/Metal-B2ORNEEI121E5NT8NVXZ9NB8R.pcm

SwiftExplicitDependencyGeneratePcm x86_64 /Users/bf/Library/CloudStorage/GoogleDrive-bernynoussi@gmail.com/Mon\ Drive/Formation/Collège\ BDEB/ETE_2026/420-A60-BB\ ALGORITHMES\ D\'APPRENTISSAGE\ PROFOND/Examen\ Final/PasteAsFile/build/SwiftExplicitPrecompiledModules/OpenGL-7G2YH009E9QWOFBTOWWRG1563.pcm

SwiftExplicitDependencyGeneratePcm arm64 /Users/bf/Library/CloudStorage/GoogleDrive-bernynoussi@gmail.com/Mon\ Drive/Formation/Collège\ BDEB/ETE_2026/420-A60-BB\ ALGORITHMES\ D\'APPRENTISSAGE\ PROFOND/Examen\ Final/PasteAsFile/build/SwiftExplicitPrecompiledModules/OpenGL-7EBLFPNMYO9ALMMMN8FZABF6Z.pcm

SwiftExplicitDependencyGeneratePcm arm64 /Users/bf/Library/CloudStorage/GoogleDrive-bernynoussi@gmail.com/Mon\ Drive/Formation/Collège\ BDEB/ETE_2026/420-A60-BB\ ALGORITHMES\ D\'APPRENTISSAGE\ PROFOND/Examen\ Final/PasteAsFile/build/SwiftExplicitPrecompiledModules/Metal-4XJ6PAN3FPY330V1WGDFURP1A.pcm

SwiftExplicitDependencyGeneratePcm x86_64 /Users/bf/Library/CloudStorage/GoogleDrive-bernynoussi@gmail.com/Mon\ Drive/Formation/Collège\ BDEB/ETE_2026/420-A60-BB\ ALGORITHMES\ D\'APPRENTISSAGE\ PROFOND/Examen\ Final/PasteAsFile/build/SwiftExplicitPrecompiledModules/CoreVideo-EJSDHYY50Z7EQ6LZ50489ZVJN.pcm

SwiftExplicitDependencyGeneratePcm arm64 /Users/bf/Library/CloudStorage/GoogleDrive-bernynoussi@gmail.com/Mon\ Drive/Formation/Collège\ BDEB/ETE_2026/420-A60-BB\ ALGORITHMES\ D\'APPRENTISSAGE\ PROFOND/Examen\ Final/PasteAsFile/build/SwiftExplicitPrecompiledModules/CoreVideo-OF108YPF9L5SW67IYUAAIZTB.pcm

SwiftExplicitDependencyGeneratePcm x86_64 /Users/bf/Library/CloudStorage/GoogleDrive-bernynoussi@gmail.com/Mon\ Drive/Formation/Collège\ BDEB/ETE_2026/420-A60-BB\ ALGORITHMES\ D\'APPRENTISSAGE\ PROFOND/Examen\ Final/PasteAsFile/build/SwiftExplicitPrecompiledModules/QuartzCore-7RB44YH1UY0GJWQJY0041Y646.pcm

SwiftExplicitDependencyGeneratePcm x86_64 /Users/bf/Library/CloudStorage/GoogleDrive-bernynoussi@gmail.com/Mon\ Drive/Formation/Collège\ BDEB/ETE_2026/420-A60-BB\ ALGORITHMES\ D\'APPRENTISSAGE\ PROFOND/Examen\ Final/PasteAsFile/build/SwiftExplicitPrecompiledModules/CoreImage-82Q59SGNK3PC046E0FNOXUUI7.pcm

SwiftExplicitDependencyGeneratePcm arm64 /Users/bf/Library/CloudStorage/GoogleDrive-bernynoussi@gmail.com/Mon\ Drive/Formation/Collège\ BDEB/ETE_2026/420-A60-BB\ ALGORITHMES\ D\'APPRENTISSAGE\ PROFOND/Examen\ Final/PasteAsFile/build/SwiftExplicitPrecompiledModules/QuartzCore-4B50POKKIYPD7S1Y0LP7GII8B.pcm

SwiftExplicitDependencyGeneratePcm arm64 /Users/bf/Library/CloudStorage/GoogleDrive-bernynoussi@gmail.com/Mon\ Drive/Formation/Collège\ BDEB/ETE_2026/420-A60-BB\ ALGORITHMES\ D\'APPRENTISSAGE\ PROFOND/Examen\ Final/PasteAsFile/build/SwiftExplicitPrecompiledModules/CoreImage-4ZYY5TWZ7TEF7GY60RFUEGOLG.pcm

SwiftExplicitDependencyGeneratePcm x86_64 /Users/bf/Library/CloudStorage/GoogleDrive-bernynoussi@gmail.com/Mon\ Drive/Formation/Collège\ BDEB/ETE_2026/420-A60-BB\ ALGORITHMES\ D\'APPRENTISSAGE\ PROFOND/Examen\ Final/PasteAsFile/build/SwiftExplicitPrecompiledModules/SwiftUICore-3GBZW88ZBP1M7UDINZA3IW3N6.pcm

SwiftExplicitDependencyGeneratePcm x86_64 /Users/bf/Library/CloudStorage/GoogleDrive-bernynoussi@gmail.com/Mon\ Drive/Formation/Collège\ BDEB/ETE_2026/420-A60-BB\ ALGORITHMES\ D\'APPRENTISSAGE\ PROFOND/Examen\ Final/PasteAsFile/build/SwiftExplicitPrecompiledModules/AppKit-CQP5YJBCUXCX59OW49CRI5N41.pcm

SwiftExplicitDependencyGeneratePcm arm64 /Users/bf/Library/CloudStorage/GoogleDrive-bernynoussi@gmail.com/Mon\ Drive/Formation/Collège\ BDEB/ETE_2026/420-A60-BB\ ALGORITHMES\ D\'APPRENTISSAGE\ PROFOND/Examen\ Final/PasteAsFile/build/SwiftExplicitPrecompiledModules/SwiftUICore-35WWI00CO2VEV00P6DEAAOSG.pcm

SwiftExplicitDependencyGeneratePcm arm64 /Users/bf/Library/CloudStorage/GoogleDrive-bernynoussi@gmail.com/Mon\ Drive/Formation/Collège\ BDEB/ETE_2026/420-A60-BB\ ALGORITHMES\ D\'APPRENTISSAGE\ PROFOND/Examen\ Final/PasteAsFile/build/SwiftExplicitPrecompiledModules/AppKit-45UBLERVZR0XTYMBLFCPSEXEQ.pcm

SwiftExplicitDependencyGeneratePcm x86_64 /Users/bf/Library/CloudStorage/GoogleDrive-bernynoussi@gmail.com/Mon\ Drive/Formation/Collège\ BDEB/ETE_2026/420-A60-BB\ ALGORITHMES\ D\'APPRENTISSAGE\ PROFOND/Examen\ Final/PasteAsFile/build/SwiftExplicitPrecompiledModules/FinderSync-DO0YGQGZ5I9S4NKKE8RTAW0K5.pcm

SwiftExplicitDependencyGeneratePcm arm64 /Users/bf/Library/CloudStorage/GoogleDrive-bernynoussi@gmail.com/Mon\ Drive/Formation/Collège\ BDEB/ETE_2026/420-A60-BB\ ALGORITHMES\ D\'APPRENTISSAGE\ PROFOND/Examen\ Final/PasteAsFile/build/SwiftExplicitPrecompiledModules/FinderSync-BMRSIWVZAFU5SY9OP925S5OIX.pcm

SwiftCompile normal x86_64 Compiling\ FinderSync.swift,\ PasteLogic.swift /Users/bf/Library/CloudStorage/GoogleDrive-bernynoussi@gmail.com/Mon\ Drive/Formation/Collège\ BDEB/ETE_2026/420-A60-BB\ ALGORITHMES\ D\'APPRENTISSAGE\ PROFOND/Examen\ Final/PasteAsFile/PasteAsFileFinder/FinderSync.swift /Users/bf/Library/CloudStorage/GoogleDrive-bernynoussi@gmail.com/Mon\ Drive/Formation/Collège\ BDEB/ETE_2026/420-A60-BB\ ALGORITHMES\ D\'APPRENTISSAGE\ PROFOND/Examen\ Final/PasteAsFile/PasteAsFileCore/PasteLogic.swift /Applications/Xcode.app/Contents/Developer/Toolchains/XcodeDefault.xctoolchain/usr/lib/swift/macosx/prebuilt-modules/27.0/QuartzCore.swiftmodule/x86_64-apple-macos.swiftmodule /Applications/Xcode.app/Contents/Developer/Toolchains/XcodeDefault.xctoolchain/usr/lib/swift/macosx/prebuilt-modules/27.0/_DarwinFoundation3.swiftmodule/x86_64-apple-macos.swiftmodule /Applications/Xcode.app/Contents/Developer/Toolchains/XcodeDefault.xctoolchain/usr/lib/swift/macosx/prebuilt-modules/27.0/Accessibility.swiftmodule/x86_64-apple-macos.swiftmodule /Applications/Xcode.app/Contents/Developer/Toolchains/XcodeDefault.xctoolchain/usr/lib/swift/macosx/prebuilt-modules/27.0/XPC.swiftmodule/x86_64-apple-macos.swiftmodule /Applications/Xcode.app/Contents/Developer/Toolchains/XcodeDefault.xctoolchain/usr/lib/swift/macosx/prebuilt-modules/27.0/CoreText.swiftmodule/x86_64-apple-macos.swiftmodule /Applications/Xcode.app/Contents/Developer/Toolchains/XcodeDefault.xctoolchain/usr/lib/swift/macosx/prebuilt-modules/27.0/Spatial.swiftmodule/x86_64-apple-macos.swiftmodule /Applications/Xcode.app/Contents/Developer/Toolchains/XcodeDefault.xctoolchain/usr/lib/swift/macosx/prebuilt-modules/27.0/SwiftUICore.swiftmodule/x86_64-apple-macos.swiftmodule /Applications/Xcode.app/Contents/Developer/Toolchains/XcodeDefault.xctoolchain/usr/lib/swift/macosx/prebuilt-modules/27.0/os.swiftmodule/x86_64-apple-macos.swiftmodule /Applications/Xcode.app/Contents/Developer/Toolchains/XcodeDefault.xctoolchain/usr/lib/swift/macosx/prebuilt-modules/27.0/_DarwinFoundation2.swiftmodule/x86_64-apple-macos.swiftmodule /Applications/Xcode.app/Contents/Developer/Toolchains/XcodeDefault.xctoolchain/usr/lib/swift/macosx/prebuilt-modules/27.0/Observation.swiftmodule/x86_64-apple-macos.swiftmodule /Applications/Xcode.app/Contents/Developer/Toolchains/XcodeDefault.xctoolchain/usr/lib/swift/macosx/prebuilt-modules/27.0/UniformTypeIdentifiers.swiftmodule/x86_64-apple-macos.swiftmodule /Applications/Xcode.app/Contents/Developer/Toolchains/XcodeDefault.xctoolchain/usr/lib/swift/macosx/prebuilt-modules/27.0/_StringProcessing.swiftmodule/x86_64-apple-macos.swiftmodule /Applications/Xcode.app/Contents/Developer/Toolchains/XcodeDefault.xctoolchain/usr/lib/swift/macosx/prebuilt-modules/27.0/simd.swiftmodule/x86_64-apple-macos.swiftmodule /Applications/Xcode.app/Contents/Developer/Toolchains/XcodeDefault.xctoolchain/usr/lib/swift/macosx/prebuilt-modules/27.0/Metal.swiftmodule/x86_64-apple-macos.swiftmodule /Applications/Xcode.app/Contents/Developer/Toolchains/XcodeDefault.xctoolchain/usr/lib/swift/macosx/prebuilt-modules/27.0/Combine.swiftmodule/x86_64-apple-macos.swiftmodule /Applications/Xcode.app/Contents/Developer/Toolchains/XcodeDefault.xctoolchain/usr/lib/swift/macosx/prebuilt-modules/27.0/CoreGraphics.swiftmodule/x86_64-apple-macos.swiftmodule /Applications/Xcode.app/Contents/Developer/Toolchains/XcodeDefault.xctoolchain/usr/lib/swift/macosx/prebuilt-modules/27.0/_DarwinFoundation1.swiftmodule/x86_64-apple-macos.swiftmodule /Applications/Xcode.app/Contents/Developer/Toolchains/XcodeDefault.xctoolchain/usr/lib/swift/macosx/prebuilt-modules/27.0/Swift.swiftmodule/x86_64-apple-macos.swiftmodule /Applications/Xcode.app/Contents/Developer/Toolchains/XcodeDefault.xctoolchain/usr/lib/swift/macosx/prebuilt-modules/27.0/Dispatch.swiftmodule/x86_64-apple-macos.swiftmodule /Applications/Xcode.app/Contents/Developer/Toolchains/XcodeDefault.xctoolchain/usr/lib/swift/macosx/prebuilt-modules/27.0/Darwin.swiftmodule/x86_64-apple-macos.swiftmodule /Applications/Xcode.app/Contents/Developer/Toolchains/XcodeDefault.xctoolchain/usr/lib/swift/macosx/prebuilt-modules/27.0/CoreImage.swiftmodule/x86_64-apple-macos.swiftmodule /Applications/Xcode.app/Contents/Developer/Toolchains/XcodeDefault.xctoolchain/usr/lib/swift/macosx/prebuilt-modules/27.0/AppKit.swiftmodule/x86_64-apple-macos.swiftmodule /Applications/Xcode.app/Contents/Developer/Toolchains/XcodeDefault.xctoolchain/usr/lib/swift/macosx/prebuilt-modules/27.0/_Concurrency.swiftmodule/x86_64-apple-macos.swiftmodule /Applications/Xcode.app/Contents/Developer/Toolchains/XcodeDefault.xctoolchain/usr/lib/swift/macosx/prebuilt-modules/27.0/CoreData.swiftmodule/x86_64-apple-macos.swiftmodule /Applications/Xcode.app/Contents/Developer/Toolchains/XcodeDefault.xctoolchain/usr/lib/swift/macosx/prebuilt-modules/27.0/CoreTransferable.swiftmodule/x86_64-apple-macos.swiftmodule /Applications/Xcode.app/Contents/Developer/Toolchains/XcodeDefault.xctoolchain/usr/lib/swift/macosx/prebuilt-modules/27.0/IOKit.swiftmodule/x86_64-apple-macos.swiftmodule /Applications/Xcode.app/Contents/Developer/Toolchains/XcodeDefault.xctoolchain/usr/lib/swift/macosx/prebuilt-modules/27.0/DataDetection.swiftmodule/x86_64-apple-macos.swiftmodule /Applications/Xcode.app/Contents/Developer/Toolchains/XcodeDefault.xctoolchain/usr/lib/swift/macosx/prebuilt-modules/27.0/ObjectiveC.swiftmodule/x86_64-apple-macos.swiftmodule /Applications/Xcode.app/Contents/Developer/Toolchains/XcodeDefault.xctoolchain/usr/lib/swift/macosx/prebuilt-modules/27.0/Foundation.swiftmodule/x86_64-apple-macos.swiftmodule /Applications/Xcode.app/Contents/Developer/Toolchains/XcodeDefault.xctoolchain/usr/lib/swift/macosx/prebuilt-modules/27.0/_Builtin_float.swiftmodule/x86_64-apple-macos.swiftmodule /Applications/Xcode.app/Contents/Developer/Toolchains/XcodeDefault.xctoolchain/usr/lib/swift/macosx/prebuilt-modules/27.0/ColorSync.swiftmodule/x86_64-apple-macos.swiftmodule /Applications/Xcode.app/Contents/Developer/Toolchains/XcodeDefault.xctoolchain/usr/lib/swift/macosx/prebuilt-modules/27.0/DeveloperToolsSupport.swiftmodule/x86_64-apple-macos.swiftmodule /Applications/Xcode.app/Contents/Developer/Toolchains/XcodeDefault.xctoolchain/usr/lib/swift/macosx/prebuilt-modules/27.0/CoreVideo.swiftmodule/x86_64-apple-macos.swiftmodule /Applications/Xcode.app/Contents/Developer/Toolchains/XcodeDefault.xctoolchain/usr/lib/swift/macosx/prebuilt-modules/27.0/Symbols.swiftmodule/x86_64-apple-macos.swiftmodule /Applications/Xcode.app/Contents/Developer/Toolchains/XcodeDefault.xctoolchain/usr/lib/swift/macosx/prebuilt-modules/27.0/OSLog.swiftmodule/x86_64-apple-macos.swiftmodule /Applications/Xcode.app/Contents/Developer/Toolchains/XcodeDefault.xctoolchain/usr/lib/swift/macosx/prebuilt-modules/27.0/CoreFoundation.swiftmodule/x86_64-apple-macos.swiftmodule /Applications/Xcode.app/Contents/Developer/Toolchains/XcodeDefault.xctoolchain/usr/lib/swift/macosx/prebuilt-modules/27.0/ImageIO.swiftmodule/x86_64-apple-macos.swiftmodule /Applications/Xcode.app/Contents/Developer/Toolchains/XcodeDefault.xctoolchain/usr/lib/swift/macosx/prebuilt-modules/27.0/System.swiftmodule/x86_64-apple-macos.swiftmodule /Users/bf/Library/CloudStorage/GoogleDrive-bernynoussi@gmail.com/Mon\ Drive/Formation/Collège\ BDEB/ETE_2026/420-A60-BB\ ALGORITHMES\ D\'APPRENTISSAGE\ PROFOND/Examen\ Final/PasteAsFile/build/SwiftExplicitPrecompiledModules/SwiftShims-V39BID4P85AD4L2HH6U4MRLQ.pcm /Users/bf/Library/CloudStorage/GoogleDrive-bernynoussi@gmail.com/Mon\ Drive/Formation/Collège\ BDEB/ETE_2026/420-A60-BB\ ALGORITHMES\ D\'APPRENTISSAGE\ PROFOND/Examen\ Final/PasteAsFile/build/SwiftExplicitPrecompiledModules/ColorSync-6QF9IZZA90ODV81CWCXEPXNQZ.pcm /Users/bf/Library/CloudStorage/GoogleDrive-bernynoussi@gmail.com/Mon\ Drive/Formation/Collège\ BDEB/ETE_2026/420-A60-BB\ ALGORITHMES\ D\'APPRENTISSAGE\ PROFOND/Examen\ Final/PasteAsFile/build/SwiftExplicitPrecompiledModules/_Builtin_stdbool-8DMHN8JG29V9MV6UE9HWQ4CJB.pcm /Users/bf/Library/CloudStorage/GoogleDrive-bernynoussi@gmail.com/Mon\ Drive/Formation/Collège\ BDEB/ETE_2026/420-A60-BB\ ALGORITHMES\ D\'APPRENTISSAGE\ PROFOND/Examen\ Final/PasteAsFile/build/SwiftExplicitPrecompiledModules/Metal-B2ORNEEI121E5NT8NVXZ9NB8R.pcm /Users/bf/Library/CloudStorage/GoogleDrive-bernynoussi@gmail.com/Mon\ Drive/Formation/Collège\ BDEB/ETE_2026/420-A60-BB\ ALGORITHMES\ D\'APPRENTISSAGE\ PROFOND/Examen\ Final/PasteAsFile/build/SwiftExplicitPrecompiledModules/sys_types-EY5OIFTGBGQVT6FH1RJ9LUTXP.pcm /Users/bf/Library/CloudStorage/GoogleDrive-bernynoussi@gmail.com/Mon\ Drive/Formation/Collège\ BDEB/ETE_2026/420-A60-BB\ ALGORITHMES\ D\'APPRENTISSAGE\ PROFOND/Examen\ Final/PasteAsFile/build/SwiftExplicitPrecompiledModules/string_h-66PHETMNSE2TSSKO3FKKK7X0Q.pcm /Users/bf/Library/CloudStorage/GoogleDrive-bernynoussi@gmail.com/Mon\ Drive/Formation/Collège\ BDEB/ETE_2026/420-A60-BB\ ALGORITHMES\ D\'APPRENTISSAGE\ PROFOND/Examen\ Final/PasteAsFile/build/SwiftExplicitPrecompiledModules/CoreTransferable-DVUSAENHXJ2VJ19YUK6MXMPTP.pcm /Users/bf/Library/CloudStorage/GoogleDrive-bernynoussi@gmail.com/Mon\ Drive/Formation/Collège\ BDEB/ETE_2026/420-A60-BB\ ALGORITHMES\ D\'APPRENTISSAGE\ PROFOND/Examen\ Final/PasteAsFile/build/SwiftExplicitPrecompiledModules/simd-1JCDUVI57UAJZDJH8T11QMMD.pcm /Users/bf/Library/CloudStorage/GoogleDrive-bernynoussi@gmail.com/Mon\ Drive/Formation/Collège\ BDEB/ETE_2026/420-A60-BB\ ALGORITHMES\ D\'APPRENTISSAGE\ PROFOND/Examen\ Final/PasteAsFile/build/SwiftExplicitPrecompiledModules/_Builtin_inttypes-42URPSUW74LT2GY9TKS3TBZXM.pcm /Users/bf/Library/CloudStorage/GoogleDrive-bernynoussi@gmail.com/Mon\ Drive/Formation/Collège\ BDEB/ETE_2026/420-A60-BB\ ALGORITHMES\ D\'APPRENTISSAGE\ PROFOND/Examen\ Final/PasteAsFile/build/SwiftExplicitPrecompiledModules/_Builtin_tgmath-58B4AZDTSCQ7U74U8JDO16889.pcm /Users/bf/Library/CloudStorage/GoogleDrive-bernynoussi@gmail.com/Mon\ Drive/Formation/Collège\ BDEB/ETE_2026/420-A60-BB\ ALGORITHMES\ D\'APPRENTISSAGE\ PROFOND/Examen\ Final/PasteAsFile/build/SwiftExplicitPrecompiledModules/Darwin-EZ84002XQWZL09KX1CE4Z4JV6.pcm /Users/bf/Library/CloudStorage/GoogleDrive-bernynoussi@gmail.com/Mon\ Drive/Formation/Collège\ BDEB/ETE_2026/420-A60-BB\ ALGORITHMES\ D\'APPRENTISSAGE\ PROFOND/Examen\ Final/PasteAsFile/build/SwiftExplicitPrecompiledModules/_Builtin_limits-CQX24T8JEIW9JL8EGBYMGPOHN.pcm /Users/bf/Library/CloudStorage/GoogleDrive-bernynoussi@gmail.com/Mon\ Drive/Formation/Collège\ BDEB/ETE_2026/420-A60-BB\ ALGORITHMES\ D\'APPRENTISSAGE\ PROFOND/Examen\ Final/PasteAsFile/build/SwiftExplicitPrecompiledModules/Symbols-E1I86PNQ3M3V1IXP6IX04SFJ6.pcm /Users/bf/Library/CloudStorage/GoogleDrive-bernynoussi@gmail.com/Mon\ Drive/Formation/Collège\ BDEB/ETE_2026/420-A60-BB\ ALGORITHMES\ D\'APPRENTISSAGE\ PROFOND/Examen\ Final/PasteAsFile/build/SwiftExplicitPrecompiledModules/CoreServices-88MEKJYJPE147UMDT585F9SQS.pcm /Users/bf/Library/CloudStorage/GoogleDrive-bernynoussi@gmail.com/Mon\ Drive/Formation/Collège\ BDEB/ETE_2026/420-A60-BB\ ALGORITHMES\ D\'APPRENTISSAGE\ PROFOND/Examen\ Final/PasteAsFile/build/SwiftExplicitPrecompiledModules/CFNetwork-4VTAO7K052CXRJTSKXP8ELBSN.pcm /Users/bf/Library/CloudStorage/GoogleDrive-bernynoussi@gmail.com/Mon\ Drive/Formation/Collège\ BDEB/ETE_2026/420-A60-BB\ ALGORITHMES\ D\'APPRENTISSAGE\ PROFOND/Examen\ Final/PasteAsFile/build/SwiftExplicitPrecompiledModules/CoreFoundation-BMI58FLI48MHM30PXW1QQYKZM.pcm /Users/bf/Library/CloudStorage/GoogleDrive-bernynoussi@gmail.com/Mon\ Drive/Formation/Collège\ BDEB/ETE_2026/420-A60-BB\ ALGORITHMES\ D\'APPRENTISSAGE\ PROFOND/Examen\ Final/PasteAsFile/build/SwiftExplicitPrecompiledModules/Dispatch-1I9PEVZB7EDO2RQ0VKB2D79G0.pcm /Users/bf/Library/CloudStorage/GoogleDrive-bernynoussi@gmail.com/Mon\ Drive/Formation/Collège\ BDEB/ETE_2026/420-A60-BB\ ALGORITHMES\ D\'APPRENTISSAGE\ PROFOND/Examen\ Final/PasteAsFile/build/SwiftExplicitPrecompiledModules/_DarwinFoundation3-DMZJ88SUNX9TBCQP32HTKLVEN.pcm /Users/bf/Library/CloudStorage/GoogleDrive-bernynoussi@gmail.com/Mon\ Drive/Formation/Collège\ BDEB/ETE_2026/420-A60-BB\ ALGORITHMES\ D\'APPRENTISSAGE\ PROFOND/Examen\ Final/PasteAsFile/build/SwiftExplicitPrecompiledModules/FinderSync-DO0YGQGZ5I9S4NKKE8RTAW0K5.pcm /Users/bf/Library/CloudStorage/GoogleDrive-bernynoussi@gmail.com/Mon\ Drive/Formation/Collège\ BDEB/ETE_2026/420-A60-BB\ ALGORITHMES\ D\'APPRENTISSAGE\ PROFOND/Examen\ Final/PasteAsFile/build/SwiftExplicitPrecompiledModules/CoreVideo-EJSDHYY50Z7EQ6LZ50489ZVJN.pcm /Users/bf/Library/CloudStorage/GoogleDrive-bernynoussi@gmail.com/Mon\ Drive/Formation/Collège\ BDEB/ETE_2026/420-A60-BB\ ALGORITHMES\ D\'APPRENTISSAGE\ PROFOND/Examen\ Final/PasteAsFile/build/SwiftExplicitPrecompiledModules/os_object-7H29RDMG2SGUIOW57KCITDBV1.pcm /Users/bf/Library/CloudStorage/GoogleDrive-bernynoussi@gmail.com/Mon\ Drive/Formation/Collège\ BDEB/ETE_2026/420-A60-BB\ ALGORITHMES\ D\'APPRENTISSAGE\ PROFOND/Examen\ Final/PasteAsFile/build/SwiftExplicitPrecompiledModules/XPC-4HWGG95CZKKAPJE8QGZEJ455O.pcm /Users/bf/Library/CloudStorage/GoogleDrive-bernynoussi@gmail.com/Mon\ Drive/Formation/Collège\ BDEB/ETE_2026/420-A60-BB\ ALGORITHMES\ D\'APPRENTISSAGE\ PROFOND/Examen\ Final/PasteAsFile/build/SwiftExplicitPrecompiledModules/os_workgroup-6WL5TEAE1GUPN4NDVQTJVTVPM.pcm /Users/bf/Library/CloudStorage/GoogleDrive-bernynoussi@gmail.com/Mon\ Drive/Formation/Collège\ BDEB/ETE_2026/420-A60-BB\ ALGORITHMES\ D\'APPRENTISSAGE\ PROFOND/Examen\ Final/PasteAsFile/build/SwiftExplicitPrecompiledModules/DeveloperToolsSupport-CT00KZF4DRRVYVXM6K0JUA5IB.pcm /Users/bf/Library/CloudStorage/GoogleDrive-bernynoussi@gmail.com/Mon\ Drive/Formation/Collège\ BDEB/ETE_2026/420-A60-BB\ ALGORITHMES\ D\'APPRENTISSAGE\ PROFOND/Examen\ Final/PasteAsFile/build/SwiftExplicitPrecompiledModules/ptrauth-3WCU7LTTTOYA04T6SUW73QRGX.pcm /Users/bf/Library/CloudStorage/GoogleDrive-bernynoussi@gmail.com/Mon\ Drive/Formation/Collège\ BDEB/ETE_2026/420-A60-BB\ ALGORITHMES\ D\'APPRENTISSAGE\ PROFOND/Examen\ Final/PasteAsFile/build/SwiftExplicitPrecompiledModules/libkern-73588KFP3XC4LVBSQBCFFQNIT.pcm /Users/bf/Library/CloudStorage/GoogleDrive-bernynoussi@gmail.com/Mon\ Drive/Formation/Collège\ BDEB/ETE_2026/420-A60-BB\ ALGORITHMES\ D\'APPRENTISSAGE\ PROFOND/Examen\ Final/PasteAsFile/build/SwiftExplicitPrecompiledModules/QuartzCore-7RB44YH1UY0GJWQJY0041Y646.pcm /Users/bf/Library/CloudStorage/GoogleDrive-bernynoussi@gmail.com/Mon\ Drive/Formation/Collège\ BDEB/ETE_2026/420-A60-BB\ ALGORITHMES\ D\'APPRENTISSAGE\ PROFOND/Examen\ Final/PasteAsFile/build/SwiftExplicitPrecompiledModules/launch-S6TWMTE9X5MXHAGUAOV01V62.pcm /Users/bf/Library/CloudStorage/GoogleDrive-bernynoussi@gmail.com/Mon\ Drive/Formation/Collège\ BDEB/ETE_2026/420-A60-BB\ ALGORITHMES\ D\'APPRENTISSAGE\ PROFOND/Examen\ Final/PasteAsFile/build/SwiftExplicitPrecompiledModules/AppKit-CQP5YJBCUXCX59OW49CRI5N41.pcm /Users/bf/Library/CloudStorage/GoogleDrive-bernynoussi@gmail.com/Mon\ Drive/Formation/Collège\ BDEB/ETE_2026/420-A60-BB\ ALGORITHMES\ D\'APPRENTISSAGE\ PROFOND/Examen\ Final/PasteAsFile/build/SwiftExplicitPrecompiledModules/OpenGL-7G2YH009E9QWOFBTOWWRG1563.pcm /Users/bf/Library/CloudStorage/GoogleDrive-bernynoussi@gmail.com/Mon\ Drive/Formation/Collège\ BDEB/ETE_2026/420-A60-BB\ ALGORITHMES\ D\'APPRENTISSAGE\ PROFOND/Examen\ Final/PasteAsFile/build/SwiftExplicitPrecompiledModules/_Builtin_float-EUHEICLQNKQIU4AX8BYYOXRZL.pcm /Users/bf/Library/CloudStorage/GoogleDrive-bernynoussi@gmail.com/Mon\ Drive/Formation/Collège\ BDEB/ETE_2026/420-A60-BB\ ALGORITHMES\ D\'APPRENTISSAGE\ PROFOND/Examen\ Final/PasteAsFile/build/SwiftExplicitPrecompiledModules/_Builtin_stddef-92610ZNPTM25Z7X5UU484SNZ1.pcm /Users/bf/Library/CloudStorage/GoogleDrive-bernynoussi@gmail.com/Mon\ Drive/Formation/Collège\ BDEB/ETE_2026/420-A60-BB\ ALGORITHMES\ D\'APPRENTISSAGE\ PROFOND/Examen\ Final/PasteAsFile/build/SwiftExplicitPrecompiledModules/DiskArbitration-DEXQ13JHIX5XY04N8NJCDLMZO.pcm /Users/bf/Library/CloudStorage/GoogleDrive-bernynoussi@gmail.com/Mon\ Drive/Formation/Collège\ BDEB/ETE_2026/420-A60-BB\ ALGORITHMES\ D\'APPRENTISSAGE\ PROFOND/Examen\ Final/PasteAsFile/build/SwiftExplicitPrecompiledModules/DataDetection-BHJ9W542SHG0YOGC5LD742SSF.pcm /Users/bf/Library/CloudStorage/GoogleDrive-bernynoussi@gmail.com/Mon\ Drive/Formation/Collège\ BDEB/ETE_2026/420-A60-BB\ ALGORITHMES\ D\'APPRENTISSAGE\ PROFOND/Examen\ Final/PasteAsFile/build/SwiftExplicitPrecompiledModules/CoreData-6QJOWCAPYRVQSV6PUAD90B5CL.pcm /Users/bf/Library/CloudStorage/GoogleDrive-bernynoussi@gmail.com/Mon\ Drive/Formation/Collège\ BDEB/ETE_2026/420-A60-BB\ ALGORITHMES\ D\'APPRENTISSAGE\ PROFOND/Examen\ Final/PasteAsFile/build/SwiftExplicitPrecompiledModules/_DarwinFoundation1-ADRYC4N3B6AA386DGHVPEH9GP.pcm /Users/bf/Library/CloudStorage/GoogleDrive-bernynoussi@gmail.com/Mon\ Drive/Formation/Collège\ BDEB/ETE_2026/420-A60-BB\ ALGORITHMES\ D\'APPRENTISSAGE\ PROFOND/Examen\ Final/PasteAsFile/build/SwiftExplicitPrecompiledModules/CUPS-46U248FZSFJIAMIDR5YQ5XWDU.pcm /Users/bf/Library/CloudStorage/GoogleDrive-bernynoussi@gmail.com/Mon\ Drive/Formation/Collège\ BDEB/ETE_2026/420-A60-BB\ ALGORITHMES\ D\'APPRENTISSAGE\ PROFOND/Examen\ Final/PasteAsFile/build/SwiftExplicitPrecompiledModules/_Builtin_stdatomic-AZ9UQJPY6J1BV5I9JQLZGZZLS.pcm /Users/bf/Library/CloudStorage/GoogleDrive-bernynoussi@gmail.com/Mon\ Drive/Formation/Collège\ BDEB/ETE_2026/420-A60-BB\ ALGORITHMES\ D\'APPRENTISSAGE\ PROFOND/Examen\ Final/PasteAsFile/build/SwiftExplicitPrecompiledModules/SwiftUICore-3GBZW88ZBP1M7UDINZA3IW3N6.pcm /Users/bf/Library/CloudStorage/GoogleDrive-bernynoussi@gmail.com/Mon\ Drive/Formation/Collège\ BDEB/ETE_2026/420-A60-BB\ ALGORITHMES\ D\'APPRENTISSAGE\ PROFOND/Examen\ Final/PasteAsFile/build/SwiftExplicitPrecompiledModules/UniformTypeIdentifiers-4DAA7J2ZJ6HLFDFZ89D6X8WOB.pcm /Users/bf/Library/CloudStorage/GoogleDrive-bernynoussi@gmail.com/Mon\ Drive/Formation/Collège\ BDEB/ETE_2026/420-A60-BB\ ALGORITHMES\ D\'APPRENTISSAGE\ PROFOND/Examen\ Final/PasteAsFile/build/SwiftExplicitPrecompiledModules/_SwiftConcurrencyShims-55QC2INPLHFFQZ29OAID3IAVJ.pcm /Users/bf/Library/CloudStorage/GoogleDrive-bernynoussi@gmail.com/Mon\ Drive/Formation/Collège\ BDEB/ETE_2026/420-A60-BB\ ALGORITHMES\ D\'APPRENTISSAGE\ PROFOND/Examen\ Final/PasteAsFile/build/SwiftExplicitPrecompiledModules/ApplicationServices-5WCIUAXY5FL6FXRO54202GDB4.pcm /Users/bf/Library/CloudStorage/GoogleDrive-bernynoussi@gmail.com/Mon\ Drive/Formation/Collège\ BDEB/ETE_2026/420-A60-BB\ ALGORITHMES\ D\'APPRENTISSAGE\ PROFOND/Examen\ Final/PasteAsFile/build/SwiftExplicitPrecompiledModules/Security-CMYNHKC3STGCPRHTFUF8C2597.pcm /Users/bf/Library/CloudStorage/GoogleDrive-bernynoussi@gmail.com/Mon\ Drive/Formation/Collège\ BDEB/ETE_2026/420-A60-BB\ ALGORITHMES\ D\'APPRENTISSAGE\ PROFOND/Examen\ Final/PasteAsFile/build/SwiftExplicitPrecompiledModules/Spatial-BW5T4TPFIUIXCGOAQYHUUSILG.pcm /Users/bf/Library/CloudStorage/GoogleDrive-bernynoussi@gmail.com/Mon\ Drive/Formation/Collège\ BDEB/ETE_2026/420-A60-BB\ ALGORITHMES\ D\'APPRENTISSAGE\ PROFOND/Examen\ Final/PasteAsFile/build/SwiftExplicitPrecompiledModules/libDER-1Z3OND3NKUFD3DNYLF5B7BTXC.pcm /Users/bf/Library/CloudStorage/GoogleDrive-bernynoussi@gmail.com/Mon\ Drive/Formation/Collège\ BDEB/ETE_2026/420-A60-BB\ ALGORITHMES\ D\'APPRENTISSAGE\ PROFOND/Examen\ Final/PasteAsFile/build/SwiftExplicitPrecompiledModules/_DarwinFoundation2-E7EF267SQ3VKC2ABKP5VPKZ94.pcm /Users/bf/Library/CloudStorage/GoogleDrive-bernynoussi@gmail.com/Mon\ Drive/Formation/Collège\ BDEB/ETE_2026/420-A60-BB\ ALGORITHMES\ D\'APPRENTISSAGE\ PROFOND/Examen\ Final/PasteAsFile/build/SwiftExplicitPrecompiledModules/CoreText-705553MDZJRFTPT54BCVUCU5L.pcm /Users/bf/Library/CloudStorage/GoogleDrive-bernynoussi@gmail.com/Mon\ Drive/Formation/Collège\ BDEB/ETE_2026/420-A60-BB\ ALGORITHMES\ D\'APPRENTISSAGE\ PROFOND/Examen\ Final/PasteAsFile/build/SwiftExplicitPrecompiledModules/ptrcheck-AGKY6DTHSMP9Y2CLLK8HY3EDE.pcm /Users/bf/Library/CloudStorage/GoogleDrive-bernynoussi@gmail.com/Mon\ Drive/Formation/Collège\ BDEB/ETE_2026/420-A60-BB\ ALGORITHMES\ D\'APPRENTISSAGE\ PROFOND/Examen\ Final/PasteAsFile/build/SwiftExplicitPrecompiledModules/_Builtin_stdarg-87PVQFCLABV5WPC86Q3A4L4J3.pcm /Users/bf/Library/CloudStorage/GoogleDrive-bernynoussi@gmail.com/Mon\ Drive/Formation/Collège\ BDEB/ETE_2026/420-A60-BB\ ALGORITHMES\ D\'APPRENTISSAGE\ PROFOND/Examen\ Final/PasteAsFile/build/SwiftExplicitPrecompiledModules/os-AUZQR280DLPTPJD5BD7JBAAXQ.pcm /Users/bf/Library/CloudStorage/GoogleDrive-bernynoussi@gmail.com/Mon\ Drive/Formation/Collège\ BDEB/ETE_2026/420-A60-BB\ ALGORITHMES\ D\'APPRENTISSAGE\ PROFOND/Examen\ Final/PasteAsFile/build/SwiftExplicitPrecompiledModules/CoreImage-82Q59SGNK3PC046E0FNOXUUI7.pcm /Users/bf/Library/CloudStorage/GoogleDrive-bernynoussi@gmail.com/Mon\ Drive/Formation/Collège\ BDEB/ETE_2026/420-A60-BB\ ALGORITHMES\ D\'APPRENTISSAGE\ PROFOND/Examen\ Final/PasteAsFile/build/SwiftExplicitPrecompiledModules/Foundation-8Z61F0OPEIJY2356868S0TQY0.pcm /Users/bf/Library/CloudStorage/GoogleDrive-bernynoussi@gmail.com/Mon\ Drive/Formation/Collège\ BDEB/ETE_2026/420-A60-BB\ ALGORITHMES\ D\'APPRENTISSAGE\ PROFOND/Examen\ Final/PasteAsFile/build/SwiftExplicitPrecompiledModules/OSLog-DH28K12QCZ400XEWE5MDNFI6E.pcm /Users/bf/Library/CloudStorage/GoogleDrive-bernynoussi@gmail.com/Mon\ Drive/Formation/Collège\ BDEB/ETE_2026/420-A60-BB\ ALGORITHMES\ D\'APPRENTISSAGE\ PROFOND/Examen\ Final/PasteAsFile/build/SwiftExplicitPrecompiledModules/IOKit-8U8FNBDE608FILYHFW5J1DDWV.pcm /Users/bf/Library/CloudStorage/GoogleDrive-bernynoussi@gmail.com/Mon\ Drive/Formation/Collège\ BDEB/ETE_2026/420-A60-BB\ ALGORITHMES\ D\'APPRENTISSAGE\ PROFOND/Examen\ Final/PasteAsFile/build/SwiftExplicitPrecompiledModules/IOSurface-78Q39EHHLTMUIWGFPG1LIT264.pcm /Users/bf/Library/CloudStorage/GoogleDrive-bernynoussi@gmail.com/Mon\ Drive/Formation/Collège\ BDEB/ETE_2026/420-A60-BB\ ALGORITHMES\ D\'APPRENTISSAGE\ PROFOND/Examen\ Final/PasteAsFile/build/SwiftExplicitPrecompiledModules/_AvailabilityInternal-BURWJ0T54QXO16T9QFRG8C3T9.pcm /Users/bf/Library/CloudStorage/GoogleDrive-bernynoussi@gmail.com/Mon\ Drive/Formation/Collège\ BDEB/ETE_2026/420-A60-BB\ ALGORITHMES\ D\'APPRENTISSAGE\ PROFOND/Examen\ Final/PasteAsFile/build/SwiftExplicitPrecompiledModules/Accessibility-1DMZKTPDMEA6BLO9L3RMA43SF.pcm /Users/bf/Library/CloudStorage/GoogleDrive-bernynoussi@gmail.com/Mon\ Drive/Formation/Collège\ BDEB/ETE_2026/420-A60-BB\ ALGORITHMES\ D\'APPRENTISSAGE\ PROFOND/Examen\ Final/PasteAsFile/build/SwiftExplicitPrecompiledModules/_Builtin_intrinsics-2OV6GIYL8WJV7WLAHP2H7ZC6E.pcm /Users/bf/Library/CloudStorage/GoogleDrive-bernynoussi@gmail.com/Mon\ Drive/Formation/Collège\ BDEB/ETE_2026/420-A60-BB\ ALGORITHMES\ D\'APPRENTISSAGE\ PROFOND/Examen\ Final/PasteAsFile/build/SwiftExplicitPrecompiledModules/ObjectiveC-CTG86MRZ8DULCOWK8YRGRMXUG.pcm /Users/bf/Library/CloudStorage/GoogleDrive-bernynoussi@gmail.com/Mon\ Drive/Formation/Collège\ BDEB/ETE_2026/420-A60-BB\ ALGORITHMES\ D\'APPRENTISSAGE\ PROFOND/Examen\ Final/PasteAsFile/build/SwiftExplicitPrecompiledModules/CoreGraphics-7CMW1NXL6IX5993YXAJPS1W5W.pcm /Users/bf/Library/CloudStorage/GoogleDrive-bernynoussi@gmail.com/Mon\ Drive/Formation/Collège\ BDEB/ETE_2026/420-A60-BB\ ALGORITHMES\ D\'APPRENTISSAGE\ PROFOND/Examen\ Final/PasteAsFile/build/SwiftExplicitPrecompiledModules/_Builtin_stdint-3Q0XEHUHGDC4LZKIL3LRK7JJV.pcm /Users/bf/Library/CloudStorage/GoogleDrive-bernynoussi@gmail.com/Mon\ Drive/Formation/Collège\ BDEB/ETE_2026/420-A60-BB\ ALGORITHMES\ D\'APPRENTISSAGE\ PROFOND/Examen\ Final/PasteAsFile/build/SwiftExplicitPrecompiledModules/MachO-F9X9MJ1NFVBM525EET903UNK.pcm /Users/bf/Library/CloudStorage/GoogleDrive-bernynoussi@gmail.com/Mon\ Drive/Formation/Collège\ BDEB/ETE_2026/420-A60-BB\ ALGORITHMES\ D\'APPRENTISSAGE\ PROFOND/Examen\ Final/PasteAsFile/build/SwiftExplicitPrecompiledModules/ImageIO-9BX3ZN7HPT0LNO60LN1DU9WB.pcm /Users/bf/Library/CloudStorage/GoogleDrive-bernynoussi@gmail.com/Mon\ Drive/Formation/Collège\ BDEB/ETE_2026/420-A60-BB\ ALGORITHMES\ D\'APPRENTISSAGE\ PROFOND/Examen\ Final/PasteAsFile/build/PasteAsFile.build/Release/PasteAsFileFinder.build/Objects-normal/x86_64/PasteAsFileFinder-dependencies-1.json (in target 'PasteAsFileFinder' from project 'PasteAsFile')

SwiftCompile normal x86_64 (in target 'PasteAsFileFinder' from project 'PasteAsFile')
    cd /Users/bf/Library/CloudStorage/GoogleDrive-bernynoussi@gmail.com/Mon\ Drive/Formation/Collège\ BDEB/ETE_2026/420-A60-BB\ ALGORITHMES\ D\'APPRENTISSAGE\ PROFOND/Examen\ Final/PasteAsFile
    

SwiftCompile normal arm64 Compiling\ FinderSync.swift,\ PasteLogic.swift /Users/bf/Library/CloudStorage/GoogleDrive-bernynoussi@gmail.com/Mon\ Drive/Formation/Collège\ BDEB/ETE_2026/420-A60-BB\ ALGORITHMES\ D\'APPRENTISSAGE\ PROFOND/Examen\ Final/PasteAsFile/PasteAsFileFinder/FinderSync.swift /Users/bf/Library/CloudStorage/GoogleDrive-bernynoussi@gmail.com/Mon\ Drive/Formation/Collège\ BDEB/ETE_2026/420-A60-BB\ ALGORITHMES\ D\'APPRENTISSAGE\ PROFOND/Examen\ Final/PasteAsFile/PasteAsFileCore/PasteLogic.swift /Applications/Xcode.app/Contents/Developer/Toolchains/XcodeDefault.xctoolchain/usr/lib/swift/macosx/prebuilt-modules/27.0/_Builtin_float.swiftmodule/arm64e-apple-macos.swiftmodule /Applications/Xcode.app/Contents/Developer/Toolchains/XcodeDefault.xctoolchain/usr/lib/swift/macosx/prebuilt-modules/27.0/CoreFoundation.swiftmodule/arm64e-apple-macos.swiftmodule /Applications/Xcode.app/Contents/Developer/Toolchains/XcodeDefault.xctoolchain/usr/lib/swift/macosx/prebuilt-modules/27.0/_DarwinFoundation3.swiftmodule/arm64e-apple-macos.swiftmodule /Applications/Xcode.app/Contents/Developer/Toolchains/XcodeDefault.xctoolchain/usr/lib/swift/macosx/prebuilt-modules/27.0/_StringProcessing.swiftmodule/arm64e-apple-macos.swiftmodule /Applications/Xcode.app/Contents/Developer/Toolchains/XcodeDefault.xctoolchain/usr/lib/swift/macosx/prebuilt-modules/27.0/XPC.swiftmodule/arm64e-apple-macos.swiftmodule /Applications/Xcode.app/Contents/Developer/Toolchains/XcodeDefault.xctoolchain/usr/lib/swift/macosx/prebuilt-modules/27.0/DeveloperToolsSupport.swiftmodule/arm64e-apple-macos.swiftmodule /Applications/Xcode.app/Contents/Developer/Toolchains/XcodeDefault.xctoolchain/usr/lib/swift/macosx/prebuilt-modules/27.0/Combine.swiftmodule/arm64e-apple-macos.swiftmodule /Applications/Xcode.app/Contents/Developer/Toolchains/XcodeDefault.xctoolchain/usr/lib/swift/macosx/prebuilt-modules/27.0/IOKit.swiftmodule/arm64e-apple-macos.swiftmodule /Applications/Xcode.app/Contents/Developer/Toolchains/XcodeDefault.xctoolchain/usr/lib/swift/macosx/prebuilt-modules/27.0/Swift.swiftmodule/arm64e-apple-macos.swiftmodule /Applications/Xcode.app/Contents/Developer/Toolchains/XcodeDefault.xctoolchain/usr/lib/swift/macosx/prebuilt-modules/27.0/Observation.swiftmodule/arm64e-apple-macos.swiftmodule /Applications/Xcode.app/Contents/Developer/Toolchains/XcodeDefault.xctoolchain/usr/lib/swift/macosx/prebuilt-modules/27.0/Foundation.swiftmodule/arm64e-apple-macos.swiftmodule /Applications/Xcode.app/Contents/Developer/Toolchains/XcodeDefault.xctoolchain/usr/lib/swift/macosx/prebuilt-modules/27.0/OSLog.swiftmodule/arm64e-apple-macos.swiftmodule /Applications/Xcode.app/Contents/Developer/Toolchains/XcodeDefault.xctoolchain/usr/lib/swift/macosx/prebuilt-modules/27.0/Darwin.swiftmodule/arm64e-apple-macos.swiftmodule /Applications/Xcode.app/Contents/Developer/Toolchains/XcodeDefault.xctoolchain/usr/lib/swift/macosx/prebuilt-modules/27.0/simd.swiftmodule/arm64e-apple-macos.swiftmodule /Applications/Xcode.app/Contents/Developer/Toolchains/XcodeDefault.xctoolchain/usr/lib/swift/macosx/prebuilt-modules/27.0/ObjectiveC.swiftmodule/arm64e-apple-macos.swiftmodule /Applications/Xcode.app/Contents/Developer/Toolchains/XcodeDefault.xctoolchain/usr/lib/swift/macosx/prebuilt-modules/27.0/SwiftUICore.swiftmodule/arm64e-apple-macos.swiftmodule /Applications/Xcode.app/Contents/Developer/Toolchains/XcodeDefault.xctoolchain/usr/lib/swift/macosx/prebuilt-modules/27.0/ColorSync.swiftmodule/arm64e-apple-macos.swiftmodule /Applications/Xcode.app/Contents/Developer/Toolchains/XcodeDefault.xctoolchain/usr/lib/swift/macosx/prebuilt-modules/27.0/ImageIO.swiftmodule/arm64e-apple-macos.swiftmodule /Applications/Xcode.app/Contents/Developer/Toolchains/XcodeDefault.xctoolchain/usr/lib/swift/macosx/prebuilt-modules/27.0/DataDetection.swiftmodule/arm64e-apple-macos.swiftmodule /Applications/Xcode.app/Contents/Developer/Toolchains/XcodeDefault.xctoolchain/usr/lib/swift/macosx/prebuilt-modules/27.0/_DarwinFoundation2.swiftmodule/arm64e-apple-macos.swiftmodule /Applications/Xcode.app/Contents/Developer/Toolchains/XcodeDefault.xctoolchain/usr/lib/swift/macosx/prebuilt-modules/27.0/Accessibility.swiftmodule/arm64e-apple-macos.swiftmodule /Applications/Xcode.app/Contents/Developer/Toolchains/XcodeDefault.xctoolchain/usr/lib/swift/macosx/prebuilt-modules/27.0/QuartzCore.swiftmodule/arm64e-apple-macos.swiftmodule /Applications/Xcode.app/Contents/Developer/Toolchains/XcodeDefault.xctoolchain/usr/lib/swift/macosx/prebuilt-modules/27.0/_DarwinFoundation1.swiftmodule/arm64e-apple-macos.swiftmodule /Applications/Xcode.app/Contents/Developer/Toolchains/XcodeDefault.xctoolchain/usr/lib/swift/macosx/prebuilt-modules/27.0/CoreTransferable.swiftmodule/arm64e-apple-macos.swiftmodule /Applications/Xcode.app/Contents/Developer/Toolchains/XcodeDefault.xctoolchain/usr/lib/swift/macosx/prebuilt-modules/27.0/os.swiftmodule/arm64e-apple-macos.swiftmodule /Applications/Xcode.app/Contents/Developer/Toolchains/XcodeDefault.xctoolchain/usr/lib/swift/macosx/prebuilt-modules/27.0/CoreGraphics.swiftmodule/arm64e-apple-macos.swiftmodule /Applications/Xcode.app/Contents/Developer/Toolchains/XcodeDefault.xctoolchain/usr/lib/swift/macosx/prebuilt-modules/27.0/Symbols.swiftmodule/arm64e-apple-macos.swiftmodule /Applications/Xcode.app/Contents/Developer/Toolchains/XcodeDefault.xctoolchain/usr/lib/swift/macosx/prebuilt-modules/27.0/Dispatch.swiftmodule/arm64e-apple-macos.swiftmodule /Applications/Xcode.app/Contents/Developer/Toolchains/XcodeDefault.xctoolchain/usr/lib/swift/macosx/prebuilt-modules/27.0/Metal.swiftmodule/arm64e-apple-macos.swiftmodule /Applications/Xcode.app/Contents/Developer/Toolchains/XcodeDefault.xctoolchain/usr/lib/swift/macosx/prebuilt-modules/27.0/_Concurrency.swiftmodule/arm64e-apple-macos.swiftmodule /Applications/Xcode.app/Contents/Developer/Toolchains/XcodeDefault.xctoolchain/usr/lib/swift/macosx/prebuilt-modules/27.0/Spatial.swiftmodule/arm64e-apple-macos.swiftmodule /Applications/Xcode.app/Contents/Developer/Toolchains/XcodeDefault.xctoolchain/usr/lib/swift/macosx/prebuilt-modules/27.0/CoreImage.swiftmodule/arm64e-apple-macos.swiftmodule /Applications/Xcode.app/Contents/Developer/Toolchains/XcodeDefault.xctoolchain/usr/lib/swift/macosx/prebuilt-modules/27.0/System.swiftmodule/arm64e-apple-macos.swiftmodule /Applications/Xcode.app/Contents/Developer/Toolchains/XcodeDefault.xctoolchain/usr/lib/swift/macosx/prebuilt-modules/27.0/CoreData.swiftmodule/arm64e-apple-macos.swiftmodule /Applications/Xcode.app/Contents/Developer/Toolchains/XcodeDefault.xctoolchain/usr/lib/swift/macosx/prebuilt-modules/27.0/AppKit.swiftmodule/arm64e-apple-macos.swiftmodule /Applications/Xcode.app/Contents/Developer/Toolchains/XcodeDefault.xctoolchain/usr/lib/swift/macosx/prebuilt-modules/27.0/CoreText.swiftmodule/arm64e-apple-macos.swiftmodule /Applications/Xcode.app/Contents/Developer/Toolchains/XcodeDefault.xctoolchain/usr/lib/swift/macosx/prebuilt-modules/27.0/UniformTypeIdentifiers.swiftmodule/arm64e-apple-macos.swiftmodule /Applications/Xcode.app/Contents/Developer/Toolchains/XcodeDefault.xctoolchain/usr/lib/swift/macosx/prebuilt-modules/27.0/CoreVideo.swiftmodule/arm64e-apple-macos.swiftmodule /Users/bf/Library/CloudStorage/GoogleDrive-bernynoussi@gmail.com/Mon\ Drive/Formation/Collège\ BDEB/ETE_2026/420-A60-BB\ ALGORITHMES\ D\'APPRENTISSAGE\ PROFOND/Examen\ Final/PasteAsFile/build/SwiftExplicitPrecompiledModules/os-AL678TBSOKE2650YLQ5OTFBG0.pcm /Users/bf/Library/CloudStorage/GoogleDrive-bernynoussi@gmail.com/Mon\ Drive/Formation/Collège\ BDEB/ETE_2026/420-A60-BB\ ALGORITHMES\ D\'APPRENTISSAGE\ PROFOND/Examen\ Final/PasteAsFile/build/SwiftExplicitPrecompiledModules/DataDetection-39BONNOO48IR4ROC9X2P8G9D9.pcm /Users/bf/Library/CloudStorage/GoogleDrive-bernynoussi@gmail.com/Mon\ Drive/Formation/Collège\ BDEB/ETE_2026/420-A60-BB\ ALGORITHMES\ D\'APPRENTISSAGE\ PROFOND/Examen\ Final/PasteAsFile/build/SwiftExplicitPrecompiledModules/CoreVideo-OF108YPF9L5SW67IYUAAIZTB.pcm /Users/bf/Library/CloudStorage/GoogleDrive-bernynoussi@gmail.com/Mon\ Drive/Formation/Collège\ BDEB/ETE_2026/420-A60-BB\ ALGORITHMES\ D\'APPRENTISSAGE\ PROFOND/Examen\ Final/PasteAsFile/build/SwiftExplicitPrecompiledModules/simd-7L0G0UWPMFJWVNS1AS9IK6OZF.pcm /Users/bf/Library/CloudStorage/GoogleDrive-bernynoussi@gmail.com/Mon\ Drive/Formation/Collège\ BDEB/ETE_2026/420-A60-BB\ ALGORITHMES\ D\'APPRENTISSAGE\ PROFOND/Examen\ Final/PasteAsFile/build/SwiftExplicitPrecompiledModules/SwiftUICore-35WWI00CO2VEV00P6DEAAOSG.pcm /Users/bf/Library/CloudStorage/GoogleDrive-bernynoussi@gmail.com/Mon\ Drive/Formation/Collège\ BDEB/ETE_2026/420-A60-BB\ ALGORITHMES\ D\'APPRENTISSAGE\ PROFOND/Examen\ Final/PasteAsFile/build/SwiftExplicitPrecompiledModules/_AvailabilityInternal-97WG748UK7DXHC6XSVBIWRLYG.pcm /Users/bf/Library/CloudStorage/GoogleDrive-bernynoussi@gmail.com/Mon\ Drive/Formation/Collège\ BDEB/ETE_2026/420-A60-BB\ ALGORITHMES\ D\'APPRENTISSAGE\ PROFOND/Examen\ Final/PasteAsFile/build/SwiftExplicitPrecompiledModules/_Builtin_float-8F39JGV06MRCZPDZTJW450X45.pcm /Users/bf/Library/CloudStorage/GoogleDrive-bernynoussi@gmail.com/Mon\ Drive/Formation/Collège\ BDEB/ETE_2026/420-A60-BB\ ALGORITHMES\ D\'APPRENTISSAGE\ PROFOND/Examen\ Final/PasteAsFile/build/SwiftExplicitPrecompiledModules/Security-EDBGWHP0EMOEWI59BWPJB5Z8F.pcm /Users/bf/Library/CloudStorage/GoogleDrive-bernynoussi@gmail.com/Mon\ Drive/Formation/Collège\ BDEB/ETE_2026/420-A60-BB\ ALGORITHMES\ D\'APPRENTISSAGE\ PROFOND/Examen\ Final/PasteAsFile/build/SwiftExplicitPrecompiledModules/ptrcheck-6LIYK48HYFPDR4LJCTT1EIIZK.pcm /Users/bf/Library/CloudStorage/GoogleDrive-bernynoussi@gmail.com/Mon\ Drive/Formation/Collège\ BDEB/ETE_2026/420-A60-BB\ ALGORITHMES\ D\'APPRENTISSAGE\ PROFOND/Examen\ Final/PasteAsFile/build/SwiftExplicitPrecompiledModules/CoreServices-CJOW3XABP8FWT7UI4MIF68O0E.pcm /Users/bf/Library/CloudStorage/GoogleDrive-bernynoussi@gmail.com/Mon\ Drive/Formation/Collège\ BDEB/ETE_2026/420-A60-BB\ ALGORITHMES\ D\'APPRENTISSAGE\ PROFOND/Examen\ Final/PasteAsFile/build/SwiftExplicitPrecompiledModules/Metal-4XJ6PAN3FPY330V1WGDFURP1A.pcm /Users/bf/Library/CloudStorage/GoogleDrive-bernynoussi@gmail.com/Mon\ Drive/Formation/Collège\ BDEB/ETE_2026/420-A60-BB\ ALGORITHMES\ D\'APPRENTISSAGE\ PROFOND/Examen\ Final/PasteAsFile/build/SwiftExplicitPrecompiledModules/_DarwinFoundation1-AMZ5WES4K0XVZAXLDKTBJJMQ9.pcm /Users/bf/Library/CloudStorage/GoogleDrive-bernynoussi@gmail.com/Mon\ Drive/Formation/Collège\ BDEB/ETE_2026/420-A60-BB\ ALGORITHMES\ D\'APPRENTISSAGE\ PROFOND/Examen\ Final/PasteAsFile/build/SwiftExplicitPrecompiledModules/_Builtin_stdbool-4B522RSXRM54D3UELMOZT3UWY.pcm /Users/bf/Library/CloudStorage/GoogleDrive-bernynoussi@gmail.com/Mon\ Drive/Formation/Collège\ BDEB/ETE_2026/420-A60-BB\ ALGORITHMES\ D\'APPRENTISSAGE\ PROFOND/Examen\ Final/PasteAsFile/build/SwiftExplicitPrecompiledModules/Spatial-5NDFWD12HZM8I6VRPENTNYWKL.pcm /Users/bf/Library/CloudStorage/GoogleDrive-bernynoussi@gmail.com/Mon\ Drive/Formation/Collège\ BDEB/ETE_2026/420-A60-BB\ ALGORITHMES\ D\'APPRENTISSAGE\ PROFOND/Examen\ Final/PasteAsFile/build/SwiftExplicitPrecompiledModules/OpenGL-7EBLFPNMYO9ALMMMN8FZABF6Z.pcm /Users/bf/Library/CloudStorage/GoogleDrive-bernynoussi@gmail.com/Mon\ Drive/Formation/Collège\ BDEB/ETE_2026/420-A60-BB\ ALGORITHMES\ D\'APPRENTISSAGE\ PROFOND/Examen\ Final/PasteAsFile/build/SwiftExplicitPrecompiledModules/CUPS-805AF5M0DWR0HTN4D48VUYTYP.pcm /Users/bf/Library/CloudStorage/GoogleDrive-bernynoussi@gmail.com/Mon\ Drive/Formation/Collège\ BDEB/ETE_2026/420-A60-BB\ ALGORITHMES\ D\'APPRENTISSAGE\ PROFOND/Examen\ Final/PasteAsFile/build/SwiftExplicitPrecompiledModules/_Builtin_stdint-12V8LH51PCDC7LDTSIN3M7PJ0.pcm /Users/bf/Library/CloudStorage/GoogleDrive-bernynoussi@gmail.com/Mon\ Drive/Formation/Collège\ BDEB/ETE_2026/420-A60-BB\ ALGORITHMES\ D\'APPRENTISSAGE\ PROFOND/Examen\ Final/PasteAsFile/build/SwiftExplicitPrecompiledModules/Foundation-CD1P9TM677FHM449J927T8LLY.pcm /Users/bf/Library/CloudStorage/GoogleDrive-bernynoussi@gmail.com/Mon\ Drive/Formation/Collège\ BDEB/ETE_2026/420-A60-BB\ ALGORITHMES\ D\'APPRENTISSAGE\ PROFOND/Examen\ Final/PasteAsFile/build/SwiftExplicitPrecompiledModules/os_object-7JBEKU8UGCYDPWNRE3BR4SX7F.pcm /Users/bf/Library/CloudStorage/GoogleDrive-bernynoussi@gmail.com/Mon\ Drive/Formation/Collège\ BDEB/ETE_2026/420-A60-BB\ ALGORITHMES\ D\'APPRENTISSAGE\ PROFOND/Examen\ Final/PasteAsFile/build/SwiftExplicitPrecompiledModules/string_h-5M8M9M478K5HJMAJ1GEWOT30P.pcm /Users/bf/Library/CloudStorage/GoogleDrive-bernynoussi@gmail.com/Mon\ Drive/Formation/Collège\ BDEB/ETE_2026/420-A60-BB\ ALGORITHMES\ D\'APPRENTISSAGE\ PROFOND/Examen\ Final/PasteAsFile/build/SwiftExplicitPrecompiledModules/CoreTransferable-BXDVE6BQFFHZ148D0WJ1XJFDI.pcm /Users/bf/Library/CloudStorage/GoogleDrive-bernynoussi@gmail.com/Mon\ Drive/Formation/Collège\ BDEB/ETE_2026/420-A60-BB\ ALGORITHMES\ D\'APPRENTISSAGE\ PROFOND/Examen\ Final/PasteAsFile/build/SwiftExplicitPrecompiledModules/ApplicationServices-85HETJM2QHDHI95I7NG35ORHI.pcm /Users/bf/Library/CloudStorage/GoogleDrive-bernynoussi@gmail.com/Mon\ Drive/Formation/Collège\ BDEB/ETE_2026/420-A60-BB\ ALGORITHMES\ D\'APPRENTISSAGE\ PROFOND/Examen\ Final/PasteAsFile/build/SwiftExplicitPrecompiledModules/_Builtin_intrinsics-21VTAJROV8HCZ43MI8DCGORLO.pcm /Users/bf/Library/CloudStorage/GoogleDrive-bernynoussi@gmail.com/Mon\ Drive/Formation/Collège\ BDEB/ETE_2026/420-A60-BB\ ALGORITHMES\ D\'APPRENTISSAGE\ PROFOND/Examen\ Final/PasteAsFile/build/SwiftExplicitPrecompiledModules/ImageIO-6FF1UL301GOQU1W02JAT19WPQ.pcm /Users/bf/Library/CloudStorage/GoogleDrive-bernynoussi@gmail.com/Mon\ Drive/Formation/Collège\ BDEB/ETE_2026/420-A60-BB\ ALGORITHMES\ D\'APPRENTISSAGE\ PROFOND/Examen\ Final/PasteAsFile/build/SwiftExplicitPrecompiledModules/ptrauth-EHB4L2LQVSTOOSY1WSV42LM6X.pcm /Users/bf/Library/CloudStorage/GoogleDrive-bernynoussi@gmail.com/Mon\ Drive/Formation/Collège\ BDEB/ETE_2026/420-A60-BB\ ALGORITHMES\ D\'APPRENTISSAGE\ PROFOND/Examen\ Final/PasteAsFile/build/SwiftExplicitPrecompiledModules/ColorSync-7WQT9H1U4GWKQCW3Q9RYBEFKA.pcm /Users/bf/Library/CloudStorage/GoogleDrive-bernynoussi@gmail.com/Mon\ Drive/Formation/Collège\ BDEB/ETE_2026/420-A60-BB\ ALGORITHMES\ D\'APPRENTISSAGE\ PROFOND/Examen\ Final/PasteAsFile/build/SwiftExplicitPrecompiledModules/os_workgroup-32GXJD8G1WK2XEXT6ZIJOJLOO.pcm /Users/bf/Library/CloudStorage/GoogleDrive-bernynoussi@gmail.com/Mon\ Drive/Formation/Collège\ BDEB/ETE_2026/420-A60-BB\ ALGORITHMES\ D\'APPRENTISSAGE\ PROFOND/Examen\ Final/PasteAsFile/build/SwiftExplicitPrecompiledModules/CoreImage-4ZYY5TWZ7TEF7GY60RFUEGOLG.pcm /Users/bf/Library/CloudStorage/GoogleDrive-bernynoussi@gmail.com/Mon\ Drive/Formation/Collège\ BDEB/ETE_2026/420-A60-BB\ ALGORITHMES\ D\'APPRENTISSAGE\ PROFOND/Examen\ Final/PasteAsFile/build/SwiftExplicitPrecompiledModules/_Builtin_inttypes-ASLB7H7HGGMEYFKEIFLVFT9R9.pcm /Users/bf/Library/CloudStorage/GoogleDrive-bernynoussi@gmail.com/Mon\ Drive/Formation/Collège\ BDEB/ETE_2026/420-A60-BB\ ALGORITHMES\ D\'APPRENTISSAGE\ PROFOND/Examen\ Final/PasteAsFile/build/SwiftExplicitPrecompiledModules/_SwiftConcurrencyShims-167ZBYU1NBROFV6BFBUAMMUCO.pcm /Users/bf/Library/CloudStorage/GoogleDrive-bernynoussi@gmail.com/Mon\ Drive/Formation/Collège\ BDEB/ETE_2026/420-A60-BB\ ALGORITHMES\ D\'APPRENTISSAGE\ PROFOND/Examen\ Final/PasteAsFile/build/SwiftExplicitPrecompiledModules/MachO-5GBJ1C387R4DT1VSFP2ZZ0DHR.pcm /Users/bf/Library/CloudStorage/GoogleDrive-bernynoussi@gmail.com/Mon\ Drive/Formation/Collège\ BDEB/ETE_2026/420-A60-BB\ ALGORITHMES\ D\'APPRENTISSAGE\ PROFOND/Examen\ Final/PasteAsFile/build/SwiftExplicitPrecompiledModules/launch-9GB15543MSYHYCF8L7OOBZUZ4.pcm /Users/bf/Library/CloudStorage/GoogleDrive-bernynoussi@gmail.com/Mon\ Drive/Formation/Collège\ BDEB/ETE_2026/420-A60-BB\ ALGORITHMES\ D\'APPRENTISSAGE\ PROFOND/Examen\ Final/PasteAsFile/build/SwiftExplicitPrecompiledModules/SwiftShims-DEJO4SETCYYAPK3YBMOHTB7PY.pcm /Users/bf/Library/CloudStorage/GoogleDrive-bernynoussi@gmail.com/Mon\ Drive/Formation/Collège\ BDEB/ETE_2026/420-A60-BB\ ALGORITHMES\ D\'APPRENTISSAGE\ PROFOND/Examen\ Final/PasteAsFile/build/SwiftExplicitPrecompiledModules/IOSurface-BWSY0PE30ENDP38AAM96G0UUJ.pcm /Users/bf/Library/CloudStorage/GoogleDrive-bernynoussi@gmail.com/Mon\ Drive/Formation/Collège\ BDEB/ETE_2026/420-A60-BB\ ALGORITHMES\ D\'APPRENTISSAGE\ PROFOND/Examen\ Final/PasteAsFile/build/SwiftExplicitPrecompiledModules/sys_types-4R6EDG4B7PGZK8GXZWS1CP2P4.pcm /Users/bf/Library/CloudStorage/GoogleDrive-bernynoussi@gmail.com/Mon\ Drive/Formation/Collège\ BDEB/ETE_2026/420-A60-BB\ ALGORITHMES\ D\'APPRENTISSAGE\ PROFOND/Examen\ Final/PasteAsFile/build/SwiftExplicitPrecompiledModules/_DarwinFoundation2-AG1N7QHRNI6SDKE8TG7KOGXXP.pcm /Users/bf/Library/CloudStorage/GoogleDrive-bernynoussi@gmail.com/Mon\ Drive/Formation/Collège\ BDEB/ETE_2026/420-A60-BB\ ALGORITHMES\ D\'APPRENTISSAGE\ PROFOND/Examen\ Final/PasteAsFile/build/SwiftExplicitPrecompiledModules/CoreGraphics-2V74Q8DZB233QQHELIGUYYO5H.pcm /Users/bf/Library/CloudStorage/GoogleDrive-bernynoussi@gmail.com/Mon\ Drive/Formation/Collège\ BDEB/ETE_2026/420-A60-BB\ ALGORITHMES\ D\'APPRENTISSAGE\ PROFOND/Examen\ Final/PasteAsFile/build/SwiftExplicitPrecompiledModules/Accessibility-DSRZOTICMUUUXSPQO36MXK7DO.pcm /Users/bf/Library/CloudStorage/GoogleDrive-bernynoussi@gmail.com/Mon\ Drive/Formation/Collège\ BDEB/ETE_2026/420-A60-BB\ ALGORITHMES\ D\'APPRENTISSAGE\ PROFOND/Examen\ Final/PasteAsFile/build/SwiftExplicitPrecompiledModules/ObjectiveC-A8PT3VGKULMFUEARX4HHA74RG.pcm /Users/bf/Library/CloudStorage/GoogleDrive-bernynoussi@gmail.com/Mon\ Drive/Formation/Collège\ BDEB/ETE_2026/420-A60-BB\ ALGORITHMES\ D\'APPRENTISSAGE\ PROFOND/Examen\ Final/PasteAsFile/build/SwiftExplicitPrecompiledModules/FinderSync-BMRSIWVZAFU5SY9OP925S5OIX.pcm /Users/bf/Library/CloudStorage/GoogleDrive-bernynoussi@gmail.com/Mon\ Drive/Formation/Collège\ BDEB/ETE_2026/420-A60-BB\ ALGORITHMES\ D\'APPRENTISSAGE\ PROFOND/Examen\ Final/PasteAsFile/build/SwiftExplicitPrecompiledModules/QuartzCore-4B50POKKIYPD7S1Y0LP7GII8B.pcm /Users/bf/Library/CloudStorage/GoogleDrive-bernynoussi@gmail.com/Mon\ Drive/Formation/Collège\ BDEB/ETE_2026/420-A60-BB\ ALGORITHMES\ D\'APPRENTISSAGE\ PROFOND/Examen\ Final/PasteAsFile/build/SwiftExplicitPrecompiledModules/Symbols-A77MMJBEN2GWRRMFYAAQM1VY2.pcm /Users/bf/Library/CloudStorage/GoogleDrive-bernynoussi@gmail.com/Mon\ Drive/Formation/Collège\ BDEB/ETE_2026/420-A60-BB\ ALGORITHMES\ D\'APPRENTISSAGE\ PROFOND/Examen\ Final/PasteAsFile/build/SwiftExplicitPrecompiledModules/OSLog-ND73MNXJ0LGYODERC4VEY0DL.pcm /Users/bf/Library/CloudStorage/GoogleDrive-bernynoussi@gmail.com/Mon\ Drive/Formation/Collège\ BDEB/ETE_2026/420-A60-BB\ ALGORITHMES\ D\'APPRENTISSAGE\ PROFOND/Examen\ Final/PasteAsFile/build/SwiftExplicitPrecompiledModules/_Builtin_stdarg-B9SC3ZWSG97FNHJKJ91KGXKQJ.pcm /Users/bf/Library/CloudStorage/GoogleDrive-bernynoussi@gmail.com/Mon\ Drive/Formation/Collège\ BDEB/ETE_2026/420-A60-BB\ ALGORITHMES\ D\'APPRENTISSAGE\ PROFOND/Examen\ Final/PasteAsFile/build/SwiftExplicitPrecompiledModules/XPC-4PCJ6RMQMAFOYZ5ZNN20IQBNO.pcm /Users/bf/Library/CloudStorage/GoogleDrive-bernynoussi@gmail.com/Mon\ Drive/Formation/Collège\ BDEB/ETE_2026/420-A60-BB\ ALGORITHMES\ D\'APPRENTISSAGE\ PROFOND/Examen\ Final/PasteAsFile/build/SwiftExplicitPrecompiledModules/Darwin-BPJ17XJXH93F2JZK4FU7MEVVV.pcm /Users/bf/Library/CloudStorage/GoogleDrive-bernynoussi@gmail.com/Mon\ Drive/Formation/Collège\ BDEB/ETE_2026/420-A60-BB\ ALGORITHMES\ D\'APPRENTISSAGE\ PROFOND/Examen\ Final/PasteAsFile/build/SwiftExplicitPrecompiledModules/CoreFoundation-25MNHUTRCJBJDHXUPNMK3H8LU.pcm /Users/bf/Library/CloudStorage/GoogleDrive-bernynoussi@gmail.com/Mon\ Drive/Formation/Collège\ BDEB/ETE_2026/420-A60-BB\ ALGORITHMES\ D\'APPRENTISSAGE\ PROFOND/Examen\ Final/PasteAsFile/build/SwiftExplicitPrecompiledModules/libDER-48VUD89EODKP7XHYEY466ILJZ.pcm /Users/bf/Library/CloudStorage/GoogleDrive-bernynoussi@gmail.com/Mon\ Drive/Formation/Collège\ BDEB/ETE_2026/420-A60-BB\ ALGORITHMES\ D\'APPRENTISSAGE\ PROFOND/Examen\ Final/PasteAsFile/build/SwiftExplicitPrecompiledModules/IOKit-8X847I3P4HYV6QH3WN14J1MBY.pcm /Users/bf/Library/CloudStorage/GoogleDrive-bernynoussi@gmail.com/Mon\ Drive/Formation/Collège\ BDEB/ETE_2026/420-A60-BB\ ALGORITHMES\ D\'APPRENTISSAGE\ PROFOND/Examen\ Final/PasteAsFile/build/SwiftExplicitPrecompiledModules/Dispatch-5FUCE1HGIOFGGEKRW0W8PGLY4.pcm /Users/bf/Library/CloudStorage/GoogleDrive-bernynoussi@gmail.com/Mon\ Drive/Formation/Collège\ BDEB/ETE_2026/420-A60-BB\ ALGORITHMES\ D\'APPRENTISSAGE\ PROFOND/Examen\ Final/PasteAsFile/build/SwiftExplicitPrecompiledModules/_DarwinFoundation3-8OXJCN0D2GPR5S12K3R13LJRC.pcm /Users/bf/Library/CloudStorage/GoogleDrive-bernynoussi@gmail.com/Mon\ Drive/Formation/Collège\ BDEB/ETE_2026/420-A60-BB\ ALGORITHMES\ D\'APPRENTISSAGE\ PROFOND/Examen\ Final/PasteAsFile/build/SwiftExplicitPrecompiledModules/DeveloperToolsSupport-DTIO8B8NFPET6287O1AVBYVZW.pcm /Users/bf/Library/CloudStorage/GoogleDrive-bernynoussi@gmail.com/Mon\ Drive/Formation/Collège\ BDEB/ETE_2026/420-A60-BB\ ALGORITHMES\ D\'APPRENTISSAGE\ PROFOND/Examen\ Final/PasteAsFile/build/SwiftExplicitPrecompiledModules/DiskArbitration-B6WNMS5FOKA5Q6SYSBNGIYPJA.pcm /Users/bf/Library/CloudStorage/GoogleDrive-bernynoussi@gmail.com/Mon\ Drive/Formation/Collège\ BDEB/ETE_2026/420-A60-BB\ ALGORITHMES\ D\'APPRENTISSAGE\ PROFOND/Examen\ Final/PasteAsFile/build/SwiftExplicitPrecompiledModules/UniformTypeIdentifiers-CRXKSLMNP6K00VTBRW0HHEDKM.pcm /Users/bf/Library/CloudStorage/GoogleDrive-bernynoussi@gmail.com/Mon\ Drive/Formation/Collège\ BDEB/ETE_2026/420-A60-BB\ ALGORITHMES\ D\'APPRENTISSAGE\ PROFOND/Examen\ Final/PasteAsFile/build/SwiftExplicitPrecompiledModules/_Builtin_stddef-6GT0AW89G0K7FTUQZ53U53C3L.pcm /Users/bf/Library/CloudStorage/GoogleDrive-bernynoussi@gmail.com/Mon\ Drive/Formation/Collège\ BDEB/ETE_2026/420-A60-BB\ ALGORITHMES\ D\'APPRENTISSAGE\ PROFOND/Examen\ Final/PasteAsFile/build/SwiftExplicitPrecompiledModules/_Builtin_stdatomic-B35B5J95RWJE9IFPYXS1B2D7K.pcm /Users/bf/Library/CloudStorage/GoogleDrive-bernynoussi@gmail.com/Mon\ Drive/Formation/Collège\ BDEB/ETE_2026/420-A60-BB\ ALGORITHMES\ D\'APPRENTISSAGE\ PROFOND/Examen\ Final/PasteAsFile/build/SwiftExplicitPrecompiledModules/CoreText-D320ZW7LZTMAEIHUBPSSGJ6N1.pcm /Users/bf/Library/CloudStorage/GoogleDrive-bernynoussi@gmail.com/Mon\ Drive/Formation/Collège\ BDEB/ETE_2026/420-A60-BB\ ALGORITHMES\ D\'APPRENTISSAGE\ PROFOND/Examen\ Final/PasteAsFile/build/SwiftExplicitPrecompiledModules/libkern-P0ODKA9MMJRGZ17ZN5F8ZLGM.pcm /Users/bf/Library/CloudStorage/GoogleDrive-bernynoussi@gmail.com/Mon\ Drive/Formation/Collège\ BDEB/ETE_2026/420-A60-BB\ ALGORITHMES\ D\'APPRENTISSAGE\ PROFOND/Examen\ Final/PasteAsFile/build/SwiftExplicitPrecompiledModules/_Builtin_tgmath-8VDHNXXBIYJ246S5CMR7OGHYS.pcm /Users/bf/Library/CloudStorage/GoogleDrive-bernynoussi@gmail.com/Mon\ Drive/Formation/Collège\ BDEB/ETE_2026/420-A60-BB\ ALGORITHMES\ D\'APPRENTISSAGE\ PROFOND/Examen\ Final/PasteAsFile/build/SwiftExplicitPrecompiledModules/AppKit-45UBLERVZR0XTYMBLFCPSEXEQ.pcm /Users/bf/Library/CloudStorage/GoogleDrive-bernynoussi@gmail.com/Mon\ Drive/Formation/Collège\ BDEB/ETE_2026/420-A60-BB\ ALGORITHMES\ D\'APPRENTISSAGE\ PROFOND/Examen\ Final/PasteAsFile/build/SwiftExplicitPrecompiledModules/CFNetwork-6NKA6CCNBCNYMMGOTAVHQOOA7.pcm /Users/bf/Library/CloudStorage/GoogleDrive-bernynoussi@gmail.com/Mon\ Drive/Formation/Collège\ BDEB/ETE_2026/420-A60-BB\ ALGORITHMES\ D\'APPRENTISSAGE\ PROFOND/Examen\ Final/PasteAsFile/build/SwiftExplicitPrecompiledModules/_Builtin_limits-61UK4NVHY8DSMJXQKJEZUR3BC.pcm /Users/bf/Library/CloudStorage/GoogleDrive-bernynoussi@gmail.com/Mon\ Drive/Formation/Collège\ BDEB/ETE_2026/420-A60-BB\ ALGORITHMES\ D\'APPRENTISSAGE\ PROFOND/Examen\ Final/PasteAsFile/build/SwiftExplicitPrecompiledModules/CoreData-2G7W4JOM0XRN3E4R6BPUDXGW4.pcm /Users/bf/Library/CloudStorage/GoogleDrive-bernynoussi@gmail.com/Mon\ Drive/Formation/Collège\ BDEB/ETE_2026/420-A60-BB\ ALGORITHMES\ D\'APPRENTISSAGE\ PROFOND/Examen\ Final/PasteAsFile/build/PasteAsFile.build/Release/PasteAsFileFinder.build/Objects-normal/arm64/PasteAsFileFinder-dependencies-2.json (in target 'PasteAsFileFinder' from project 'PasteAsFile')

SwiftCompile normal arm64 (in target 'PasteAsFileFinder' from project 'PasteAsFile')
    cd /Users/bf/Library/CloudStorage/GoogleDrive-bernynoussi@gmail.com/Mon\ Drive/Formation/Collège\ BDEB/ETE_2026/420-A60-BB\ ALGORITHMES\ D\'APPRENTISSAGE\ PROFOND/Examen\ Final/PasteAsFile
    

SwiftDriverJobDiscovery normal arm64 Compiling FinderSync.swift, PasteLogic.swift (in target 'PasteAsFileFinder' from project 'PasteAsFile')

SwiftDriver\ Compilation\ Requirements PasteAsFileFinder normal arm64 com.apple.xcode.tools.swift.compiler (in target 'PasteAsFileFinder' from project 'PasteAsFile')
    cd /Users/bf/Library/CloudStorage/GoogleDrive-bernynoussi@gmail.com/Mon\ Drive/Formation/Collège\ BDEB/ETE_2026/420-A60-BB\ ALGORITHMES\ D\'APPRENTISSAGE\ PROFOND/Examen\ Final/PasteAsFile
    builtin-Swift-Compilation-Requirements -- /Applications/Xcode.app/Contents/Developer/Toolchains/XcodeDefault.xctoolchain/usr/bin/swiftc -module-name PasteAsFileFinder -O -whole-module-optimization @/Users/bf/Library/CloudStorage/GoogleDrive-bernynoussi@gmail.com/Mon\ Drive/Formation/Collège\ BDEB/ETE_2026/420-A60-BB\ ALGORITHMES\ D\'APPRENTISSAGE\ PROFOND/Examen\ Final/PasteAsFile/build/PasteAsFile.build/Release/PasteAsFileFinder.build/Objects-normal/arm64/PasteAsFileFinder.SwiftFileList -enable-bare-slash-regex -enable-experimental-feature DebugDescriptionMacro -sdk /Applications/Xcode.app/Contents/Developer/Platforms/MacOSX.platform/Developer/SDKs/MacOSX27.0.sdk -target arm64-apple-macos13.0 -g -Xfrontend -serialize-debugging-options -application-extension -swift-version 5 -I /Users/bf/Library/CloudStorage/GoogleDrive-bernynoussi@gmail.com/Mon\ Drive/Formation/Collège\ BDEB/ETE_2026/420-A60-BB\ ALGORITHMES\ D\'APPRENTISSAGE\ PROFOND/Examen\ Final/PasteAsFile/build/Release -F /Users/bf/Library/CloudStorage/GoogleDrive-bernynoussi@gmail.com/Mon\ Drive/Formation/Collège\ BDEB/ETE_2026/420-A60-BB\ ALGORITHMES\ D\'APPRENTISSAGE\ PROFOND/Examen\ Final/PasteAsFile/build/Release -emit-localized-strings -emit-localized-strings-path /Users/bf/Library/CloudStorage/GoogleDrive-bernynoussi@gmail.com/Mon\ Drive/Formation/Collège\ BDEB/ETE_2026/420-A60-BB\ ALGORITHMES\ D\'APPRENTISSAGE\ PROFOND/Examen\ Final/PasteAsFile/build/PasteAsFile.build/Release/PasteAsFileFinder.build/Objects-normal/arm64 -c -num-threads 16 -Xcc -ivfsstatcache -Xcc /var/folders/sm/l4mlp9mj4sqg28sl7qrbyx080000gn/C/com.apple.DeveloperTools/27.0-27A266a/Xcode/SDKStatCaches.noindex/macosx27.0-26A425-7231f6df4def33e022ae2eb8f782df1a.sdkstatcache -output-file-map /Users/bf/Library/CloudStorage/GoogleDrive-bernynoussi@gmail.com/Mon\ Drive/Formation/Collège\ BDEB/ETE_2026/420-A60-BB\ ALGORITHMES\ D\'APPRENTISSAGE\ PROFOND/Examen\ Final/PasteAsFile/build/PasteAsFile.build/Release/PasteAsFileFinder.build/Objects-normal/arm64/PasteAsFileFinder-OutputFileMap.json -save-temps -no-color-diagnostics -explicit-module-build -module-cache-path /Users/bf/Library/CloudStorage/GoogleDrive-bernynoussi@gmail.com/Mon\ Drive/Formation/Collège\ BDEB/ETE_2026/420-A60-BB\ ALGORITHMES\ D\'APPRENTISSAGE\ PROFOND/Examen\ Final/PasteAsFile/build/SwiftExplicitPrecompiledModules -emit-dependencies -emit-module -emit-module-path /Users/bf/Library/CloudStorage/GoogleDrive-bernynoussi@gmail.com/Mon\ Drive/Formation/Collège\ BDEB/ETE_2026/420-A60-BB\ ALGORITHMES\ D\'APPRENTISSAGE\ PROFOND/Examen\ Final/PasteAsFile/build/PasteAsFile.build/Release/PasteAsFileFinder.build/Objects-normal/arm64/PasteAsFileFinder.swiftmodule -serialize-diagnostics -dependency-scan-serialize-diagnostics-path /Users/bf/Library/CloudStorage/GoogleDrive-bernynoussi@gmail.com/Mon\ Drive/Formation/Collège\ BDEB/ETE_2026/420-A60-BB\ ALGORITHMES\ D\'APPRENTISSAGE\ PROFOND/Examen\ Final/PasteAsFile/build/PasteAsFile.build/Release/PasteAsFileFinder.build/Objects-normal/arm64/PasteAsFileFinder-dependency-scan.dia -validate-clang-modules-once -clang-build-session-file /var/folders/sm/l4mlp9mj4sqg28sl7qrbyx080000gn/C/org.llvm.clang/ModuleCache.noindex/Session.modulevalidation -Xcc -fmodules-prune-interval\=86400 -Xcc -fmodules-prune-after\=345600 -emit-const-values -const-gather-protocols-list /Users/bf/Library/CloudStorage/GoogleDrive-bernynoussi@gmail.com/Mon\ Drive/Formation/Collège\ BDEB/ETE_2026/420-A60-BB\ ALGORITHMES\ D\'APPRENTISSAGE\ PROFOND/Examen\ Final/PasteAsFile/build/PasteAsFile.build/Release/PasteAsFileFinder.build/Objects-normal/arm64/PasteAsFileFinder_const_extract_protocols.json -Xcc -iquote -Xcc /Users/bf/Library/CloudStorage/GoogleDrive-bernynoussi@gmail.com/Mon\ Drive/Formation/Collège\ BDEB/ETE_2026/420-A60-BB\ ALGORITHMES\ D\'APPRENTISSAGE\ PROFOND/Examen\ Final/PasteAsFile/build/PasteAsFile.build/Release/PasteAsFileFinder.build/PasteAsFileFinder-generated-files.hmap -Xcc -I/Users/bf/Library/CloudStorage/GoogleDrive-bernynoussi@gmail.com/Mon\ Drive/Formation/Collège\ BDEB/ETE_2026/420-A60-BB\ ALGORITHMES\ D\'APPRENTISSAGE\ PROFOND/Examen\ Final/PasteAsFile/build/PasteAsFile.build/Release/PasteAsFileFinder.build/PasteAsFileFinder-own-target-headers.hmap -Xcc -I/Users/bf/Library/CloudStorage/GoogleDrive-bernynoussi@gmail.com/Mon\ Drive/Formation/Collège\ BDEB/ETE_2026/420-A60-BB\ ALGORITHMES\ D\'APPRENTISSAGE\ PROFOND/Examen\ Final/PasteAsFile/build/PasteAsFile.build/Release/PasteAsFileFinder.build/PasteAsFileFinder-all-target-headers.hmap -Xcc -iquote -Xcc /Users/bf/Library/CloudStorage/GoogleDrive-bernynoussi@gmail.com/Mon\ Drive/Formation/Collège\ BDEB/ETE_2026/420-A60-BB\ ALGORITHMES\ D\'APPRENTISSAGE\ PROFOND/Examen\ Final/PasteAsFile/build/PasteAsFile.build/Release/PasteAsFileFinder.build/PasteAsFileFinder-project-headers.hmap -Xcc -I/Users/bf/Library/CloudStorage/GoogleDrive-bernynoussi@gmail.com/Mon\ Drive/Formation/Collège\ BDEB/ETE_2026/420-A60-BB\ ALGORITHMES\ D\'APPRENTISSAGE\ PROFOND/Examen\ Final/PasteAsFile/build/Release/include -Xcc -I/Users/bf/Library/CloudStorage/GoogleDrive-bernynoussi@gmail.com/Mon\ Drive/Formation/Collège\ BDEB/ETE_2026/420-A60-BB\ ALGORITHMES\ D\'APPRENTISSAGE\ PROFOND/Examen\ Final/PasteAsFile/build/PasteAsFile.build/Release/PasteAsFileFinder.build/DerivedSources-normal/arm64 -Xcc -I/Users/bf/Library/CloudStorage/GoogleDrive-bernynoussi@gmail.com/Mon\ Drive/Formation/Collège\ BDEB/ETE_2026/420-A60-BB\ ALGORITHMES\ D\'APPRENTISSAGE\ PROFOND/Examen\ Final/PasteAsFile/build/PasteAsFile.build/Release/PasteAsFileFinder.build/DerivedSources/arm64 -Xcc -I/Users/bf/Library/CloudStorage/GoogleDrive-bernynoussi@gmail.com/Mon\ Drive/Formation/Collège\ BDEB/ETE_2026/420-A60-BB\ ALGORITHMES\ D\'APPRENTISSAGE\ PROFOND/Examen\ Final/PasteAsFile/build/PasteAsFile.build/Release/PasteAsFileFinder.build/DerivedSources -emit-objc-header -emit-objc-header-path /Users/bf/Library/CloudStorage/GoogleDrive-bernynoussi@gmail.com/Mon\ Drive/Formation/Collège\ BDEB/ETE_2026/420-A60-BB\ ALGORITHMES\ D\'APPRENTISSAGE\ PROFOND/Examen\ Final/PasteAsFile/build/PasteAsFile.build/Release/PasteAsFileFinder.build/Objects-normal/arm64/PasteAsFileFinder-Swift.h -working-directory /Users/bf/Library/CloudStorage/GoogleDrive-bernynoussi@gmail.com/Mon\ Drive/Formation/Collège\ BDEB/ETE_2026/420-A60-BB\ ALGORITHMES\ D\'APPRENTISSAGE\ PROFOND/Examen\ Final/PasteAsFile -no-emit-module-separately-wmo

SwiftDriverJobDiscovery normal x86_64 Compiling FinderSync.swift, PasteLogic.swift (in target 'PasteAsFileFinder' from project 'PasteAsFile')

SwiftDriver\ Compilation\ Requirements PasteAsFileFinder normal x86_64 com.apple.xcode.tools.swift.compiler (in target 'PasteAsFileFinder' from project 'PasteAsFile')
    cd /Users/bf/Library/CloudStorage/GoogleDrive-bernynoussi@gmail.com/Mon\ Drive/Formation/Collège\ BDEB/ETE_2026/420-A60-BB\ ALGORITHMES\ D\'APPRENTISSAGE\ PROFOND/Examen\ Final/PasteAsFile
    builtin-Swift-Compilation-Requirements -- /Applications/Xcode.app/Contents/Developer/Toolchains/XcodeDefault.xctoolchain/usr/bin/swiftc -module-name PasteAsFileFinder -O -whole-module-optimization @/Users/bf/Library/CloudStorage/GoogleDrive-bernynoussi@gmail.com/Mon\ Drive/Formation/Collège\ BDEB/ETE_2026/420-A60-BB\ ALGORITHMES\ D\'APPRENTISSAGE\ PROFOND/Examen\ Final/PasteAsFile/build/PasteAsFile.build/Release/PasteAsFileFinder.build/Objects-normal/x86_64/PasteAsFileFinder.SwiftFileList -enable-bare-slash-regex -enable-experimental-feature DebugDescriptionMacro -sdk /Applications/Xcode.app/Contents/Developer/Platforms/MacOSX.platform/Developer/SDKs/MacOSX27.0.sdk -target x86_64-apple-macos13.0 -g -Xfrontend -serialize-debugging-options -application-extension -swift-version 5 -I /Users/bf/Library/CloudStorage/GoogleDrive-bernynoussi@gmail.com/Mon\ Drive/Formation/Collège\ BDEB/ETE_2026/420-A60-BB\ ALGORITHMES\ D\'APPRENTISSAGE\ PROFOND/Examen\ Final/PasteAsFile/build/Release -F /Users/bf/Library/CloudStorage/GoogleDrive-bernynoussi@gmail.com/Mon\ Drive/Formation/Collège\ BDEB/ETE_2026/420-A60-BB\ ALGORITHMES\ D\'APPRENTISSAGE\ PROFOND/Examen\ Final/PasteAsFile/build/Release -emit-localized-strings -emit-localized-strings-path /Users/bf/Library/CloudStorage/GoogleDrive-bernynoussi@gmail.com/Mon\ Drive/Formation/Collège\ BDEB/ETE_2026/420-A60-BB\ ALGORITHMES\ D\'APPRENTISSAGE\ PROFOND/Examen\ Final/PasteAsFile/build/PasteAsFile.build/Release/PasteAsFileFinder.build/Objects-normal/x86_64 -c -num-threads 16 -Xcc -ivfsstatcache -Xcc /var/folders/sm/l4mlp9mj4sqg28sl7qrbyx080000gn/C/com.apple.DeveloperTools/27.0-27A266a/Xcode/SDKStatCaches.noindex/macosx27.0-26A425-7231f6df4def33e022ae2eb8f782df1a.sdkstatcache -output-file-map /Users/bf/Library/CloudStorage/GoogleDrive-bernynoussi@gmail.com/Mon\ Drive/Formation/Collège\ BDEB/ETE_2026/420-A60-BB\ ALGORITHMES\ D\'APPRENTISSAGE\ PROFOND/Examen\ Final/PasteAsFile/build/PasteAsFile.build/Release/PasteAsFileFinder.build/Objects-normal/x86_64/PasteAsFileFinder-OutputFileMap.json -save-temps -no-color-diagnostics -explicit-module-build -module-cache-path /Users/bf/Library/CloudStorage/GoogleDrive-bernynoussi@gmail.com/Mon\ Drive/Formation/Collège\ BDEB/ETE_2026/420-A60-BB\ ALGORITHMES\ D\'APPRENTISSAGE\ PROFOND/Examen\ Final/PasteAsFile/build/SwiftExplicitPrecompiledModules -emit-dependencies -emit-module -emit-module-path /Users/bf/Library/CloudStorage/GoogleDrive-bernynoussi@gmail.com/Mon\ Drive/Formation/Collège\ BDEB/ETE_2026/420-A60-BB\ ALGORITHMES\ D\'APPRENTISSAGE\ PROFOND/Examen\ Final/PasteAsFile/build/PasteAsFile.build/Release/PasteAsFileFinder.build/Objects-normal/x86_64/PasteAsFileFinder.swiftmodule -serialize-diagnostics -dependency-scan-serialize-diagnostics-path /Users/bf/Library/CloudStorage/GoogleDrive-bernynoussi@gmail.com/Mon\ Drive/Formation/Collège\ BDEB/ETE_2026/420-A60-BB\ ALGORITHMES\ D\'APPRENTISSAGE\ PROFOND/Examen\ Final/PasteAsFile/build/PasteAsFile.build/Release/PasteAsFileFinder.build/Objects-normal/x86_64/PasteAsFileFinder-dependency-scan.dia -validate-clang-modules-once -clang-build-session-file /var/folders/sm/l4mlp9mj4sqg28sl7qrbyx080000gn/C/org.llvm.clang/ModuleCache.noindex/Session.modulevalidation -Xcc -fmodules-prune-interval\=86400 -Xcc -fmodules-prune-after\=345600 -emit-const-values -const-gather-protocols-list /Users/bf/Library/CloudStorage/GoogleDrive-bernynoussi@gmail.com/Mon\ Drive/Formation/Collège\ BDEB/ETE_2026/420-A60-BB\ ALGORITHMES\ D\'APPRENTISSAGE\ PROFOND/Examen\ Final/PasteAsFile/build/PasteAsFile.build/Release/PasteAsFileFinder.build/Objects-normal/x86_64/PasteAsFileFinder_const_extract_protocols.json -Xcc -iquote -Xcc /Users/bf/Library/CloudStorage/GoogleDrive-bernynoussi@gmail.com/Mon\ Drive/Formation/Collège\ BDEB/ETE_2026/420-A60-BB\ ALGORITHMES\ D\'APPRENTISSAGE\ PROFOND/Examen\ Final/PasteAsFile/build/PasteAsFile.build/Release/PasteAsFileFinder.build/PasteAsFileFinder-generated-files.hmap -Xcc -I/Users/bf/Library/CloudStorage/GoogleDrive-bernynoussi@gmail.com/Mon\ Drive/Formation/Collège\ BDEB/ETE_2026/420-A60-BB\ ALGORITHMES\ D\'APPRENTISSAGE\ PROFOND/Examen\ Final/PasteAsFile/build/PasteAsFile.build/Release/PasteAsFileFinder.build/PasteAsFileFinder-own-target-headers.hmap -Xcc -I/Users/bf/Library/CloudStorage/GoogleDrive-bernynoussi@gmail.com/Mon\ Drive/Formation/Collège\ BDEB/ETE_2026/420-A60-BB\ ALGORITHMES\ D\'APPRENTISSAGE\ PROFOND/Examen\ Final/PasteAsFile/build/PasteAsFile.build/Release/PasteAsFileFinder.build/PasteAsFileFinder-all-target-headers.hmap -Xcc -iquote -Xcc /Users/bf/Library/CloudStorage/GoogleDrive-bernynoussi@gmail.com/Mon\ Drive/Formation/Collège\ BDEB/ETE_2026/420-A60-BB\ ALGORITHMES\ D\'APPRENTISSAGE\ PROFOND/Examen\ Final/PasteAsFile/build/PasteAsFile.build/Release/PasteAsFileFinder.build/PasteAsFileFinder-project-headers.hmap -Xcc -I/Users/bf/Library/CloudStorage/GoogleDrive-bernynoussi@gmail.com/Mon\ Drive/Formation/Collège\ BDEB/ETE_2026/420-A60-BB\ ALGORITHMES\ D\'APPRENTISSAGE\ PROFOND/Examen\ Final/PasteAsFile/build/Release/include -Xcc -I/Users/bf/Library/CloudStorage/GoogleDrive-bernynoussi@gmail.com/Mon\ Drive/Formation/Collège\ BDEB/ETE_2026/420-A60-BB\ ALGORITHMES\ D\'APPRENTISSAGE\ PROFOND/Examen\ Final/PasteAsFile/build/PasteAsFile.build/Release/PasteAsFileFinder.build/DerivedSources-normal/x86_64 -Xcc -I/Users/bf/Library/CloudStorage/GoogleDrive-bernynoussi@gmail.com/Mon\ Drive/Formation/Collège\ BDEB/ETE_2026/420-A60-BB\ ALGORITHMES\ D\'APPRENTISSAGE\ PROFOND/Examen\ Final/PasteAsFile/build/PasteAsFile.build/Release/PasteAsFileFinder.build/DerivedSources/x86_64 -Xcc -I/Users/bf/Library/CloudStorage/GoogleDrive-bernynoussi@gmail.com/Mon\ Drive/Formation/Collège\ BDEB/ETE_2026/420-A60-BB\ ALGORITHMES\ D\'APPRENTISSAGE\ PROFOND/Examen\ Final/PasteAsFile/build/PasteAsFile.build/Release/PasteAsFileFinder.build/DerivedSources -emit-objc-header -emit-objc-header-path /Users/bf/Library/CloudStorage/GoogleDrive-bernynoussi@gmail.com/Mon\ Drive/Formation/Collège\ BDEB/ETE_2026/420-A60-BB\ ALGORITHMES\ D\'APPRENTISSAGE\ PROFOND/Examen\ Final/PasteAsFile/build/PasteAsFile.build/Release/PasteAsFileFinder.build/Objects-normal/x86_64/PasteAsFileFinder-Swift.h -working-directory /Users/bf/Library/CloudStorage/GoogleDrive-bernynoussi@gmail.com/Mon\ Drive/Formation/Collège\ BDEB/ETE_2026/420-A60-BB\ ALGORITHMES\ D\'APPRENTISSAGE\ PROFOND/Examen\ Final/PasteAsFile -no-emit-module-separately-wmo

SwiftMergeGeneratedHeaders /Users/bf/Library/CloudStorage/GoogleDrive-bernynoussi@gmail.com/Mon\ Drive/Formation/Collège\ BDEB/ETE_2026/420-A60-BB\ ALGORITHMES\ D\'APPRENTISSAGE\ PROFOND/Examen\ Final/PasteAsFile/build/PasteAsFile.build/Release/PasteAsFileFinder.build/DerivedSources/PasteAsFileFinder-Swift.h /Users/bf/Library/CloudStorage/GoogleDrive-bernynoussi@gmail.com/Mon\ Drive/Formation/Collège\ BDEB/ETE_2026/420-A60-BB\ ALGORITHMES\ D\'APPRENTISSAGE\ PROFOND/Examen\ Final/PasteAsFile/build/PasteAsFile.build/Release/PasteAsFileFinder.build/Objects-normal/arm64/PasteAsFileFinder-Swift.h /Users/bf/Library/CloudStorage/GoogleDrive-bernynoussi@gmail.com/Mon\ Drive/Formation/Collège\ BDEB/ETE_2026/420-A60-BB\ ALGORITHMES\ D\'APPRENTISSAGE\ PROFOND/Examen\ Final/PasteAsFile/build/PasteAsFile.build/Release/PasteAsFileFinder.build/Objects-normal/x86_64/PasteAsFileFinder-Swift.h (in target 'PasteAsFileFinder' from project 'PasteAsFile')
    cd /Users/bf/Library/CloudStorage/GoogleDrive-bernynoussi@gmail.com/Mon\ Drive/Formation/Collège\ BDEB/ETE_2026/420-A60-BB\ ALGORITHMES\ D\'APPRENTISSAGE\ PROFOND/Examen\ Final/PasteAsFile
    builtin-swiftHeaderTool -arch arm64 /Users/bf/Library/CloudStorage/GoogleDrive-bernynoussi@gmail.com/Mon\ Drive/Formation/Collège\ BDEB/ETE_2026/420-A60-BB\ ALGORITHMES\ D\'APPRENTISSAGE\ PROFOND/Examen\ Final/PasteAsFile/build/PasteAsFile.build/Release/PasteAsFileFinder.build/Objects-normal/arm64/PasteAsFileFinder-Swift.h -arch x86_64 /Users/bf/Library/CloudStorage/GoogleDrive-bernynoussi@gmail.com/Mon\ Drive/Formation/Collège\ BDEB/ETE_2026/420-A60-BB\ ALGORITHMES\ D\'APPRENTISSAGE\ PROFOND/Examen\ Final/PasteAsFile/build/PasteAsFile.build/Release/PasteAsFileFinder.build/Objects-normal/x86_64/PasteAsFileFinder-Swift.h -o /Users/bf/Library/CloudStorage/GoogleDrive-bernynoussi@gmail.com/Mon\ Drive/Formation/Collège\ BDEB/ETE_2026/420-A60-BB\ ALGORITHMES\ D\'APPRENTISSAGE\ PROFOND/Examen\ Final/PasteAsFile/build/PasteAsFile.build/Release/PasteAsFileFinder.build/DerivedSources/PasteAsFileFinder-Swift.h

Copy /Users/bf/Library/CloudStorage/GoogleDrive-bernynoussi@gmail.com/Mon\ Drive/Formation/Collège\ BDEB/ETE_2026/420-A60-BB\ ALGORITHMES\ D\'APPRENTISSAGE\ PROFOND/Examen\ Final/PasteAsFile/build/Release/PasteAsFileFinder.swiftmodule/arm64-apple-macos.swiftdoc /Users/bf/Library/CloudStorage/GoogleDrive-bernynoussi@gmail.com/Mon\ Drive/Formation/Collège\ BDEB/ETE_2026/420-A60-BB\ ALGORITHMES\ D\'APPRENTISSAGE\ PROFOND/Examen\ Final/PasteAsFile/build/PasteAsFile.build/Release/PasteAsFileFinder.build/Objects-normal/arm64/PasteAsFileFinder.swiftdoc (in target 'PasteAsFileFinder' from project 'PasteAsFile')
    cd /Users/bf/Library/CloudStorage/GoogleDrive-bernynoussi@gmail.com/Mon\ Drive/Formation/Collège\ BDEB/ETE_2026/420-A60-BB\ ALGORITHMES\ D\'APPRENTISSAGE\ PROFOND/Examen\ Final/PasteAsFile
    builtin-copy -exclude .DS_Store -exclude CVS -exclude .svn -exclude .git -exclude .hg -resolve-src-symlinks -rename /Users/bf/Library/CloudStorage/GoogleDrive-bernynoussi@gmail.com/Mon\ Drive/Formation/Collège\ BDEB/ETE_2026/420-A60-BB\ ALGORITHMES\ D\'APPRENTISSAGE\ PROFOND/Examen\ Final/PasteAsFile/build/PasteAsFile.build/Release/PasteAsFileFinder.build/Objects-normal/arm64/PasteAsFileFinder.swiftdoc /Users/bf/Library/CloudStorage/GoogleDrive-bernynoussi@gmail.com/Mon\ Drive/Formation/Collège\ BDEB/ETE_2026/420-A60-BB\ ALGORITHMES\ D\'APPRENTISSAGE\ PROFOND/Examen\ Final/PasteAsFile/build/Release/PasteAsFileFinder.swiftmodule/arm64-apple-macos.swiftdoc

Copy /Users/bf/Library/CloudStorage/GoogleDrive-bernynoussi@gmail.com/Mon\ Drive/Formation/Collège\ BDEB/ETE_2026/420-A60-BB\ ALGORITHMES\ D\'APPRENTISSAGE\ PROFOND/Examen\ Final/PasteAsFile/build/Release/PasteAsFileFinder.swiftmodule/arm64-apple-macos.swiftmodule /Users/bf/Library/CloudStorage/GoogleDrive-bernynoussi@gmail.com/Mon\ Drive/Formation/Collège\ BDEB/ETE_2026/420-A60-BB\ ALGORITHMES\ D\'APPRENTISSAGE\ PROFOND/Examen\ Final/PasteAsFile/build/PasteAsFile.build/Release/PasteAsFileFinder.build/Objects-normal/arm64/PasteAsFileFinder.swiftmodule (in target 'PasteAsFileFinder' from project 'PasteAsFile')
    cd /Users/bf/Library/CloudStorage/GoogleDrive-bernynoussi@gmail.com/Mon\ Drive/Formation/Collège\ BDEB/ETE_2026/420-A60-BB\ ALGORITHMES\ D\'APPRENTISSAGE\ PROFOND/Examen\ Final/PasteAsFile
    builtin-copy -exclude .DS_Store -exclude CVS -exclude .svn -exclude .git -exclude .hg -resolve-src-symlinks -rename /Users/bf/Library/CloudStorage/GoogleDrive-bernynoussi@gmail.com/Mon\ Drive/Formation/Collège\ BDEB/ETE_2026/420-A60-BB\ ALGORITHMES\ D\'APPRENTISSAGE\ PROFOND/Examen\ Final/PasteAsFile/build/PasteAsFile.build/Release/PasteAsFileFinder.build/Objects-normal/arm64/PasteAsFileFinder.swiftmodule /Users/bf/Library/CloudStorage/GoogleDrive-bernynoussi@gmail.com/Mon\ Drive/Formation/Collège\ BDEB/ETE_2026/420-A60-BB\ ALGORITHMES\ D\'APPRENTISSAGE\ PROFOND/Examen\ Final/PasteAsFile/build/Release/PasteAsFileFinder.swiftmodule/arm64-apple-macos.swiftmodule

Copy /Users/bf/Library/CloudStorage/GoogleDrive-bernynoussi@gmail.com/Mon\ Drive/Formation/Collège\ BDEB/ETE_2026/420-A60-BB\ ALGORITHMES\ D\'APPRENTISSAGE\ PROFOND/Examen\ Final/PasteAsFile/build/Release/PasteAsFileFinder.swiftmodule/x86_64-apple-macos.swiftdoc /Users/bf/Library/CloudStorage/GoogleDrive-bernynoussi@gmail.com/Mon\ Drive/Formation/Collège\ BDEB/ETE_2026/420-A60-BB\ ALGORITHMES\ D\'APPRENTISSAGE\ PROFOND/Examen\ Final/PasteAsFile/build/PasteAsFile.build/Release/PasteAsFileFinder.build/Objects-normal/x86_64/PasteAsFileFinder.swiftdoc (in target 'PasteAsFileFinder' from project 'PasteAsFile')
    cd /Users/bf/Library/CloudStorage/GoogleDrive-bernynoussi@gmail.com/Mon\ Drive/Formation/Collège\ BDEB/ETE_2026/420-A60-BB\ ALGORITHMES\ D\'APPRENTISSAGE\ PROFOND/Examen\ Final/PasteAsFile
    builtin-copy -exclude .DS_Store -exclude CVS -exclude .svn -exclude .git -exclude .hg -resolve-src-symlinks -rename /Users/bf/Library/CloudStorage/GoogleDrive-bernynoussi@gmail.com/Mon\ Drive/Formation/Collège\ BDEB/ETE_2026/420-A60-BB\ ALGORITHMES\ D\'APPRENTISSAGE\ PROFOND/Examen\ Final/PasteAsFile/build/PasteAsFile.build/Release/PasteAsFileFinder.build/Objects-normal/x86_64/PasteAsFileFinder.swiftdoc /Users/bf/Library/CloudStorage/GoogleDrive-bernynoussi@gmail.com/Mon\ Drive/Formation/Collège\ BDEB/ETE_2026/420-A60-BB\ ALGORITHMES\ D\'APPRENTISSAGE\ PROFOND/Examen\ Final/PasteAsFile/build/Release/PasteAsFileFinder.swiftmodule/x86_64-apple-macos.swiftdoc

Copy /Users/bf/Library/CloudStorage/GoogleDrive-bernynoussi@gmail.com/Mon\ Drive/Formation/Collège\ BDEB/ETE_2026/420-A60-BB\ ALGORITHMES\ D\'APPRENTISSAGE\ PROFOND/Examen\ Final/PasteAsFile/build/Release/PasteAsFileFinder.swiftmodule/arm64-apple-macos.abi.json /Users/bf/Library/CloudStorage/GoogleDrive-bernynoussi@gmail.com/Mon\ Drive/Formation/Collège\ BDEB/ETE_2026/420-A60-BB\ ALGORITHMES\ D\'APPRENTISSAGE\ PROFOND/Examen\ Final/PasteAsFile/build/PasteAsFile.build/Release/PasteAsFileFinder.build/Objects-normal/arm64/PasteAsFileFinder.abi.json (in target 'PasteAsFileFinder' from project 'PasteAsFile')
    cd /Users/bf/Library/CloudStorage/GoogleDrive-bernynoussi@gmail.com/Mon\ Drive/Formation/Collège\ BDEB/ETE_2026/420-A60-BB\ ALGORITHMES\ D\'APPRENTISSAGE\ PROFOND/Examen\ Final/PasteAsFile
    builtin-copy -exclude .DS_Store -exclude CVS -exclude .svn -exclude .git -exclude .hg -resolve-src-symlinks -rename /Users/bf/Library/CloudStorage/GoogleDrive-bernynoussi@gmail.com/Mon\ Drive/Formation/Collège\ BDEB/ETE_2026/420-A60-BB\ ALGORITHMES\ D\'APPRENTISSAGE\ PROFOND/Examen\ Final/PasteAsFile/build/PasteAsFile.build/Release/PasteAsFileFinder.build/Objects-normal/arm64/PasteAsFileFinder.abi.json /Users/bf/Library/CloudStorage/GoogleDrive-bernynoussi@gmail.com/Mon\ Drive/Formation/Collège\ BDEB/ETE_2026/420-A60-BB\ ALGORITHMES\ D\'APPRENTISSAGE\ PROFOND/Examen\ Final/PasteAsFile/build/Release/PasteAsFileFinder.swiftmodule/arm64-apple-macos.abi.json

Copy /Users/bf/Library/CloudStorage/GoogleDrive-bernynoussi@gmail.com/Mon\ Drive/Formation/Collège\ BDEB/ETE_2026/420-A60-BB\ ALGORITHMES\ D\'APPRENTISSAGE\ PROFOND/Examen\ Final/PasteAsFile/build/Release/PasteAsFileFinder.swiftmodule/x86_64-apple-macos.swiftmodule /Users/bf/Library/CloudStorage/GoogleDrive-bernynoussi@gmail.com/Mon\ Drive/Formation/Collège\ BDEB/ETE_2026/420-A60-BB\ ALGORITHMES\ D\'APPRENTISSAGE\ PROFOND/Examen\ Final/PasteAsFile/build/PasteAsFile.build/Release/PasteAsFileFinder.build/Objects-normal/x86_64/PasteAsFileFinder.swiftmodule (in target 'PasteAsFileFinder' from project 'PasteAsFile')
    cd /Users/bf/Library/CloudStorage/GoogleDrive-bernynoussi@gmail.com/Mon\ Drive/Formation/Collège\ BDEB/ETE_2026/420-A60-BB\ ALGORITHMES\ D\'APPRENTISSAGE\ PROFOND/Examen\ Final/PasteAsFile
    builtin-copy -exclude .DS_Store -exclude CVS -exclude .svn -exclude .git -exclude .hg -resolve-src-symlinks -rename /Users/bf/Library/CloudStorage/GoogleDrive-bernynoussi@gmail.com/Mon\ Drive/Formation/Collège\ BDEB/ETE_2026/420-A60-BB\ ALGORITHMES\ D\'APPRENTISSAGE\ PROFOND/Examen\ Final/PasteAsFile/build/PasteAsFile.build/Release/PasteAsFileFinder.build/Objects-normal/x86_64/PasteAsFileFinder.swiftmodule /Users/bf/Library/CloudStorage/GoogleDrive-bernynoussi@gmail.com/Mon\ Drive/Formation/Collège\ BDEB/ETE_2026/420-A60-BB\ ALGORITHMES\ D\'APPRENTISSAGE\ PROFOND/Examen\ Final/PasteAsFile/build/Release/PasteAsFileFinder.swiftmodule/x86_64-apple-macos.swiftmodule

Copy /Users/bf/Library/CloudStorage/GoogleDrive-bernynoussi@gmail.com/Mon\ Drive/Formation/Collège\ BDEB/ETE_2026/420-A60-BB\ ALGORITHMES\ D\'APPRENTISSAGE\ PROFOND/Examen\ Final/PasteAsFile/build/Release/PasteAsFileFinder.swiftmodule/x86_64-apple-macos.abi.json /Users/bf/Library/CloudStorage/GoogleDrive-bernynoussi@gmail.com/Mon\ Drive/Formation/Collège\ BDEB/ETE_2026/420-A60-BB\ ALGORITHMES\ D\'APPRENTISSAGE\ PROFOND/Examen\ Final/PasteAsFile/build/PasteAsFile.build/Release/PasteAsFileFinder.build/Objects-normal/x86_64/PasteAsFileFinder.abi.json (in target 'PasteAsFileFinder' from project 'PasteAsFile')
    cd /Users/bf/Library/CloudStorage/GoogleDrive-bernynoussi@gmail.com/Mon\ Drive/Formation/Collège\ BDEB/ETE_2026/420-A60-BB\ ALGORITHMES\ D\'APPRENTISSAGE\ PROFOND/Examen\ Final/PasteAsFile
    builtin-copy -exclude .DS_Store -exclude CVS -exclude .svn -exclude .git -exclude .hg -resolve-src-symlinks -rename /Users/bf/Library/CloudStorage/GoogleDrive-bernynoussi@gmail.com/Mon\ Drive/Formation/Collège\ BDEB/ETE_2026/420-A60-BB\ ALGORITHMES\ D\'APPRENTISSAGE\ PROFOND/Examen\ Final/PasteAsFile/build/PasteAsFile.build/Release/PasteAsFileFinder.build/Objects-normal/x86_64/PasteAsFileFinder.abi.json /Users/bf/Library/CloudStorage/GoogleDrive-bernynoussi@gmail.com/Mon\ Drive/Formation/Collège\ BDEB/ETE_2026/420-A60-BB\ ALGORITHMES\ D\'APPRENTISSAGE\ PROFOND/Examen\ Final/PasteAsFile/build/Release/PasteAsFileFinder.swiftmodule/x86_64-apple-macos.abi.json

Copy /Users/bf/Library/CloudStorage/GoogleDrive-bernynoussi@gmail.com/Mon\ Drive/Formation/Collège\ BDEB/ETE_2026/420-A60-BB\ ALGORITHMES\ D\'APPRENTISSAGE\ PROFOND/Examen\ Final/PasteAsFile/build/Release/PasteAsFileFinder.swiftmodule/Project/x86_64-apple-macos.swiftsourceinfo /Users/bf/Library/CloudStorage/GoogleDrive-bernynoussi@gmail.com/Mon\ Drive/Formation/Collège\ BDEB/ETE_2026/420-A60-BB\ ALGORITHMES\ D\'APPRENTISSAGE\ PROFOND/Examen\ Final/PasteAsFile/build/PasteAsFile.build/Release/PasteAsFileFinder.build/Objects-normal/x86_64/PasteAsFileFinder.swiftsourceinfo (in target 'PasteAsFileFinder' from project 'PasteAsFile')
    cd /Users/bf/Library/CloudStorage/GoogleDrive-bernynoussi@gmail.com/Mon\ Drive/Formation/Collège\ BDEB/ETE_2026/420-A60-BB\ ALGORITHMES\ D\'APPRENTISSAGE\ PROFOND/Examen\ Final/PasteAsFile
    builtin-copy -exclude .DS_Store -exclude CVS -exclude .svn -exclude .git -exclude .hg -resolve-src-symlinks -rename /Users/bf/Library/CloudStorage/GoogleDrive-bernynoussi@gmail.com/Mon\ Drive/Formation/Collège\ BDEB/ETE_2026/420-A60-BB\ ALGORITHMES\ D\'APPRENTISSAGE\ PROFOND/Examen\ Final/PasteAsFile/build/PasteAsFile.build/Release/PasteAsFileFinder.build/Objects-normal/x86_64/PasteAsFileFinder.swiftsourceinfo /Users/bf/Library/CloudStorage/GoogleDrive-bernynoussi@gmail.com/Mon\ Drive/Formation/Collège\ BDEB/ETE_2026/420-A60-BB\ ALGORITHMES\ D\'APPRENTISSAGE\ PROFOND/Examen\ Final/PasteAsFile/build/Release/PasteAsFileFinder.swiftmodule/Project/x86_64-apple-macos.swiftsourceinfo

Copy /Users/bf/Library/CloudStorage/GoogleDrive-bernynoussi@gmail.com/Mon\ Drive/Formation/Collège\ BDEB/ETE_2026/420-A60-BB\ ALGORITHMES\ D\'APPRENTISSAGE\ PROFOND/Examen\ Final/PasteAsFile/build/Release/PasteAsFileFinder.swiftmodule/Project/arm64-apple-macos.swiftsourceinfo /Users/bf/Library/CloudStorage/GoogleDrive-bernynoussi@gmail.com/Mon\ Drive/Formation/Collège\ BDEB/ETE_2026/420-A60-BB\ ALGORITHMES\ D\'APPRENTISSAGE\ PROFOND/Examen\ Final/PasteAsFile/build/PasteAsFile.build/Release/PasteAsFileFinder.build/Objects-normal/arm64/PasteAsFileFinder.swiftsourceinfo (in target 'PasteAsFileFinder' from project 'PasteAsFile')
    cd /Users/bf/Library/CloudStorage/GoogleDrive-bernynoussi@gmail.com/Mon\ Drive/Formation/Collège\ BDEB/ETE_2026/420-A60-BB\ ALGORITHMES\ D\'APPRENTISSAGE\ PROFOND/Examen\ Final/PasteAsFile
    builtin-copy -exclude .DS_Store -exclude CVS -exclude .svn -exclude .git -exclude .hg -resolve-src-symlinks -rename /Users/bf/Library/CloudStorage/GoogleDrive-bernynoussi@gmail.com/Mon\ Drive/Formation/Collège\ BDEB/ETE_2026/420-A60-BB\ ALGORITHMES\ D\'APPRENTISSAGE\ PROFOND/Examen\ Final/PasteAsFile/build/PasteAsFile.build/Release/PasteAsFileFinder.build/Objects-normal/arm64/PasteAsFileFinder.swiftsourceinfo /Users/bf/Library/CloudStorage/GoogleDrive-bernynoussi@gmail.com/Mon\ Drive/Formation/Collège\ BDEB/ETE_2026/420-A60-BB\ ALGORITHMES\ D\'APPRENTISSAGE\ PROFOND/Examen\ Final/PasteAsFile/build/Release/PasteAsFileFinder.swiftmodule/Project/arm64-apple-macos.swiftsourceinfo

Ld /Users/bf/Library/CloudStorage/GoogleDrive-bernynoussi@gmail.com/Mon\ Drive/Formation/Collège\ BDEB/ETE_2026/420-A60-BB\ ALGORITHMES\ D\'APPRENTISSAGE\ PROFOND/Examen\ Final/PasteAsFile/build/PasteAsFile.build/Release/PasteAsFileFinder.build/Objects-normal/x86_64/Binary/PasteAsFileFinder normal x86_64 (in target 'PasteAsFileFinder' from project 'PasteAsFile')
    cd /Users/bf/Library/CloudStorage/GoogleDrive-bernynoussi@gmail.com/Mon\ Drive/Formation/Collège\ BDEB/ETE_2026/420-A60-BB\ ALGORITHMES\ D\'APPRENTISSAGE\ PROFOND/Examen\ Final/PasteAsFile
    /Applications/Xcode.app/Contents/Developer/Toolchains/XcodeDefault.xctoolchain/usr/bin/clang -Xlinker -reproducible -target x86_64-apple-macos13.0 -isysroot /Applications/Xcode.app/Contents/Developer/Platforms/MacOSX.platform/Developer/SDKs/MacOSX27.0.sdk -Os -Xlinker -no_warn_duplicate_libraries -L/Users/bf/Library/CloudStorage/GoogleDrive-bernynoussi@gmail.com/Mon\ Drive/Formation/Collège\ BDEB/ETE_2026/420-A60-BB\ ALGORITHMES\ D\'APPRENTISSAGE\ PROFOND/Examen\ Final/PasteAsFile/build/EagerLinkingTBDs/Release -L/Users/bf/Library/CloudStorage/GoogleDrive-bernynoussi@gmail.com/Mon\ Drive/Formation/Collège\ BDEB/ETE_2026/420-A60-BB\ ALGORITHMES\ D\'APPRENTISSAGE\ PROFOND/Examen\ Final/PasteAsFile/build/Release -F/Users/bf/Library/CloudStorage/GoogleDrive-bernynoussi@gmail.com/Mon\ Drive/Formation/Collège\ BDEB/ETE_2026/420-A60-BB\ ALGORITHMES\ D\'APPRENTISSAGE\ PROFOND/Examen\ Final/PasteAsFile/build/EagerLinkingTBDs/Release -F/Users/bf/Library/CloudStorage/GoogleDrive-bernynoussi@gmail.com/Mon\ Drive/Formation/Collège\ BDEB/ETE_2026/420-A60-BB\ ALGORITHMES\ D\'APPRENTISSAGE\ PROFOND/Examen\ Final/PasteAsFile/build/Release -filelist /Users/bf/Library/CloudStorage/GoogleDrive-bernynoussi@gmail.com/Mon\ Drive/Formation/Collège\ BDEB/ETE_2026/420-A60-BB\ ALGORITHMES\ D\'APPRENTISSAGE\ PROFOND/Examen\ Final/PasteAsFile/build/PasteAsFile.build/Release/PasteAsFileFinder.build/Objects-normal/x86_64/PasteAsFileFinder.LinkFileList -Xlinker -rpath -Xlinker /usr/lib/swift -Xlinker -object_path_lto -Xlinker /Users/bf/Library/CloudStorage/GoogleDrive-bernynoussi@gmail.com/Mon\ Drive/Formation/Collège\ BDEB/ETE_2026/420-A60-BB\ ALGORITHMES\ D\'APPRENTISSAGE\ PROFOND/Examen\ Final/PasteAsFile/build/PasteAsFile.build/Release/PasteAsFileFinder.build/Objects-normal/x86_64/PasteAsFileFinder_lto.o -Xlinker -dependency_info -Xlinker /Users/bf/Library/CloudStorage/GoogleDrive-bernynoussi@gmail.com/Mon\ Drive/Formation/Collège\ BDEB/ETE_2026/420-A60-BB\ ALGORITHMES\ D\'APPRENTISSAGE\ PROFOND/Examen\ Final/PasteAsFile/build/PasteAsFile.build/Release/PasteAsFileFinder.build/Objects-normal/x86_64/PasteAsFileFinder_dependency_info.dat -e _NSExtensionMain -fapplication-extension -fobjc-link-runtime -L/Applications/Xcode.app/Contents/Developer/Toolchains/XcodeDefault.xctoolchain/usr/lib/swift/macosx -L/usr/lib/swift -Xlinker -add_ast_path -Xlinker /Users/bf/Library/CloudStorage/GoogleDrive-bernynoussi@gmail.com/Mon\ Drive/Formation/Collège\ BDEB/ETE_2026/420-A60-BB\ ALGORITHMES\ D\'APPRENTISSAGE\ PROFOND/Examen\ Final/PasteAsFile/build/PasteAsFile.build/Release/PasteAsFileFinder.build/Objects-normal/x86_64/PasteAsFileFinder.swiftmodule -framework Cocoa -Xlinker -no_adhoc_codesign -o /Users/bf/Library/CloudStorage/GoogleDrive-bernynoussi@gmail.com/Mon\ Drive/Formation/Collège\ BDEB/ETE_2026/420-A60-BB\ ALGORITHMES\ D\'APPRENTISSAGE\ PROFOND/Examen\ Final/PasteAsFile/build/PasteAsFile.build/Release/PasteAsFileFinder.build/Objects-normal/x86_64/Binary/PasteAsFileFinder

Ld /Users/bf/Library/CloudStorage/GoogleDrive-bernynoussi@gmail.com/Mon\ Drive/Formation/Collège\ BDEB/ETE_2026/420-A60-BB\ ALGORITHMES\ D\'APPRENTISSAGE\ PROFOND/Examen\ Final/PasteAsFile/build/PasteAsFile.build/Release/PasteAsFileFinder.build/Objects-normal/arm64/Binary/PasteAsFileFinder normal arm64 (in target 'PasteAsFileFinder' from project 'PasteAsFile')
    cd /Users/bf/Library/CloudStorage/GoogleDrive-bernynoussi@gmail.com/Mon\ Drive/Formation/Collège\ BDEB/ETE_2026/420-A60-BB\ ALGORITHMES\ D\'APPRENTISSAGE\ PROFOND/Examen\ Final/PasteAsFile
    /Applications/Xcode.app/Contents/Developer/Toolchains/XcodeDefault.xctoolchain/usr/bin/clang -Xlinker -reproducible -target arm64-apple-macos13.0 -isysroot /Applications/Xcode.app/Contents/Developer/Platforms/MacOSX.platform/Developer/SDKs/MacOSX27.0.sdk -Os -Xlinker -no_warn_duplicate_libraries -L/Users/bf/Library/CloudStorage/GoogleDrive-bernynoussi@gmail.com/Mon\ Drive/Formation/Collège\ BDEB/ETE_2026/420-A60-BB\ ALGORITHMES\ D\'APPRENTISSAGE\ PROFOND/Examen\ Final/PasteAsFile/build/EagerLinkingTBDs/Release -L/Users/bf/Library/CloudStorage/GoogleDrive-bernynoussi@gmail.com/Mon\ Drive/Formation/Collège\ BDEB/ETE_2026/420-A60-BB\ ALGORITHMES\ D\'APPRENTISSAGE\ PROFOND/Examen\ Final/PasteAsFile/build/Release -F/Users/bf/Library/CloudStorage/GoogleDrive-bernynoussi@gmail.com/Mon\ Drive/Formation/Collège\ BDEB/ETE_2026/420-A60-BB\ ALGORITHMES\ D\'APPRENTISSAGE\ PROFOND/Examen\ Final/PasteAsFile/build/EagerLinkingTBDs/Release -F/Users/bf/Library/CloudStorage/GoogleDrive-bernynoussi@gmail.com/Mon\ Drive/Formation/Collège\ BDEB/ETE_2026/420-A60-BB\ ALGORITHMES\ D\'APPRENTISSAGE\ PROFOND/Examen\ Final/PasteAsFile/build/Release -filelist /Users/bf/Library/CloudStorage/GoogleDrive-bernynoussi@gmail.com/Mon\ Drive/Formation/Collège\ BDEB/ETE_2026/420-A60-BB\ ALGORITHMES\ D\'APPRENTISSAGE\ PROFOND/Examen\ Final/PasteAsFile/build/PasteAsFile.build/Release/PasteAsFileFinder.build/Objects-normal/arm64/PasteAsFileFinder.LinkFileList -Xlinker -rpath -Xlinker /usr/lib/swift -Xlinker -object_path_lto -Xlinker /Users/bf/Library/CloudStorage/GoogleDrive-bernynoussi@gmail.com/Mon\ Drive/Formation/Collège\ BDEB/ETE_2026/420-A60-BB\ ALGORITHMES\ D\'APPRENTISSAGE\ PROFOND/Examen\ Final/PasteAsFile/build/PasteAsFile.build/Release/PasteAsFileFinder.build/Objects-normal/arm64/PasteAsFileFinder_lto.o -Xlinker -dependency_info -Xlinker /Users/bf/Library/CloudStorage/GoogleDrive-bernynoussi@gmail.com/Mon\ Drive/Formation/Collège\ BDEB/ETE_2026/420-A60-BB\ ALGORITHMES\ D\'APPRENTISSAGE\ PROFOND/Examen\ Final/PasteAsFile/build/PasteAsFile.build/Release/PasteAsFileFinder.build/Objects-normal/arm64/PasteAsFileFinder_dependency_info.dat -e _NSExtensionMain -fapplication-extension -fobjc-link-runtime -L/Applications/Xcode.app/Contents/Developer/Toolchains/XcodeDefault.xctoolchain/usr/lib/swift/macosx -L/usr/lib/swift -Xlinker -add_ast_path -Xlinker /Users/bf/Library/CloudStorage/GoogleDrive-bernynoussi@gmail.com/Mon\ Drive/Formation/Collège\ BDEB/ETE_2026/420-A60-BB\ ALGORITHMES\ D\'APPRENTISSAGE\ PROFOND/Examen\ Final/PasteAsFile/build/PasteAsFile.build/Release/PasteAsFileFinder.build/Objects-normal/arm64/PasteAsFileFinder.swiftmodule -framework Cocoa -Xlinker -no_adhoc_codesign -o /Users/bf/Library/CloudStorage/GoogleDrive-bernynoussi@gmail.com/Mon\ Drive/Formation/Collège\ BDEB/ETE_2026/420-A60-BB\ ALGORITHMES\ D\'APPRENTISSAGE\ PROFOND/Examen\ Final/PasteAsFile/build/PasteAsFile.build/Release/PasteAsFileFinder.build/Objects-normal/arm64/Binary/PasteAsFileFinder

CreateUniversalBinary /Users/bf/Library/CloudStorage/GoogleDrive-bernynoussi@gmail.com/Mon\ Drive/Formation/Collège\ BDEB/ETE_2026/420-A60-BB\ ALGORITHMES\ D\'APPRENTISSAGE\ PROFOND/Examen\ Final/PasteAsFile/build/Release/PasteAsFileFinder.appex/Contents/MacOS/PasteAsFileFinder normal arm64\ x86_64 (in target 'PasteAsFileFinder' from project 'PasteAsFile')
    cd /Users/bf/Library/CloudStorage/GoogleDrive-bernynoussi@gmail.com/Mon\ Drive/Formation/Collège\ BDEB/ETE_2026/420-A60-BB\ ALGORITHMES\ D\'APPRENTISSAGE\ PROFOND/Examen\ Final/PasteAsFile
    /Applications/Xcode.app/Contents/Developer/Toolchains/XcodeDefault.xctoolchain/usr/bin/lipo -create /Users/bf/Library/CloudStorage/GoogleDrive-bernynoussi@gmail.com/Mon\ Drive/Formation/Collège\ BDEB/ETE_2026/420-A60-BB\ ALGORITHMES\ D\'APPRENTISSAGE\ PROFOND/Examen\ Final/PasteAsFile/build/PasteAsFile.build/Release/PasteAsFileFinder.build/Objects-normal/arm64/Binary/PasteAsFileFinder /Users/bf/Library/CloudStorage/GoogleDrive-bernynoussi@gmail.com/Mon\ Drive/Formation/Collège\ BDEB/ETE_2026/420-A60-BB\ ALGORITHMES\ D\'APPRENTISSAGE\ PROFOND/Examen\ Final/PasteAsFile/build/PasteAsFile.build/Release/PasteAsFileFinder.build/Objects-normal/x86_64/Binary/PasteAsFileFinder -output /Users/bf/Library/CloudStorage/GoogleDrive-bernynoussi@gmail.com/Mon\ Drive/Formation/Collège\ BDEB/ETE_2026/420-A60-BB\ ALGORITHMES\ D\'APPRENTISSAGE\ PROFOND/Examen\ Final/PasteAsFile/build/Release/PasteAsFileFinder.appex/Contents/MacOS/PasteAsFileFinder

ExtractAppIntentsMetadata (in target 'PasteAsFileFinder' from project 'PasteAsFile')
    cd /Users/bf/Library/CloudStorage/GoogleDrive-bernynoussi@gmail.com/Mon\ Drive/Formation/Collège\ BDEB/ETE_2026/420-A60-BB\ ALGORITHMES\ D\'APPRENTISSAGE\ PROFOND/Examen\ Final/PasteAsFile
    /Applications/Xcode.app/Contents/Developer/Toolchains/XcodeDefault.xctoolchain/usr/bin/appintentsmetadataprocessor --toolchain-dir /Applications/Xcode.app/Contents/Developer/Toolchains/XcodeDefault.xctoolchain --module-name PasteAsFileFinder --sdk-root /Applications/Xcode.app/Contents/Developer/Platforms/MacOSX.platform/Developer/SDKs/MacOSX27.0.sdk --xcode-version 27A266a --platform-family macOS --deployment-target 13.0 --bundle-identifier org.pasteasfile.PasteAsFileFinder --output /Users/bf/Library/CloudStorage/GoogleDrive-bernynoussi@gmail.com/Mon\ Drive/Formation/Collège\ BDEB/ETE_2026/420-A60-BB\ ALGORITHMES\ D\'APPRENTISSAGE\ PROFOND/Examen\ Final/PasteAsFile/build/Release/PasteAsFileFinder.appex/Contents/Resources --target-triple arm64-apple-macos13.0 --target-triple x86_64-apple-macos13.0 --binary-file /Users/bf/Library/CloudStorage/GoogleDrive-bernynoussi@gmail.com/Mon\ Drive/Formation/Collège\ BDEB/ETE_2026/420-A60-BB\ ALGORITHMES\ D\'APPRENTISSAGE\ PROFOND/Examen\ Final/PasteAsFile/build/Release/PasteAsFileFinder.appex/Contents/MacOS/PasteAsFileFinder --dependency-file /Users/bf/Library/CloudStorage/GoogleDrive-bernynoussi@gmail.com/Mon\ Drive/Formation/Collège\ BDEB/ETE_2026/420-A60-BB\ ALGORITHMES\ D\'APPRENTISSAGE\ PROFOND/Examen\ Final/PasteAsFile/build/PasteAsFile.build/Release/PasteAsFileFinder.build/Objects-normal/arm64/PasteAsFileFinder_dependency_info.dat --dependency-file /Users/bf/Library/CloudStorage/GoogleDrive-bernynoussi@gmail.com/Mon\ Drive/Formation/Collège\ BDEB/ETE_2026/420-A60-BB\ ALGORITHMES\ D\'APPRENTISSAGE\ PROFOND/Examen\ Final/PasteAsFile/build/PasteAsFile.build/Release/PasteAsFileFinder.build/Objects-normal/x86_64/PasteAsFileFinder_dependency_info.dat --stringsdata-file /Users/bf/Library/CloudStorage/GoogleDrive-bernynoussi@gmail.com/Mon\ Drive/Formation/Collège\ BDEB/ETE_2026/420-A60-BB\ ALGORITHMES\ D\'APPRENTISSAGE\ PROFOND/Examen\ Final/PasteAsFile/build/PasteAsFile.build/Release/PasteAsFileFinder.build/Objects-normal/arm64/ExtractedAppShortcutsMetadata.stringsdata --stringsdata-file /Users/bf/Library/CloudStorage/GoogleDrive-bernynoussi@gmail.com/Mon\ Drive/Formation/Collège\ BDEB/ETE_2026/420-A60-BB\ ALGORITHMES\ D\'APPRENTISSAGE\ PROFOND/Examen\ Final/PasteAsFile/build/PasteAsFile.build/Release/PasteAsFileFinder.build/Objects-normal/x86_64/ExtractedAppShortcutsMetadata.stringsdata --source-file-list /Users/bf/Library/CloudStorage/GoogleDrive-bernynoussi@gmail.com/Mon\ Drive/Formation/Collège\ BDEB/ETE_2026/420-A60-BB\ ALGORITHMES\ D\'APPRENTISSAGE\ PROFOND/Examen\ Final/PasteAsFile/build/PasteAsFile.build/Release/PasteAsFileFinder.build/Objects-normal/arm64/PasteAsFileFinder.SwiftFileList --source-file-list /Users/bf/Library/CloudStorage/GoogleDrive-bernynoussi@gmail.com/Mon\ Drive/Formation/Collège\ BDEB/ETE_2026/420-A60-BB\ ALGORITHMES\ D\'APPRENTISSAGE\ PROFOND/Examen\ Final/PasteAsFile/build/PasteAsFile.build/Release/PasteAsFileFinder.build/Objects-normal/x86_64/PasteAsFileFinder.SwiftFileList --metadata-file-list /Users/bf/Library/CloudStorage/GoogleDrive-bernynoussi@gmail.com/Mon\ Drive/Formation/Collège\ BDEB/ETE_2026/420-A60-BB\ ALGORITHMES\ D\'APPRENTISSAGE\ PROFOND/Examen\ Final/PasteAsFile/build/PasteAsFile.build/Release/PasteAsFileFinder.build/PasteAsFileFinder.DependencyMetadataFileList --static-metadata-file-list /Users/bf/Library/CloudStorage/GoogleDrive-bernynoussi@gmail.com/Mon\ Drive/Formation/Collège\ BDEB/ETE_2026/420-A60-BB\ ALGORITHMES\ D\'APPRENTISSAGE\ PROFOND/Examen\ Final/PasteAsFile/build/PasteAsFile.build/Release/PasteAsFileFinder.build/PasteAsFileFinder.DependencyStaticMetadataFileList --swift-const-vals-list /Users/bf/Library/CloudStorage/GoogleDrive-bernynoussi@gmail.com/Mon\ Drive/Formation/Collège\ BDEB/ETE_2026/420-A60-BB\ ALGORITHMES\ D\'APPRENTISSAGE\ PROFOND/Examen\ Final/PasteAsFile/build/PasteAsFile.build/Release/PasteAsFileFinder.build/Objects-normal/arm64/PasteAsFileFinder.SwiftConstValuesFileList --swift-const-vals-list /Users/bf/Library/CloudStorage/GoogleDrive-bernynoussi@gmail.com/Mon\ Drive/Formation/Collège\ BDEB/ETE_2026/420-A60-BB\ ALGORITHMES\ D\'APPRENTISSAGE\ PROFOND/Examen\ Final/PasteAsFile/build/PasteAsFile.build/Release/PasteAsFileFinder.build/Objects-normal/x86_64/PasteAsFileFinder.SwiftConstValuesFileList --compile-time-extraction --deployment-aware-processing --no-app-shortcuts-localization
2026-09-30 06:11:28.733 appintentsmetadataprocessor[77083:9150689] Starting appintentsmetadataprocessor export
2026-09-30 06:11:28.758 appintentsmetadataprocessor[77083:9150689] warning: Metadata extraction skipped, no AppIntents.framework dependency found

GenerateDSYMFile /Users/bf/Library/CloudStorage/GoogleDrive-bernynoussi@gmail.com/Mon\ Drive/Formation/Collège\ BDEB/ETE_2026/420-A60-BB\ ALGORITHMES\ D\'APPRENTISSAGE\ PROFOND/Examen\ Final/PasteAsFile/build/Release/PasteAsFileFinder.appex.dSYM /Users/bf/Library/CloudStorage/GoogleDrive-bernynoussi@gmail.com/Mon\ Drive/Formation/Collège\ BDEB/ETE_2026/420-A60-BB\ ALGORITHMES\ D\'APPRENTISSAGE\ PROFOND/Examen\ Final/PasteAsFile/build/Release/PasteAsFileFinder.appex/Contents/MacOS/PasteAsFileFinder (in target 'PasteAsFileFinder' from project 'PasteAsFile')
    cd /Users/bf/Library/CloudStorage/GoogleDrive-bernynoussi@gmail.com/Mon\ Drive/Formation/Collège\ BDEB/ETE_2026/420-A60-BB\ ALGORITHMES\ D\'APPRENTISSAGE\ PROFOND/Examen\ Final/PasteAsFile
    export PATH\=/Applications/Xcode.app/Contents/SharedFrameworks/SwiftBuild.framework/Versions/A/PlugIns/SWBBuildService.bundle/Contents/PlugIns/SWBUniversalPlatformPlugin.bundle/Contents/Frameworks/SWBUniversalPlatform.framework/Resources:/Applications/Xcode.app/Contents/Developer/Toolchains/XcodeDefault.xctoolchain/usr/bin:/Applications/Xcode.app/Contents/Developer/Toolchains/XcodeDefault.xctoolchain/usr/local/bin:/Applications/Xcode.app/Contents/Developer/Toolchains/XcodeDefault.xctoolchain/usr/libexec:/Applications/Xcode.app/Contents/Developer/Platforms/MacOSX.platform/usr/bin:/Applications/Xcode.app/Contents/Developer/Platforms/MacOSX.platform/usr/local/bin:/Applications/Xcode.app/Contents/Developer/Platforms/MacOSX.platform/Developer/usr/bin:/Applications/Xcode.app/Contents/Developer/Platforms/MacOSX.platform/Developer/usr/local/bin:/Applications/Xcode.app/Contents/Developer/usr/bin:/Applications/Xcode.app/Contents/Developer/usr/local/bin:/Users/bf/bin:/Users/bf/.codex/browser-tools/bin:/Users/bf/.holo/bin:/Users/bf/.opencode/bin:/Users/bf/.local/bin:/opt/homebrew/bin:/opt/homebrew/sbin:/usr/local/bin:/System/Cryptexes/App/usr/bin:/usr/bin:/bin:/usr/sbin:/sbin:/var/run/com.apple.security.cryptexd/codex.system/bootstrap/usr/local/bin:/var/run/com.apple.security.cryptexd/codex.system/bootstrap/usr/bin:/var/run/com.apple.security.cryptexd/codex.system/bootstrap/usr/appleinternal/bin:/pkg/env/global/bin:/Library/Apple/usr/bin:/Users/bf/.cargo/bin:/Users/bf/.orbstack/bin:/Users/bf/.dotnet
    /Applications/Xcode.app/Contents/Developer/Toolchains/XcodeDefault.xctoolchain/usr/bin/dsymutil /Users/bf/Library/CloudStorage/GoogleDrive-bernynoussi@gmail.com/Mon\ Drive/Formation/Collège\ BDEB/ETE_2026/420-A60-BB\ ALGORITHMES\ D\'APPRENTISSAGE\ PROFOND/Examen\ Final/PasteAsFile/build/Release/PasteAsFileFinder.appex/Contents/MacOS/PasteAsFileFinder -o /Users/bf/Library/CloudStorage/GoogleDrive-bernynoussi@gmail.com/Mon\ Drive/Formation/Collège\ BDEB/ETE_2026/420-A60-BB\ ALGORITHMES\ D\'APPRENTISSAGE\ PROFOND/Examen\ Final/PasteAsFile/build/Release/PasteAsFileFinder.appex.dSYM

CodeSign /Users/bf/Library/CloudStorage/GoogleDrive-bernynoussi@gmail.com/Mon\ Drive/Formation/Collège\ BDEB/ETE_2026/420-A60-BB\ ALGORITHMES\ D\'APPRENTISSAGE\ PROFOND/Examen\ Final/PasteAsFile/build/Release/PasteAsFileFinder.appex (in target 'PasteAsFileFinder' from project 'PasteAsFile')
    cd /Users/bf/Library/CloudStorage/GoogleDrive-bernynoussi@gmail.com/Mon\ Drive/Formation/Collège\ BDEB/ETE_2026/420-A60-BB\ ALGORITHMES\ D\'APPRENTISSAGE\ PROFOND/Examen\ Final/PasteAsFile
    
    Signing Identity:     "Sign to Run Locally"
    
    /usr/bin/codesign --force --sign - --entitlements /Users/bf/Library/CloudStorage/GoogleDrive-bernynoussi@gmail.com/Mon\ Drive/Formation/Collège\ BDEB/ETE_2026/420-A60-BB\ ALGORITHMES\ D\'APPRENTISSAGE\ PROFOND/Examen\ Final/PasteAsFile/build/PasteAsFile.build/Release/PasteAsFileFinder.build/PasteAsFileFinder.appex.xcent --timestamp\=none --generate-entitlement-der /Users/bf/Library/CloudStorage/GoogleDrive-bernynoussi@gmail.com/Mon\ Drive/Formation/Collège\ BDEB/ETE_2026/420-A60-BB\ ALGORITHMES\ D\'APPRENTISSAGE\ PROFOND/Examen\ Final/PasteAsFile/build/Release/PasteAsFileFinder.appex

RegisterExecutionPolicyException /Users/bf/Library/CloudStorage/GoogleDrive-bernynoussi@gmail.com/Mon\ Drive/Formation/Collège\ BDEB/ETE_2026/420-A60-BB\ ALGORITHMES\ D\'APPRENTISSAGE\ PROFOND/Examen\ Final/PasteAsFile/build/Release/PasteAsFileFinder.appex (in target 'PasteAsFileFinder' from project 'PasteAsFile')
    cd /Users/bf/Library/CloudStorage/GoogleDrive-bernynoussi@gmail.com/Mon\ Drive/Formation/Collège\ BDEB/ETE_2026/420-A60-BB\ ALGORITHMES\ D\'APPRENTISSAGE\ PROFOND/Examen\ Final/PasteAsFile
    builtin-RegisterExecutionPolicyException /Users/bf/Library/CloudStorage/GoogleDrive-bernynoussi@gmail.com/Mon\ Drive/Formation/Collège\ BDEB/ETE_2026/420-A60-BB\ ALGORITHMES\ D\'APPRENTISSAGE\ PROFOND/Examen\ Final/PasteAsFile/build/Release/PasteAsFileFinder.appex

Touch /Users/bf/Library/CloudStorage/GoogleDrive-bernynoussi@gmail.com/Mon\ Drive/Formation/Collège\ BDEB/ETE_2026/420-A60-BB\ ALGORITHMES\ D\'APPRENTISSAGE\ PROFOND/Examen\ Final/PasteAsFile/build/Release/PasteAsFileFinder.appex (in target 'PasteAsFileFinder' from project 'PasteAsFile')
    cd /Users/bf/Library/CloudStorage/GoogleDrive-bernynoussi@gmail.com/Mon\ Drive/Formation/Collège\ BDEB/ETE_2026/420-A60-BB\ ALGORITHMES\ D\'APPRENTISSAGE\ PROFOND/Examen\ Final/PasteAsFile
    /usr/bin/touch -c /Users/bf/Library/CloudStorage/GoogleDrive-bernynoussi@gmail.com/Mon\ Drive/Formation/Collège\ BDEB/ETE_2026/420-A60-BB\ ALGORITHMES\ D\'APPRENTISSAGE\ PROFOND/Examen\ Final/PasteAsFile/build/Release/PasteAsFileFinder.appex

WriteAuxiliaryFile /Users/bf/Library/CloudStorage/GoogleDrive-bernynoussi@gmail.com/Mon\ Drive/Formation/Collège\ BDEB/ETE_2026/420-A60-BB\ ALGORITHMES\ D\'APPRENTISSAGE\ PROFOND/Examen\ Final/PasteAsFile/build/PasteAsFile.build/Release/PasteAsFile.build/PasteAsFile-generated-files.hmap (in target 'PasteAsFile' from project 'PasteAsFile')
    cd /Users/bf/Library/CloudStorage/GoogleDrive-bernynoussi@gmail.com/Mon\ Drive/Formation/Collège\ BDEB/ETE_2026/420-A60-BB\ ALGORITHMES\ D\'APPRENTISSAGE\ PROFOND/Examen\ Final/PasteAsFile
    write-file /Users/bf/Library/CloudStorage/GoogleDrive-bernynoussi@gmail.com/Mon\ Drive/Formation/Collège\ BDEB/ETE_2026/420-A60-BB\ ALGORITHMES\ D\'APPRENTISSAGE\ PROFOND/Examen\ Final/PasteAsFile/build/PasteAsFile.build/Release/PasteAsFile.build/PasteAsFile-generated-files.hmap

WriteAuxiliaryFile /Users/bf/Library/CloudStorage/GoogleDrive-bernynoussi@gmail.com/Mon\ Drive/Formation/Collège\ BDEB/ETE_2026/420-A60-BB\ ALGORITHMES\ D\'APPRENTISSAGE\ PROFOND/Examen\ Final/PasteAsFile/build/PasteAsFile.build/Release/PasteAsFile.build/PasteAsFile.DependencyMetadataFileList (in target 'PasteAsFile' from project 'PasteAsFile')
    cd /Users/bf/Library/CloudStorage/GoogleDrive-bernynoussi@gmail.com/Mon\ Drive/Formation/Collège\ BDEB/ETE_2026/420-A60-BB\ ALGORITHMES\ D\'APPRENTISSAGE\ PROFOND/Examen\ Final/PasteAsFile
    write-file /Users/bf/Library/CloudStorage/GoogleDrive-bernynoussi@gmail.com/Mon\ Drive/Formation/Collège\ BDEB/ETE_2026/420-A60-BB\ ALGORITHMES\ D\'APPRENTISSAGE\ PROFOND/Examen\ Final/PasteAsFile/build/PasteAsFile.build/Release/PasteAsFile.build/PasteAsFile.DependencyMetadataFileList

WriteAuxiliaryFile /Users/bf/Library/CloudStorage/GoogleDrive-bernynoussi@gmail.com/Mon\ Drive/Formation/Collège\ BDEB/ETE_2026/420-A60-BB\ ALGORITHMES\ D\'APPRENTISSAGE\ PROFOND/Examen\ Final/PasteAsFile/build/PasteAsFile.build/Release/PasteAsFile.build/PasteAsFile.DependencyStaticMetadataFileList (in target 'PasteAsFile' from project 'PasteAsFile')
    cd /Users/bf/Library/CloudStorage/GoogleDrive-bernynoussi@gmail.com/Mon\ Drive/Formation/Collège\ BDEB/ETE_2026/420-A60-BB\ ALGORITHMES\ D\'APPRENTISSAGE\ PROFOND/Examen\ Final/PasteAsFile
    write-file /Users/bf/Library/CloudStorage/GoogleDrive-bernynoussi@gmail.com/Mon\ Drive/Formation/Collège\ BDEB/ETE_2026/420-A60-BB\ ALGORITHMES\ D\'APPRENTISSAGE\ PROFOND/Examen\ Final/PasteAsFile/build/PasteAsFile.build/Release/PasteAsFile.build/PasteAsFile.DependencyStaticMetadataFileList

WriteAuxiliaryFile /Users/bf/Library/CloudStorage/GoogleDrive-bernynoussi@gmail.com/Mon\ Drive/Formation/Collège\ BDEB/ETE_2026/420-A60-BB\ ALGORITHMES\ D\'APPRENTISSAGE\ PROFOND/Examen\ Final/PasteAsFile/build/PasteAsFile.build/Release/PasteAsFile.build/PasteAsFile.hmap (in target 'PasteAsFile' from project 'PasteAsFile')
    cd /Users/bf/Library/CloudStorage/GoogleDrive-bernynoussi@gmail.com/Mon\ Drive/Formation/Collège\ BDEB/ETE_2026/420-A60-BB\ ALGORITHMES\ D\'APPRENTISSAGE\ PROFOND/Examen\ Final/PasteAsFile
    write-file /Users/bf/Library/CloudStorage/GoogleDrive-bernynoussi@gmail.com/Mon\ Drive/Formation/Collège\ BDEB/ETE_2026/420-A60-BB\ ALGORITHMES\ D\'APPRENTISSAGE\ PROFOND/Examen\ Final/PasteAsFile/build/PasteAsFile.build/Release/PasteAsFile.build/PasteAsFile.hmap

WriteAuxiliaryFile /Users/bf/Library/CloudStorage/GoogleDrive-bernynoussi@gmail.com/Mon\ Drive/Formation/Collège\ BDEB/ETE_2026/420-A60-BB\ ALGORITHMES\ D\'APPRENTISSAGE\ PROFOND/Examen\ Final/PasteAsFile/build/PasteAsFile.build/Release/PasteAsFile.build/PasteAsFile-all-target-headers.hmap (in target 'PasteAsFile' from project 'PasteAsFile')
    cd /Users/bf/Library/CloudStorage/GoogleDrive-bernynoussi@gmail.com/Mon\ Drive/Formation/Collège\ BDEB/ETE_2026/420-A60-BB\ ALGORITHMES\ D\'APPRENTISSAGE\ PROFOND/Examen\ Final/PasteAsFile
    write-file /Users/bf/Library/CloudStorage/GoogleDrive-bernynoussi@gmail.com/Mon\ Drive/Formation/Collège\ BDEB/ETE_2026/420-A60-BB\ ALGORITHMES\ D\'APPRENTISSAGE\ PROFOND/Examen\ Final/PasteAsFile/build/PasteAsFile.build/Release/PasteAsFile.build/PasteAsFile-all-target-headers.hmap

WriteAuxiliaryFile /Users/bf/Library/CloudStorage/GoogleDrive-bernynoussi@gmail.com/Mon\ Drive/Formation/Collège\ BDEB/ETE_2026/420-A60-BB\ ALGORITHMES\ D\'APPRENTISSAGE\ PROFOND/Examen\ Final/PasteAsFile/build/PasteAsFile.build/Release/PasteAsFile.build/PasteAsFile-project-headers.hmap (in target 'PasteAsFile' from project 'PasteAsFile')
    cd /Users/bf/Library/CloudStorage/GoogleDrive-bernynoussi@gmail.com/Mon\ Drive/Formation/Collège\ BDEB/ETE_2026/420-A60-BB\ ALGORITHMES\ D\'APPRENTISSAGE\ PROFOND/Examen\ Final/PasteAsFile
    write-file /Users/bf/Library/CloudStorage/GoogleDrive-bernynoussi@gmail.com/Mon\ Drive/Formation/Collège\ BDEB/ETE_2026/420-A60-BB\ ALGORITHMES\ D\'APPRENTISSAGE\ PROFOND/Examen\ Final/PasteAsFile/build/PasteAsFile.build/Release/PasteAsFile.build/PasteAsFile-project-headers.hmap

WriteAuxiliaryFile /Users/bf/Library/CloudStorage/GoogleDrive-bernynoussi@gmail.com/Mon\ Drive/Formation/Collège\ BDEB/ETE_2026/420-A60-BB\ ALGORITHMES\ D\'APPRENTISSAGE\ PROFOND/Examen\ Final/PasteAsFile/build/PasteAsFile.build/Release/PasteAsFile.build/PasteAsFile-all-non-framework-target-headers.hmap (in target 'PasteAsFile' from project 'PasteAsFile')
    cd /Users/bf/Library/CloudStorage/GoogleDrive-bernynoussi@gmail.com/Mon\ Drive/Formation/Collège\ BDEB/ETE_2026/420-A60-BB\ ALGORITHMES\ D\'APPRENTISSAGE\ PROFOND/Examen\ Final/PasteAsFile
    write-file /Users/bf/Library/CloudStorage/GoogleDrive-bernynoussi@gmail.com/Mon\ Drive/Formation/Collège\ BDEB/ETE_2026/420-A60-BB\ ALGORITHMES\ D\'APPRENTISSAGE\ PROFOND/Examen\ Final/PasteAsFile/build/PasteAsFile.build/Release/PasteAsFile.build/PasteAsFile-all-non-framework-target-headers.hmap

WriteAuxiliaryFile /Users/bf/Library/CloudStorage/GoogleDrive-bernynoussi@gmail.com/Mon\ Drive/Formation/Collège\ BDEB/ETE_2026/420-A60-BB\ ALGORITHMES\ D\'APPRENTISSAGE\ PROFOND/Examen\ Final/PasteAsFile/build/PasteAsFile.build/Release/PasteAsFile.build/PasteAsFile-own-target-headers.hmap (in target 'PasteAsFile' from project 'PasteAsFile')
    cd /Users/bf/Library/CloudStorage/GoogleDrive-bernynoussi@gmail.com/Mon\ Drive/Formation/Collège\ BDEB/ETE_2026/420-A60-BB\ ALGORITHMES\ D\'APPRENTISSAGE\ PROFOND/Examen\ Final/PasteAsFile
    write-file /Users/bf/Library/CloudStorage/GoogleDrive-bernynoussi@gmail.com/Mon\ Drive/Formation/Collège\ BDEB/ETE_2026/420-A60-BB\ ALGORITHMES\ D\'APPRENTISSAGE\ PROFOND/Examen\ Final/PasteAsFile/build/PasteAsFile.build/Release/PasteAsFile.build/PasteAsFile-own-target-headers.hmap

WriteAuxiliaryFile /Users/bf/Library/CloudStorage/GoogleDrive-bernynoussi@gmail.com/Mon\ Drive/Formation/Collège\ BDEB/ETE_2026/420-A60-BB\ ALGORITHMES\ D\'APPRENTISSAGE\ PROFOND/Examen\ Final/PasteAsFile/build/PasteAsFile.build/Release/PasteAsFile.build/Objects-normal/arm64/PasteAsFile_const_extract_protocols.json (in target 'PasteAsFile' from project 'PasteAsFile')
    cd /Users/bf/Library/CloudStorage/GoogleDrive-bernynoussi@gmail.com/Mon\ Drive/Formation/Collège\ BDEB/ETE_2026/420-A60-BB\ ALGORITHMES\ D\'APPRENTISSAGE\ PROFOND/Examen\ Final/PasteAsFile
    write-file /Users/bf/Library/CloudStorage/GoogleDrive-bernynoussi@gmail.com/Mon\ Drive/Formation/Collège\ BDEB/ETE_2026/420-A60-BB\ ALGORITHMES\ D\'APPRENTISSAGE\ PROFOND/Examen\ Final/PasteAsFile/build/PasteAsFile.build/Release/PasteAsFile.build/Objects-normal/arm64/PasteAsFile_const_extract_protocols.json

WriteAuxiliaryFile /Users/bf/Library/CloudStorage/GoogleDrive-bernynoussi@gmail.com/Mon\ Drive/Formation/Collège\ BDEB/ETE_2026/420-A60-BB\ ALGORITHMES\ D\'APPRENTISSAGE\ PROFOND/Examen\ Final/PasteAsFile/build/PasteAsFile.build/Release/PasteAsFile.build/Objects-normal/arm64/PasteAsFile.SwiftFileList (in target 'PasteAsFile' from project 'PasteAsFile')
    cd /Users/bf/Library/CloudStorage/GoogleDrive-bernynoussi@gmail.com/Mon\ Drive/Formation/Collège\ BDEB/ETE_2026/420-A60-BB\ ALGORITHMES\ D\'APPRENTISSAGE\ PROFOND/Examen\ Final/PasteAsFile
    write-file /Users/bf/Library/CloudStorage/GoogleDrive-bernynoussi@gmail.com/Mon\ Drive/Formation/Collège\ BDEB/ETE_2026/420-A60-BB\ ALGORITHMES\ D\'APPRENTISSAGE\ PROFOND/Examen\ Final/PasteAsFile/build/PasteAsFile.build/Release/PasteAsFile.build/Objects-normal/arm64/PasteAsFile.SwiftFileList

WriteAuxiliaryFile /Users/bf/Library/CloudStorage/GoogleDrive-bernynoussi@gmail.com/Mon\ Drive/Formation/Collège\ BDEB/ETE_2026/420-A60-BB\ ALGORITHMES\ D\'APPRENTISSAGE\ PROFOND/Examen\ Final/PasteAsFile/build/PasteAsFile.build/Release/PasteAsFile.build/Objects-normal/x86_64/PasteAsFile_const_extract_protocols.json (in target 'PasteAsFile' from project 'PasteAsFile')
    cd /Users/bf/Library/CloudStorage/GoogleDrive-bernynoussi@gmail.com/Mon\ Drive/Formation/Collège\ BDEB/ETE_2026/420-A60-BB\ ALGORITHMES\ D\'APPRENTISSAGE\ PROFOND/Examen\ Final/PasteAsFile
    write-file /Users/bf/Library/CloudStorage/GoogleDrive-bernynoussi@gmail.com/Mon\ Drive/Formation/Collège\ BDEB/ETE_2026/420-A60-BB\ ALGORITHMES\ D\'APPRENTISSAGE\ PROFOND/Examen\ Final/PasteAsFile/build/PasteAsFile.build/Release/PasteAsFile.build/Objects-normal/x86_64/PasteAsFile_const_extract_protocols.json

WriteAuxiliaryFile /Users/bf/Library/CloudStorage/GoogleDrive-bernynoussi@gmail.com/Mon\ Drive/Formation/Collège\ BDEB/ETE_2026/420-A60-BB\ ALGORITHMES\ D\'APPRENTISSAGE\ PROFOND/Examen\ Final/PasteAsFile/build/PasteAsFile.build/Release/PasteAsFile.build/Objects-normal/x86_64/PasteAsFile.LinkFileList (in target 'PasteAsFile' from project 'PasteAsFile')
    cd /Users/bf/Library/CloudStorage/GoogleDrive-bernynoussi@gmail.com/Mon\ Drive/Formation/Collège\ BDEB/ETE_2026/420-A60-BB\ ALGORITHMES\ D\'APPRENTISSAGE\ PROFOND/Examen\ Final/PasteAsFile
    write-file /Users/bf/Library/CloudStorage/GoogleDrive-bernynoussi@gmail.com/Mon\ Drive/Formation/Collège\ BDEB/ETE_2026/420-A60-BB\ ALGORITHMES\ D\'APPRENTISSAGE\ PROFOND/Examen\ Final/PasteAsFile/build/PasteAsFile.build/Release/PasteAsFile.build/Objects-normal/x86_64/PasteAsFile.LinkFileList

WriteAuxiliaryFile /Users/bf/Library/CloudStorage/GoogleDrive-bernynoussi@gmail.com/Mon\ Drive/Formation/Collège\ BDEB/ETE_2026/420-A60-BB\ ALGORITHMES\ D\'APPRENTISSAGE\ PROFOND/Examen\ Final/PasteAsFile/build/PasteAsFile.build/Release/PasteAsFile.build/Objects-normal/arm64/PasteAsFile.SwiftConstValuesFileList (in target 'PasteAsFile' from project 'PasteAsFile')
    cd /Users/bf/Library/CloudStorage/GoogleDrive-bernynoussi@gmail.com/Mon\ Drive/Formation/Collège\ BDEB/ETE_2026/420-A60-BB\ ALGORITHMES\ D\'APPRENTISSAGE\ PROFOND/Examen\ Final/PasteAsFile
    write-file /Users/bf/Library/CloudStorage/GoogleDrive-bernynoussi@gmail.com/Mon\ Drive/Formation/Collège\ BDEB/ETE_2026/420-A60-BB\ ALGORITHMES\ D\'APPRENTISSAGE\ PROFOND/Examen\ Final/PasteAsFile/build/PasteAsFile.build/Release/PasteAsFile.build/Objects-normal/arm64/PasteAsFile.SwiftConstValuesFileList

WriteAuxiliaryFile /Users/bf/Library/CloudStorage/GoogleDrive-bernynoussi@gmail.com/Mon\ Drive/Formation/Collège\ BDEB/ETE_2026/420-A60-BB\ ALGORITHMES\ D\'APPRENTISSAGE\ PROFOND/Examen\ Final/PasteAsFile/build/PasteAsFile.build/Release/PasteAsFile.build/Objects-normal/x86_64/PasteAsFile.SwiftFileList (in target 'PasteAsFile' from project 'PasteAsFile')
    cd /Users/bf/Library/CloudStorage/GoogleDrive-bernynoussi@gmail.com/Mon\ Drive/Formation/Collège\ BDEB/ETE_2026/420-A60-BB\ ALGORITHMES\ D\'APPRENTISSAGE\ PROFOND/Examen\ Final/PasteAsFile
    write-file /Users/bf/Library/CloudStorage/GoogleDrive-bernynoussi@gmail.com/Mon\ Drive/Formation/Collège\ BDEB/ETE_2026/420-A60-BB\ ALGORITHMES\ D\'APPRENTISSAGE\ PROFOND/Examen\ Final/PasteAsFile/build/PasteAsFile.build/Release/PasteAsFile.build/Objects-normal/x86_64/PasteAsFile.SwiftFileList

WriteAuxiliaryFile /Users/bf/Library/CloudStorage/GoogleDrive-bernynoussi@gmail.com/Mon\ Drive/Formation/Collège\ BDEB/ETE_2026/420-A60-BB\ ALGORITHMES\ D\'APPRENTISSAGE\ PROFOND/Examen\ Final/PasteAsFile/build/PasteAsFile.build/Release/PasteAsFile.build/Objects-normal/x86_64/PasteAsFile.SwiftConstValuesFileList (in target 'PasteAsFile' from project 'PasteAsFile')
    cd /Users/bf/Library/CloudStorage/GoogleDrive-bernynoussi@gmail.com/Mon\ Drive/Formation/Collège\ BDEB/ETE_2026/420-A60-BB\ ALGORITHMES\ D\'APPRENTISSAGE\ PROFOND/Examen\ Final/PasteAsFile
    write-file /Users/bf/Library/CloudStorage/GoogleDrive-bernynoussi@gmail.com/Mon\ Drive/Formation/Collège\ BDEB/ETE_2026/420-A60-BB\ ALGORITHMES\ D\'APPRENTISSAGE\ PROFOND/Examen\ Final/PasteAsFile/build/PasteAsFile.build/Release/PasteAsFile.build/Objects-normal/x86_64/PasteAsFile.SwiftConstValuesFileList

WriteAuxiliaryFile /Users/bf/Library/CloudStorage/GoogleDrive-bernynoussi@gmail.com/Mon\ Drive/Formation/Collège\ BDEB/ETE_2026/420-A60-BB\ ALGORITHMES\ D\'APPRENTISSAGE\ PROFOND/Examen\ Final/PasteAsFile/build/PasteAsFile.build/Release/PasteAsFile.build/Objects-normal/x86_64/PasteAsFile-OutputFileMap.json (in target 'PasteAsFile' from project 'PasteAsFile')
    cd /Users/bf/Library/CloudStorage/GoogleDrive-bernynoussi@gmail.com/Mon\ Drive/Formation/Collège\ BDEB/ETE_2026/420-A60-BB\ ALGORITHMES\ D\'APPRENTISSAGE\ PROFOND/Examen\ Final/PasteAsFile
    write-file /Users/bf/Library/CloudStorage/GoogleDrive-bernynoussi@gmail.com/Mon\ Drive/Formation/Collège\ BDEB/ETE_2026/420-A60-BB\ ALGORITHMES\ D\'APPRENTISSAGE\ PROFOND/Examen\ Final/PasteAsFile/build/PasteAsFile.build/Release/PasteAsFile.build/Objects-normal/x86_64/PasteAsFile-OutputFileMap.json

WriteAuxiliaryFile /Users/bf/Library/CloudStorage/GoogleDrive-bernynoussi@gmail.com/Mon\ Drive/Formation/Collège\ BDEB/ETE_2026/420-A60-BB\ ALGORITHMES\ D\'APPRENTISSAGE\ PROFOND/Examen\ Final/PasteAsFile/build/PasteAsFile.build/Release/PasteAsFile.build/Objects-normal/arm64/PasteAsFile.LinkFileList (in target 'PasteAsFile' from project 'PasteAsFile')
    cd /Users/bf/Library/CloudStorage/GoogleDrive-bernynoussi@gmail.com/Mon\ Drive/Formation/Collège\ BDEB/ETE_2026/420-A60-BB\ ALGORITHMES\ D\'APPRENTISSAGE\ PROFOND/Examen\ Final/PasteAsFile
    write-file /Users/bf/Library/CloudStorage/GoogleDrive-bernynoussi@gmail.com/Mon\ Drive/Formation/Collège\ BDEB/ETE_2026/420-A60-BB\ ALGORITHMES\ D\'APPRENTISSAGE\ PROFOND/Examen\ Final/PasteAsFile/build/PasteAsFile.build/Release/PasteAsFile.build/Objects-normal/arm64/PasteAsFile.LinkFileList

WriteAuxiliaryFile /Users/bf/Library/CloudStorage/GoogleDrive-bernynoussi@gmail.com/Mon\ Drive/Formation/Collège\ BDEB/ETE_2026/420-A60-BB\ ALGORITHMES\ D\'APPRENTISSAGE\ PROFOND/Examen\ Final/PasteAsFile/build/PasteAsFile.build/Release/PasteAsFile.build/Objects-normal/arm64/PasteAsFile-OutputFileMap.json (in target 'PasteAsFile' from project 'PasteAsFile')
    cd /Users/bf/Library/CloudStorage/GoogleDrive-bernynoussi@gmail.com/Mon\ Drive/Formation/Collège\ BDEB/ETE_2026/420-A60-BB\ ALGORITHMES\ D\'APPRENTISSAGE\ PROFOND/Examen\ Final/PasteAsFile
    write-file /Users/bf/Library/CloudStorage/GoogleDrive-bernynoussi@gmail.com/Mon\ Drive/Formation/Collège\ BDEB/ETE_2026/420-A60-BB\ ALGORITHMES\ D\'APPRENTISSAGE\ PROFOND/Examen\ Final/PasteAsFile/build/PasteAsFile.build/Release/PasteAsFile.build/Objects-normal/arm64/PasteAsFile-OutputFileMap.json

MkDir /Users/bf/Library/CloudStorage/GoogleDrive-bernynoussi@gmail.com/Mon\ Drive/Formation/Collège\ BDEB/ETE_2026/420-A60-BB\ ALGORITHMES\ D\'APPRENTISSAGE\ PROFOND/Examen\ Final/PasteAsFile/build/Release/PasteAsFile.app/Contents (in target 'PasteAsFile' from project 'PasteAsFile')
    cd /Users/bf/Library/CloudStorage/GoogleDrive-bernynoussi@gmail.com/Mon\ Drive/Formation/Collège\ BDEB/ETE_2026/420-A60-BB\ ALGORITHMES\ D\'APPRENTISSAGE\ PROFOND/Examen\ Final/PasteAsFile
    /bin/mkdir -p /Users/bf/Library/CloudStorage/GoogleDrive-bernynoussi@gmail.com/Mon\ Drive/Formation/Collège\ BDEB/ETE_2026/420-A60-BB\ ALGORITHMES\ D\'APPRENTISSAGE\ PROFOND/Examen\ Final/PasteAsFile/build/Release/PasteAsFile.app/Contents

WriteAuxiliaryFile /Users/bf/Library/CloudStorage/GoogleDrive-bernynoussi@gmail.com/Mon\ Drive/Formation/Collège\ BDEB/ETE_2026/420-A60-BB\ ALGORITHMES\ D\'APPRENTISSAGE\ PROFOND/Examen\ Final/PasteAsFile/build/PasteAsFile.build/Release/PasteAsFile.build/DerivedSources/Entitlements.plist (in target 'PasteAsFile' from project 'PasteAsFile')
    cd /Users/bf/Library/CloudStorage/GoogleDrive-bernynoussi@gmail.com/Mon\ Drive/Formation/Collège\ BDEB/ETE_2026/420-A60-BB\ ALGORITHMES\ D\'APPRENTISSAGE\ PROFOND/Examen\ Final/PasteAsFile
    write-file /Users/bf/Library/CloudStorage/GoogleDrive-bernynoussi@gmail.com/Mon\ Drive/Formation/Collège\ BDEB/ETE_2026/420-A60-BB\ ALGORITHMES\ D\'APPRENTISSAGE\ PROFOND/Examen\ Final/PasteAsFile/build/PasteAsFile.build/Release/PasteAsFile.build/DerivedSources/Entitlements.plist

MkDir /Users/bf/Library/CloudStorage/GoogleDrive-bernynoussi@gmail.com/Mon\ Drive/Formation/Collège\ BDEB/ETE_2026/420-A60-BB\ ALGORITHMES\ D\'APPRENTISSAGE\ PROFOND/Examen\ Final/PasteAsFile/build/Release/PasteAsFile.app (in target 'PasteAsFile' from project 'PasteAsFile')
    cd /Users/bf/Library/CloudStorage/GoogleDrive-bernynoussi@gmail.com/Mon\ Drive/Formation/Collège\ BDEB/ETE_2026/420-A60-BB\ ALGORITHMES\ D\'APPRENTISSAGE\ PROFOND/Examen\ Final/PasteAsFile
    /bin/mkdir -p /Users/bf/Library/CloudStorage/GoogleDrive-bernynoussi@gmail.com/Mon\ Drive/Formation/Collège\ BDEB/ETE_2026/420-A60-BB\ ALGORITHMES\ D\'APPRENTISSAGE\ PROFOND/Examen\ Final/PasteAsFile/build/Release/PasteAsFile.app

MkDir /Users/bf/Library/CloudStorage/GoogleDrive-bernynoussi@gmail.com/Mon\ Drive/Formation/Collège\ BDEB/ETE_2026/420-A60-BB\ ALGORITHMES\ D\'APPRENTISSAGE\ PROFOND/Examen\ Final/PasteAsFile/build/Release/PasteAsFile.app/Contents/PlugIns (in target 'PasteAsFile' from project 'PasteAsFile')
    cd /Users/bf/Library/CloudStorage/GoogleDrive-bernynoussi@gmail.com/Mon\ Drive/Formation/Collège\ BDEB/ETE_2026/420-A60-BB\ ALGORITHMES\ D\'APPRENTISSAGE\ PROFOND/Examen\ Final/PasteAsFile
    /bin/mkdir -p /Users/bf/Library/CloudStorage/GoogleDrive-bernynoussi@gmail.com/Mon\ Drive/Formation/Collège\ BDEB/ETE_2026/420-A60-BB\ ALGORITHMES\ D\'APPRENTISSAGE\ PROFOND/Examen\ Final/PasteAsFile/build/Release/PasteAsFile.app/Contents/PlugIns

MkDir /Users/bf/Library/CloudStorage/GoogleDrive-bernynoussi@gmail.com/Mon\ Drive/Formation/Collège\ BDEB/ETE_2026/420-A60-BB\ ALGORITHMES\ D\'APPRENTISSAGE\ PROFOND/Examen\ Final/PasteAsFile/build/Release/PasteAsFile.app/Contents/MacOS (in target 'PasteAsFile' from project 'PasteAsFile')
    cd /Users/bf/Library/CloudStorage/GoogleDrive-bernynoussi@gmail.com/Mon\ Drive/Formation/Collège\ BDEB/ETE_2026/420-A60-BB\ ALGORITHMES\ D\'APPRENTISSAGE\ PROFOND/Examen\ Final/PasteAsFile
    /bin/mkdir -p /Users/bf/Library/CloudStorage/GoogleDrive-bernynoussi@gmail.com/Mon\ Drive/Formation/Collège\ BDEB/ETE_2026/420-A60-BB\ ALGORITHMES\ D\'APPRENTISSAGE\ PROFOND/Examen\ Final/PasteAsFile/build/Release/PasteAsFile.app/Contents/MacOS

ProcessProductPackaging "" /Users/bf/Library/CloudStorage/GoogleDrive-bernynoussi@gmail.com/Mon\ Drive/Formation/Collège\ BDEB/ETE_2026/420-A60-BB\ ALGORITHMES\ D\'APPRENTISSAGE\ PROFOND/Examen\ Final/PasteAsFile/build/PasteAsFile.build/Release/PasteAsFile.build/PasteAsFile.app.xcent (in target 'PasteAsFile' from project 'PasteAsFile')
    cd /Users/bf/Library/CloudStorage/GoogleDrive-bernynoussi@gmail.com/Mon\ Drive/Formation/Collège\ BDEB/ETE_2026/420-A60-BB\ ALGORITHMES\ D\'APPRENTISSAGE\ PROFOND/Examen\ Final/PasteAsFile
    
    Entitlements:
    
    {
    "com.apple.security.get-task-allow" = 1;
}
    
    builtin-productPackagingUtility -entitlements -format xml -o /Users/bf/Library/CloudStorage/GoogleDrive-bernynoussi@gmail.com/Mon\ Drive/Formation/Collège\ BDEB/ETE_2026/420-A60-BB\ ALGORITHMES\ D\'APPRENTISSAGE\ PROFOND/Examen\ Final/PasteAsFile/build/PasteAsFile.build/Release/PasteAsFile.build/PasteAsFile.app.xcent

ProcessProductPackagingDER /Users/bf/Library/CloudStorage/GoogleDrive-bernynoussi@gmail.com/Mon\ Drive/Formation/Collège\ BDEB/ETE_2026/420-A60-BB\ ALGORITHMES\ D\'APPRENTISSAGE\ PROFOND/Examen\ Final/PasteAsFile/build/PasteAsFile.build/Release/PasteAsFile.build/PasteAsFile.app.xcent /Users/bf/Library/CloudStorage/GoogleDrive-bernynoussi@gmail.com/Mon\ Drive/Formation/Collège\ BDEB/ETE_2026/420-A60-BB\ ALGORITHMES\ D\'APPRENTISSAGE\ PROFOND/Examen\ Final/PasteAsFile/build/PasteAsFile.build/Release/PasteAsFile.build/PasteAsFile.app.xcent.der (in target 'PasteAsFile' from project 'PasteAsFile')
    cd /Users/bf/Library/CloudStorage/GoogleDrive-bernynoussi@gmail.com/Mon\ Drive/Formation/Collège\ BDEB/ETE_2026/420-A60-BB\ ALGORITHMES\ D\'APPRENTISSAGE\ PROFOND/Examen\ Final/PasteAsFile
    /usr/bin/derq query -f xml -i /Users/bf/Library/CloudStorage/GoogleDrive-bernynoussi@gmail.com/Mon\ Drive/Formation/Collège\ BDEB/ETE_2026/420-A60-BB\ ALGORITHMES\ D\'APPRENTISSAGE\ PROFOND/Examen\ Final/PasteAsFile/build/PasteAsFile.build/Release/PasteAsFile.build/PasteAsFile.app.xcent -o /Users/bf/Library/CloudStorage/GoogleDrive-bernynoussi@gmail.com/Mon\ Drive/Formation/Collège\ BDEB/ETE_2026/420-A60-BB\ ALGORITHMES\ D\'APPRENTISSAGE\ PROFOND/Examen\ Final/PasteAsFile/build/PasteAsFile.build/Release/PasteAsFile.build/PasteAsFile.app.xcent.der --raw

SwiftDriver PasteAsFile normal arm64 com.apple.xcode.tools.swift.compiler (in target 'PasteAsFile' from project 'PasteAsFile')
    cd /Users/bf/Library/CloudStorage/GoogleDrive-bernynoussi@gmail.com/Mon\ Drive/Formation/Collège\ BDEB/ETE_2026/420-A60-BB\ ALGORITHMES\ D\'APPRENTISSAGE\ PROFOND/Examen\ Final/PasteAsFile
    builtin-SwiftDriver -- /Applications/Xcode.app/Contents/Developer/Toolchains/XcodeDefault.xctoolchain/usr/bin/swiftc -module-name PasteAsFile -O -whole-module-optimization @/Users/bf/Library/CloudStorage/GoogleDrive-bernynoussi@gmail.com/Mon\ Drive/Formation/Collège\ BDEB/ETE_2026/420-A60-BB\ ALGORITHMES\ D\'APPRENTISSAGE\ PROFOND/Examen\ Final/PasteAsFile/build/PasteAsFile.build/Release/PasteAsFile.build/Objects-normal/arm64/PasteAsFile.SwiftFileList -enable-bare-slash-regex -enable-experimental-feature DebugDescriptionMacro -sdk /Applications/Xcode.app/Contents/Developer/Platforms/MacOSX.platform/Developer/SDKs/MacOSX27.0.sdk -target arm64-apple-macos13.0 -g -Xfrontend -serialize-debugging-options -swift-version 5 -I /Users/bf/Library/CloudStorage/GoogleDrive-bernynoussi@gmail.com/Mon\ Drive/Formation/Collège\ BDEB/ETE_2026/420-A60-BB\ ALGORITHMES\ D\'APPRENTISSAGE\ PROFOND/Examen\ Final/PasteAsFile/build/Release -F /Users/bf/Library/CloudStorage/GoogleDrive-bernynoussi@gmail.com/Mon\ Drive/Formation/Collège\ BDEB/ETE_2026/420-A60-BB\ ALGORITHMES\ D\'APPRENTISSAGE\ PROFOND/Examen\ Final/PasteAsFile/build/Release -emit-localized-strings -emit-localized-strings-path /Users/bf/Library/CloudStorage/GoogleDrive-bernynoussi@gmail.com/Mon\ Drive/Formation/Collège\ BDEB/ETE_2026/420-A60-BB\ ALGORITHMES\ D\'APPRENTISSAGE\ PROFOND/Examen\ Final/PasteAsFile/build/PasteAsFile.build/Release/PasteAsFile.build/Objects-normal/arm64 -c -num-threads 16 -Xcc -ivfsstatcache -Xcc /var/folders/sm/l4mlp9mj4sqg28sl7qrbyx080000gn/C/com.apple.DeveloperTools/27.0-27A266a/Xcode/SDKStatCaches.noindex/macosx27.0-26A425-7231f6df4def33e022ae2eb8f782df1a.sdkstatcache -output-file-map /Users/bf/Library/CloudStorage/GoogleDrive-bernynoussi@gmail.com/Mon\ Drive/Formation/Collège\ BDEB/ETE_2026/420-A60-BB\ ALGORITHMES\ D\'APPRENTISSAGE\ PROFOND/Examen\ Final/PasteAsFile/build/PasteAsFile.build/Release/PasteAsFile.build/Objects-normal/arm64/PasteAsFile-OutputFileMap.json -save-temps -no-color-diagnostics -explicit-module-build -module-cache-path /Users/bf/Library/CloudStorage/GoogleDrive-bernynoussi@gmail.com/Mon\ Drive/Formation/Collège\ BDEB/ETE_2026/420-A60-BB\ ALGORITHMES\ D\'APPRENTISSAGE\ PROFOND/Examen\ Final/PasteAsFile/build/SwiftExplicitPrecompiledModules -emit-dependencies -emit-module -emit-module-path /Users/bf/Library/CloudStorage/GoogleDrive-bernynoussi@gmail.com/Mon\ Drive/Formation/Collège\ BDEB/ETE_2026/420-A60-BB\ ALGORITHMES\ D\'APPRENTISSAGE\ PROFOND/Examen\ Final/PasteAsFile/build/PasteAsFile.build/Release/PasteAsFile.build/Objects-normal/arm64/PasteAsFile.swiftmodule -serialize-diagnostics -dependency-scan-serialize-diagnostics-path /Users/bf/Library/CloudStorage/GoogleDrive-bernynoussi@gmail.com/Mon\ Drive/Formation/Collège\ BDEB/ETE_2026/420-A60-BB\ ALGORITHMES\ D\'APPRENTISSAGE\ PROFOND/Examen\ Final/PasteAsFile/build/PasteAsFile.build/Release/PasteAsFile.build/Objects-normal/arm64/PasteAsFile-dependency-scan.dia -validate-clang-modules-once -clang-build-session-file /var/folders/sm/l4mlp9mj4sqg28sl7qrbyx080000gn/C/org.llvm.clang/ModuleCache.noindex/Session.modulevalidation -Xcc -fmodules-prune-interval\=86400 -Xcc -fmodules-prune-after\=345600 -emit-const-values -const-gather-protocols-list /Users/bf/Library/CloudStorage/GoogleDrive-bernynoussi@gmail.com/Mon\ Drive/Formation/Collège\ BDEB/ETE_2026/420-A60-BB\ ALGORITHMES\ D\'APPRENTISSAGE\ PROFOND/Examen\ Final/PasteAsFile/build/PasteAsFile.build/Release/PasteAsFile.build/Objects-normal/arm64/PasteAsFile_const_extract_protocols.json -Xcc -iquote -Xcc /Users/bf/Library/CloudStorage/GoogleDrive-bernynoussi@gmail.com/Mon\ Drive/Formation/Collège\ BDEB/ETE_2026/420-A60-BB\ ALGORITHMES\ D\'APPRENTISSAGE\ PROFOND/Examen\ Final/PasteAsFile/build/PasteAsFile.build/Release/PasteAsFile.build/PasteAsFile-generated-files.hmap -Xcc -I/Users/bf/Library/CloudStorage/GoogleDrive-bernynoussi@gmail.com/Mon\ Drive/Formation/Collège\ BDEB/ETE_2026/420-A60-BB\ ALGORITHMES\ D\'APPRENTISSAGE\ PROFOND/Examen\ Final/PasteAsFile/build/PasteAsFile.build/Release/PasteAsFile.build/PasteAsFile-own-target-headers.hmap -Xcc -I/Users/bf/Library/CloudStorage/GoogleDrive-bernynoussi@gmail.com/Mon\ Drive/Formation/Collège\ BDEB/ETE_2026/420-A60-BB\ ALGORITHMES\ D\'APPRENTISSAGE\ PROFOND/Examen\ Final/PasteAsFile/build/PasteAsFile.build/Release/PasteAsFile.build/PasteAsFile-all-target-headers.hmap -Xcc -iquote -Xcc /Users/bf/Library/CloudStorage/GoogleDrive-bernynoussi@gmail.com/Mon\ Drive/Formation/Collège\ BDEB/ETE_2026/420-A60-BB\ ALGORITHMES\ D\'APPRENTISSAGE\ PROFOND/Examen\ Final/PasteAsFile/build/PasteAsFile.build/Release/PasteAsFile.build/PasteAsFile-project-headers.hmap -Xcc -I/Users/bf/Library/CloudStorage/GoogleDrive-bernynoussi@gmail.com/Mon\ Drive/Formation/Collège\ BDEB/ETE_2026/420-A60-BB\ ALGORITHMES\ D\'APPRENTISSAGE\ PROFOND/Examen\ Final/PasteAsFile/build/Release/include -Xcc -I/Users/bf/Library/CloudStorage/GoogleDrive-bernynoussi@gmail.com/Mon\ Drive/Formation/Collège\ BDEB/ETE_2026/420-A60-BB\ ALGORITHMES\ D\'APPRENTISSAGE\ PROFOND/Examen\ Final/PasteAsFile/build/PasteAsFile.build/Release/PasteAsFile.build/DerivedSources-normal/arm64 -Xcc -I/Users/bf/Library/CloudStorage/GoogleDrive-bernynoussi@gmail.com/Mon\ Drive/Formation/Collège\ BDEB/ETE_2026/420-A60-BB\ ALGORITHMES\ D\'APPRENTISSAGE\ PROFOND/Examen\ Final/PasteAsFile/build/PasteAsFile.build/Release/PasteAsFile.build/DerivedSources/arm64 -Xcc -I/Users/bf/Library/CloudStorage/GoogleDrive-bernynoussi@gmail.com/Mon\ Drive/Formation/Collège\ BDEB/ETE_2026/420-A60-BB\ ALGORITHMES\ D\'APPRENTISSAGE\ PROFOND/Examen\ Final/PasteAsFile/build/PasteAsFile.build/Release/PasteAsFile.build/DerivedSources -emit-objc-header -emit-objc-header-path /Users/bf/Library/CloudStorage/GoogleDrive-bernynoussi@gmail.com/Mon\ Drive/Formation/Collège\ BDEB/ETE_2026/420-A60-BB\ ALGORITHMES\ D\'APPRENTISSAGE\ PROFOND/Examen\ Final/PasteAsFile/build/PasteAsFile.build/Release/PasteAsFile.build/Objects-normal/arm64/PasteAsFile-Swift.h -working-directory /Users/bf/Library/CloudStorage/GoogleDrive-bernynoussi@gmail.com/Mon\ Drive/Formation/Collège\ BDEB/ETE_2026/420-A60-BB\ ALGORITHMES\ D\'APPRENTISSAGE\ PROFOND/Examen\ Final/PasteAsFile -no-emit-module-separately-wmo

SwiftDriver PasteAsFile normal x86_64 com.apple.xcode.tools.swift.compiler (in target 'PasteAsFile' from project 'PasteAsFile')
    cd /Users/bf/Library/CloudStorage/GoogleDrive-bernynoussi@gmail.com/Mon\ Drive/Formation/Collège\ BDEB/ETE_2026/420-A60-BB\ ALGORITHMES\ D\'APPRENTISSAGE\ PROFOND/Examen\ Final/PasteAsFile
    builtin-SwiftDriver -- /Applications/Xcode.app/Contents/Developer/Toolchains/XcodeDefault.xctoolchain/usr/bin/swiftc -module-name PasteAsFile -O -whole-module-optimization @/Users/bf/Library/CloudStorage/GoogleDrive-bernynoussi@gmail.com/Mon\ Drive/Formation/Collège\ BDEB/ETE_2026/420-A60-BB\ ALGORITHMES\ D\'APPRENTISSAGE\ PROFOND/Examen\ Final/PasteAsFile/build/PasteAsFile.build/Release/PasteAsFile.build/Objects-normal/x86_64/PasteAsFile.SwiftFileList -enable-bare-slash-regex -enable-experimental-feature DebugDescriptionMacro -sdk /Applications/Xcode.app/Contents/Developer/Platforms/MacOSX.platform/Developer/SDKs/MacOSX27.0.sdk -target x86_64-apple-macos13.0 -g -Xfrontend -serialize-debugging-options -swift-version 5 -I /Users/bf/Library/CloudStorage/GoogleDrive-bernynoussi@gmail.com/Mon\ Drive/Formation/Collège\ BDEB/ETE_2026/420-A60-BB\ ALGORITHMES\ D\'APPRENTISSAGE\ PROFOND/Examen\ Final/PasteAsFile/build/Release -F /Users/bf/Library/CloudStorage/GoogleDrive-bernynoussi@gmail.com/Mon\ Drive/Formation/Collège\ BDEB/ETE_2026/420-A60-BB\ ALGORITHMES\ D\'APPRENTISSAGE\ PROFOND/Examen\ Final/PasteAsFile/build/Release -emit-localized-strings -emit-localized-strings-path /Users/bf/Library/CloudStorage/GoogleDrive-bernynoussi@gmail.com/Mon\ Drive/Formation/Collège\ BDEB/ETE_2026/420-A60-BB\ ALGORITHMES\ D\'APPRENTISSAGE\ PROFOND/Examen\ Final/PasteAsFile/build/PasteAsFile.build/Release/PasteAsFile.build/Objects-normal/x86_64 -c -num-threads 16 -Xcc -ivfsstatcache -Xcc /var/folders/sm/l4mlp9mj4sqg28sl7qrbyx080000gn/C/com.apple.DeveloperTools/27.0-27A266a/Xcode/SDKStatCaches.noindex/macosx27.0-26A425-7231f6df4def33e022ae2eb8f782df1a.sdkstatcache -output-file-map /Users/bf/Library/CloudStorage/GoogleDrive-bernynoussi@gmail.com/Mon\ Drive/Formation/Collège\ BDEB/ETE_2026/420-A60-BB\ ALGORITHMES\ D\'APPRENTISSAGE\ PROFOND/Examen\ Final/PasteAsFile/build/PasteAsFile.build/Release/PasteAsFile.build/Objects-normal/x86_64/PasteAsFile-OutputFileMap.json -save-temps -no-color-diagnostics -explicit-module-build -module-cache-path /Users/bf/Library/CloudStorage/GoogleDrive-bernynoussi@gmail.com/Mon\ Drive/Formation/Collège\ BDEB/ETE_2026/420-A60-BB\ ALGORITHMES\ D\'APPRENTISSAGE\ PROFOND/Examen\ Final/PasteAsFile/build/SwiftExplicitPrecompiledModules -emit-dependencies -emit-module -emit-module-path /Users/bf/Library/CloudStorage/GoogleDrive-bernynoussi@gmail.com/Mon\ Drive/Formation/Collège\ BDEB/ETE_2026/420-A60-BB\ ALGORITHMES\ D\'APPRENTISSAGE\ PROFOND/Examen\ Final/PasteAsFile/build/PasteAsFile.build/Release/PasteAsFile.build/Objects-normal/x86_64/PasteAsFile.swiftmodule -serialize-diagnostics -dependency-scan-serialize-diagnostics-path /Users/bf/Library/CloudStorage/GoogleDrive-bernynoussi@gmail.com/Mon\ Drive/Formation/Collège\ BDEB/ETE_2026/420-A60-BB\ ALGORITHMES\ D\'APPRENTISSAGE\ PROFOND/Examen\ Final/PasteAsFile/build/PasteAsFile.build/Release/PasteAsFile.build/Objects-normal/x86_64/PasteAsFile-dependency-scan.dia -validate-clang-modules-once -clang-build-session-file /var/folders/sm/l4mlp9mj4sqg28sl7qrbyx080000gn/C/org.llvm.clang/ModuleCache.noindex/Session.modulevalidation -Xcc -fmodules-prune-interval\=86400 -Xcc -fmodules-prune-after\=345600 -emit-const-values -const-gather-protocols-list /Users/bf/Library/CloudStorage/GoogleDrive-bernynoussi@gmail.com/Mon\ Drive/Formation/Collège\ BDEB/ETE_2026/420-A60-BB\ ALGORITHMES\ D\'APPRENTISSAGE\ PROFOND/Examen\ Final/PasteAsFile/build/PasteAsFile.build/Release/PasteAsFile.build/Objects-normal/x86_64/PasteAsFile_const_extract_protocols.json -Xcc -iquote -Xcc /Users/bf/Library/CloudStorage/GoogleDrive-bernynoussi@gmail.com/Mon\ Drive/Formation/Collège\ BDEB/ETE_2026/420-A60-BB\ ALGORITHMES\ D\'APPRENTISSAGE\ PROFOND/Examen\ Final/PasteAsFile/build/PasteAsFile.build/Release/PasteAsFile.build/PasteAsFile-generated-files.hmap -Xcc -I/Users/bf/Library/CloudStorage/GoogleDrive-bernynoussi@gmail.com/Mon\ Drive/Formation/Collège\ BDEB/ETE_2026/420-A60-BB\ ALGORITHMES\ D\'APPRENTISSAGE\ PROFOND/Examen\ Final/PasteAsFile/build/PasteAsFile.build/Release/PasteAsFile.build/PasteAsFile-own-target-headers.hmap -Xcc -I/Users/bf/Library/CloudStorage/GoogleDrive-bernynoussi@gmail.com/Mon\ Drive/Formation/Collège\ BDEB/ETE_2026/420-A60-BB\ ALGORITHMES\ D\'APPRENTISSAGE\ PROFOND/Examen\ Final/PasteAsFile/build/PasteAsFile.build/Release/PasteAsFile.build/PasteAsFile-all-target-headers.hmap -Xcc -iquote -Xcc /Users/bf/Library/CloudStorage/GoogleDrive-bernynoussi@gmail.com/Mon\ Drive/Formation/Collège\ BDEB/ETE_2026/420-A60-BB\ ALGORITHMES\ D\'APPRENTISSAGE\ PROFOND/Examen\ Final/PasteAsFile/build/PasteAsFile.build/Release/PasteAsFile.build/PasteAsFile-project-headers.hmap -Xcc -I/Users/bf/Library/CloudStorage/GoogleDrive-bernynoussi@gmail.com/Mon\ Drive/Formation/Collège\ BDEB/ETE_2026/420-A60-BB\ ALGORITHMES\ D\'APPRENTISSAGE\ PROFOND/Examen\ Final/PasteAsFile/build/Release/include -Xcc -I/Users/bf/Library/CloudStorage/GoogleDrive-bernynoussi@gmail.com/Mon\ Drive/Formation/Collège\ BDEB/ETE_2026/420-A60-BB\ ALGORITHMES\ D\'APPRENTISSAGE\ PROFOND/Examen\ Final/PasteAsFile/build/PasteAsFile.build/Release/PasteAsFile.build/DerivedSources-normal/x86_64 -Xcc -I/Users/bf/Library/CloudStorage/GoogleDrive-bernynoussi@gmail.com/Mon\ Drive/Formation/Collège\ BDEB/ETE_2026/420-A60-BB\ ALGORITHMES\ D\'APPRENTISSAGE\ PROFOND/Examen\ Final/PasteAsFile/build/PasteAsFile.build/Release/PasteAsFile.build/DerivedSources/x86_64 -Xcc -I/Users/bf/Library/CloudStorage/GoogleDrive-bernynoussi@gmail.com/Mon\ Drive/Formation/Collège\ BDEB/ETE_2026/420-A60-BB\ ALGORITHMES\ D\'APPRENTISSAGE\ PROFOND/Examen\ Final/PasteAsFile/build/PasteAsFile.build/Release/PasteAsFile.build/DerivedSources -emit-objc-header -emit-objc-header-path /Users/bf/Library/CloudStorage/GoogleDrive-bernynoussi@gmail.com/Mon\ Drive/Formation/Collège\ BDEB/ETE_2026/420-A60-BB\ ALGORITHMES\ D\'APPRENTISSAGE\ PROFOND/Examen\ Final/PasteAsFile/build/PasteAsFile.build/Release/PasteAsFile.build/Objects-normal/x86_64/PasteAsFile-Swift.h -working-directory /Users/bf/Library/CloudStorage/GoogleDrive-bernynoussi@gmail.com/Mon\ Drive/Formation/Collège\ BDEB/ETE_2026/420-A60-BB\ ALGORITHMES\ D\'APPRENTISSAGE\ PROFOND/Examen\ Final/PasteAsFile -no-emit-module-separately-wmo

SwiftDriver\ Compilation PasteAsFile normal x86_64 com.apple.xcode.tools.swift.compiler (in target 'PasteAsFile' from project 'PasteAsFile')
    cd /Users/bf/Library/CloudStorage/GoogleDrive-bernynoussi@gmail.com/Mon\ Drive/Formation/Collège\ BDEB/ETE_2026/420-A60-BB\ ALGORITHMES\ D\'APPRENTISSAGE\ PROFOND/Examen\ Final/PasteAsFile
    builtin-Swift-Compilation -- /Applications/Xcode.app/Contents/Developer/Toolchains/XcodeDefault.xctoolchain/usr/bin/swiftc -module-name PasteAsFile -O -whole-module-optimization @/Users/bf/Library/CloudStorage/GoogleDrive-bernynoussi@gmail.com/Mon\ Drive/Formation/Collège\ BDEB/ETE_2026/420-A60-BB\ ALGORITHMES\ D\'APPRENTISSAGE\ PROFOND/Examen\ Final/PasteAsFile/build/PasteAsFile.build/Release/PasteAsFile.build/Objects-normal/x86_64/PasteAsFile.SwiftFileList -enable-bare-slash-regex -enable-experimental-feature DebugDescriptionMacro -sdk /Applications/Xcode.app/Contents/Developer/Platforms/MacOSX.platform/Developer/SDKs/MacOSX27.0.sdk -target x86_64-apple-macos13.0 -g -Xfrontend -serialize-debugging-options -swift-version 5 -I /Users/bf/Library/CloudStorage/GoogleDrive-bernynoussi@gmail.com/Mon\ Drive/Formation/Collège\ BDEB/ETE_2026/420-A60-BB\ ALGORITHMES\ D\'APPRENTISSAGE\ PROFOND/Examen\ Final/PasteAsFile/build/Release -F /Users/bf/Library/CloudStorage/GoogleDrive-bernynoussi@gmail.com/Mon\ Drive/Formation/Collège\ BDEB/ETE_2026/420-A60-BB\ ALGORITHMES\ D\'APPRENTISSAGE\ PROFOND/Examen\ Final/PasteAsFile/build/Release -emit-localized-strings -emit-localized-strings-path /Users/bf/Library/CloudStorage/GoogleDrive-bernynoussi@gmail.com/Mon\ Drive/Formation/Collège\ BDEB/ETE_2026/420-A60-BB\ ALGORITHMES\ D\'APPRENTISSAGE\ PROFOND/Examen\ Final/PasteAsFile/build/PasteAsFile.build/Release/PasteAsFile.build/Objects-normal/x86_64 -c -num-threads 16 -Xcc -ivfsstatcache -Xcc /var/folders/sm/l4mlp9mj4sqg28sl7qrbyx080000gn/C/com.apple.DeveloperTools/27.0-27A266a/Xcode/SDKStatCaches.noindex/macosx27.0-26A425-7231f6df4def33e022ae2eb8f782df1a.sdkstatcache -output-file-map /Users/bf/Library/CloudStorage/GoogleDrive-bernynoussi@gmail.com/Mon\ Drive/Formation/Collège\ BDEB/ETE_2026/420-A60-BB\ ALGORITHMES\ D\'APPRENTISSAGE\ PROFOND/Examen\ Final/PasteAsFile/build/PasteAsFile.build/Release/PasteAsFile.build/Objects-normal/x86_64/PasteAsFile-OutputFileMap.json -save-temps -no-color-diagnostics -explicit-module-build -module-cache-path /Users/bf/Library/CloudStorage/GoogleDrive-bernynoussi@gmail.com/Mon\ Drive/Formation/Collège\ BDEB/ETE_2026/420-A60-BB\ ALGORITHMES\ D\'APPRENTISSAGE\ PROFOND/Examen\ Final/PasteAsFile/build/SwiftExplicitPrecompiledModules -emit-dependencies -emit-module -emit-module-path /Users/bf/Library/CloudStorage/GoogleDrive-bernynoussi@gmail.com/Mon\ Drive/Formation/Collège\ BDEB/ETE_2026/420-A60-BB\ ALGORITHMES\ D\'APPRENTISSAGE\ PROFOND/Examen\ Final/PasteAsFile/build/PasteAsFile.build/Release/PasteAsFile.build/Objects-normal/x86_64/PasteAsFile.swiftmodule -serialize-diagnostics -dependency-scan-serialize-diagnostics-path /Users/bf/Library/CloudStorage/GoogleDrive-bernynoussi@gmail.com/Mon\ Drive/Formation/Collège\ BDEB/ETE_2026/420-A60-BB\ ALGORITHMES\ D\'APPRENTISSAGE\ PROFOND/Examen\ Final/PasteAsFile/build/PasteAsFile.build/Release/PasteAsFile.build/Objects-normal/x86_64/PasteAsFile-dependency-scan.dia -validate-clang-modules-once -clang-build-session-file /var/folders/sm/l4mlp9mj4sqg28sl7qrbyx080000gn/C/org.llvm.clang/ModuleCache.noindex/Session.modulevalidation -Xcc -fmodules-prune-interval\=86400 -Xcc -fmodules-prune-after\=345600 -emit-const-values -const-gather-protocols-list /Users/bf/Library/CloudStorage/GoogleDrive-bernynoussi@gmail.com/Mon\ Drive/Formation/Collège\ BDEB/ETE_2026/420-A60-BB\ ALGORITHMES\ D\'APPRENTISSAGE\ PROFOND/Examen\ Final/PasteAsFile/build/PasteAsFile.build/Release/PasteAsFile.build/Objects-normal/x86_64/PasteAsFile_const_extract_protocols.json -Xcc -iquote -Xcc /Users/bf/Library/CloudStorage/GoogleDrive-bernynoussi@gmail.com/Mon\ Drive/Formation/Collège\ BDEB/ETE_2026/420-A60-BB\ ALGORITHMES\ D\'APPRENTISSAGE\ PROFOND/Examen\ Final/PasteAsFile/build/PasteAsFile.build/Release/PasteAsFile.build/PasteAsFile-generated-files.hmap -Xcc -I/Users/bf/Library/CloudStorage/GoogleDrive-bernynoussi@gmail.com/Mon\ Drive/Formation/Collège\ BDEB/ETE_2026/420-A60-BB\ ALGORITHMES\ D\'APPRENTISSAGE\ PROFOND/Examen\ Final/PasteAsFile/build/PasteAsFile.build/Release/PasteAsFile.build/PasteAsFile-own-target-headers.hmap -Xcc -I/Users/bf/Library/CloudStorage/GoogleDrive-bernynoussi@gmail.com/Mon\ Drive/Formation/Collège\ BDEB/ETE_2026/420-A60-BB\ ALGORITHMES\ D\'APPRENTISSAGE\ PROFOND/Examen\ Final/PasteAsFile/build/PasteAsFile.build/Release/PasteAsFile.build/PasteAsFile-all-target-headers.hmap -Xcc -iquote -Xcc /Users/bf/Library/CloudStorage/GoogleDrive-bernynoussi@gmail.com/Mon\ Drive/Formation/Collège\ BDEB/ETE_2026/420-A60-BB\ ALGORITHMES\ D\'APPRENTISSAGE\ PROFOND/Examen\ Final/PasteAsFile/build/PasteAsFile.build/Release/PasteAsFile.build/PasteAsFile-project-headers.hmap -Xcc -I/Users/bf/Library/CloudStorage/GoogleDrive-bernynoussi@gmail.com/Mon\ Drive/Formation/Collège\ BDEB/ETE_2026/420-A60-BB\ ALGORITHMES\ D\'APPRENTISSAGE\ PROFOND/Examen\ Final/PasteAsFile/build/Release/include -Xcc -I/Users/bf/Library/CloudStorage/GoogleDrive-bernynoussi@gmail.com/Mon\ Drive/Formation/Collège\ BDEB/ETE_2026/420-A60-BB\ ALGORITHMES\ D\'APPRENTISSAGE\ PROFOND/Examen\ Final/PasteAsFile/build/PasteAsFile.build/Release/PasteAsFile.build/DerivedSources-normal/x86_64 -Xcc -I/Users/bf/Library/CloudStorage/GoogleDrive-bernynoussi@gmail.com/Mon\ Drive/Formation/Collège\ BDEB/ETE_2026/420-A60-BB\ ALGORITHMES\ D\'APPRENTISSAGE\ PROFOND/Examen\ Final/PasteAsFile/build/PasteAsFile.build/Release/PasteAsFile.build/DerivedSources/x86_64 -Xcc -I/Users/bf/Library/CloudStorage/GoogleDrive-bernynoussi@gmail.com/Mon\ Drive/Formation/Collège\ BDEB/ETE_2026/420-A60-BB\ ALGORITHMES\ D\'APPRENTISSAGE\ PROFOND/Examen\ Final/PasteAsFile/build/PasteAsFile.build/Release/PasteAsFile.build/DerivedSources -emit-objc-header -emit-objc-header-path /Users/bf/Library/CloudStorage/GoogleDrive-bernynoussi@gmail.com/Mon\ Drive/Formation/Collège\ BDEB/ETE_2026/420-A60-BB\ ALGORITHMES\ D\'APPRENTISSAGE\ PROFOND/Examen\ Final/PasteAsFile/build/PasteAsFile.build/Release/PasteAsFile.build/Objects-normal/x86_64/PasteAsFile-Swift.h -working-directory /Users/bf/Library/CloudStorage/GoogleDrive-bernynoussi@gmail.com/Mon\ Drive/Formation/Collège\ BDEB/ETE_2026/420-A60-BB\ ALGORITHMES\ D\'APPRENTISSAGE\ PROFOND/Examen\ Final/PasteAsFile -no-emit-module-separately-wmo

SwiftExplicitDependencyGeneratePcm x86_64 /Users/bf/Library/CloudStorage/GoogleDrive-bernynoussi@gmail.com/Mon\ Drive/Formation/Collège\ BDEB/ETE_2026/420-A60-BB\ ALGORITHMES\ D\'APPRENTISSAGE\ PROFOND/Examen\ Final/PasteAsFile/build/SwiftExplicitPrecompiledModules/_Builtin_stddef-B20PTT52MFBPDDC3SOTBCDL1X.pcm

SwiftExplicitDependencyGeneratePcm x86_64 /Users/bf/Library/CloudStorage/GoogleDrive-bernynoussi@gmail.com/Mon\ Drive/Formation/Collège\ BDEB/ETE_2026/420-A60-BB\ ALGORITHMES\ D\'APPRENTISSAGE\ PROFOND/Examen\ Final/PasteAsFile/build/SwiftExplicitPrecompiledModules/_AvailabilityInternal-DTMDN3088LT89I72AK6UM5392.pcm

SwiftExplicitDependencyGeneratePcm x86_64 /Users/bf/Library/CloudStorage/GoogleDrive-bernynoussi@gmail.com/Mon\ Drive/Formation/Collège\ BDEB/ETE_2026/420-A60-BB\ ALGORITHMES\ D\'APPRENTISSAGE\ PROFOND/Examen\ Final/PasteAsFile/build/SwiftExplicitPrecompiledModules/ptrcheck-A04G3SLNLMC1FSHE3R6XVJDTU.pcm

SwiftExplicitDependencyGeneratePcm x86_64 /Users/bf/Library/CloudStorage/GoogleDrive-bernynoussi@gmail.com/Mon\ Drive/Formation/Collège\ BDEB/ETE_2026/420-A60-BB\ ALGORITHMES\ D\'APPRENTISSAGE\ PROFOND/Examen\ Final/PasteAsFile/build/SwiftExplicitPrecompiledModules/_Builtin_stdarg-SOP8MROWJ854S4FLSQHJDPOB.pcm

SwiftExplicitDependencyGeneratePcm x86_64 /Users/bf/Library/CloudStorage/GoogleDrive-bernynoussi@gmail.com/Mon\ Drive/Formation/Collège\ BDEB/ETE_2026/420-A60-BB\ ALGORITHMES\ D\'APPRENTISSAGE\ PROFOND/Examen\ Final/PasteAsFile/build/SwiftExplicitPrecompiledModules/_Builtin_stdbool-CG4Y9CVFPJBAU1XOJ784UO99C.pcm

SwiftExplicitDependencyGeneratePcm x86_64 /Users/bf/Library/CloudStorage/GoogleDrive-bernynoussi@gmail.com/Mon\ Drive/Formation/Collège\ BDEB/ETE_2026/420-A60-BB\ ALGORITHMES\ D\'APPRENTISSAGE\ PROFOND/Examen\ Final/PasteAsFile/build/SwiftExplicitPrecompiledModules/ptrauth-9W244LDB3F8RTVZEFHIBTUTV2.pcm

SwiftExplicitDependencyGeneratePcm x86_64 /Users/bf/Library/CloudStorage/GoogleDrive-bernynoussi@gmail.com/Mon\ Drive/Formation/Collège\ BDEB/ETE_2026/420-A60-BB\ ALGORITHMES\ D\'APPRENTISSAGE\ PROFOND/Examen\ Final/PasteAsFile/build/SwiftExplicitPrecompiledModules/_SwiftConcurrencyShims-707PIJXP2E2BET9MPZ3ADSWL0.pcm

SwiftExplicitDependencyGeneratePcm x86_64 /Users/bf/Library/CloudStorage/GoogleDrive-bernynoussi@gmail.com/Mon\ Drive/Formation/Collège\ BDEB/ETE_2026/420-A60-BB\ ALGORITHMES\ D\'APPRENTISSAGE\ PROFOND/Examen\ Final/PasteAsFile/build/SwiftExplicitPrecompiledModules/DeveloperToolsSupport-2YRBZEMQTZGUFK879STTND59V.pcm

SwiftExplicitDependencyGeneratePcm x86_64 /Users/bf/Library/CloudStorage/GoogleDrive-bernynoussi@gmail.com/Mon\ Drive/Formation/Collège\ BDEB/ETE_2026/420-A60-BB\ ALGORITHMES\ D\'APPRENTISSAGE\ PROFOND/Examen\ Final/PasteAsFile/build/SwiftExplicitPrecompiledModules/_Builtin_float-4ODYVAAC3NAGCAZN91V27L197.pcm

SwiftExplicitDependencyGeneratePcm x86_64 /Users/bf/Library/CloudStorage/GoogleDrive-bernynoussi@gmail.com/Mon\ Drive/Formation/Collège\ BDEB/ETE_2026/420-A60-BB\ ALGORITHMES\ D\'APPRENTISSAGE\ PROFOND/Examen\ Final/PasteAsFile/build/SwiftExplicitPrecompiledModules/SwiftShims-BOOVGUFQ4ESKDA26OFHMANP0N.pcm

SwiftDriver\ Compilation PasteAsFile normal arm64 com.apple.xcode.tools.swift.compiler (in target 'PasteAsFile' from project 'PasteAsFile')
    cd /Users/bf/Library/CloudStorage/GoogleDrive-bernynoussi@gmail.com/Mon\ Drive/Formation/Collège\ BDEB/ETE_2026/420-A60-BB\ ALGORITHMES\ D\'APPRENTISSAGE\ PROFOND/Examen\ Final/PasteAsFile
    builtin-Swift-Compilation -- /Applications/Xcode.app/Contents/Developer/Toolchains/XcodeDefault.xctoolchain/usr/bin/swiftc -module-name PasteAsFile -O -whole-module-optimization @/Users/bf/Library/CloudStorage/GoogleDrive-bernynoussi@gmail.com/Mon\ Drive/Formation/Collège\ BDEB/ETE_2026/420-A60-BB\ ALGORITHMES\ D\'APPRENTISSAGE\ PROFOND/Examen\ Final/PasteAsFile/build/PasteAsFile.build/Release/PasteAsFile.build/Objects-normal/arm64/PasteAsFile.SwiftFileList -enable-bare-slash-regex -enable-experimental-feature DebugDescriptionMacro -sdk /Applications/Xcode.app/Contents/Developer/Platforms/MacOSX.platform/Developer/SDKs/MacOSX27.0.sdk -target arm64-apple-macos13.0 -g -Xfrontend -serialize-debugging-options -swift-version 5 -I /Users/bf/Library/CloudStorage/GoogleDrive-bernynoussi@gmail.com/Mon\ Drive/Formation/Collège\ BDEB/ETE_2026/420-A60-BB\ ALGORITHMES\ D\'APPRENTISSAGE\ PROFOND/Examen\ Final/PasteAsFile/build/Release -F /Users/bf/Library/CloudStorage/GoogleDrive-bernynoussi@gmail.com/Mon\ Drive/Formation/Collège\ BDEB/ETE_2026/420-A60-BB\ ALGORITHMES\ D\'APPRENTISSAGE\ PROFOND/Examen\ Final/PasteAsFile/build/Release -emit-localized-strings -emit-localized-strings-path /Users/bf/Library/CloudStorage/GoogleDrive-bernynoussi@gmail.com/Mon\ Drive/Formation/Collège\ BDEB/ETE_2026/420-A60-BB\ ALGORITHMES\ D\'APPRENTISSAGE\ PROFOND/Examen\ Final/PasteAsFile/build/PasteAsFile.build/Release/PasteAsFile.build/Objects-normal/arm64 -c -num-threads 16 -Xcc -ivfsstatcache -Xcc /var/folders/sm/l4mlp9mj4sqg28sl7qrbyx080000gn/C/com.apple.DeveloperTools/27.0-27A266a/Xcode/SDKStatCaches.noindex/macosx27.0-26A425-7231f6df4def33e022ae2eb8f782df1a.sdkstatcache -output-file-map /Users/bf/Library/CloudStorage/GoogleDrive-bernynoussi@gmail.com/Mon\ Drive/Formation/Collège\ BDEB/ETE_2026/420-A60-BB\ ALGORITHMES\ D\'APPRENTISSAGE\ PROFOND/Examen\ Final/PasteAsFile/build/PasteAsFile.build/Release/PasteAsFile.build/Objects-normal/arm64/PasteAsFile-OutputFileMap.json -save-temps -no-color-diagnostics -explicit-module-build -module-cache-path /Users/bf/Library/CloudStorage/GoogleDrive-bernynoussi@gmail.com/Mon\ Drive/Formation/Collège\ BDEB/ETE_2026/420-A60-BB\ ALGORITHMES\ D\'APPRENTISSAGE\ PROFOND/Examen\ Final/PasteAsFile/build/SwiftExplicitPrecompiledModules -emit-dependencies -emit-module -emit-module-path /Users/bf/Library/CloudStorage/GoogleDrive-bernynoussi@gmail.com/Mon\ Drive/Formation/Collège\ BDEB/ETE_2026/420-A60-BB\ ALGORITHMES\ D\'APPRENTISSAGE\ PROFOND/Examen\ Final/PasteAsFile/build/PasteAsFile.build/Release/PasteAsFile.build/Objects-normal/arm64/PasteAsFile.swiftmodule -serialize-diagnostics -dependency-scan-serialize-diagnostics-path /Users/bf/Library/CloudStorage/GoogleDrive-bernynoussi@gmail.com/Mon\ Drive/Formation/Collège\ BDEB/ETE_2026/420-A60-BB\ ALGORITHMES\ D\'APPRENTISSAGE\ PROFOND/Examen\ Final/PasteAsFile/build/PasteAsFile.build/Release/PasteAsFile.build/Objects-normal/arm64/PasteAsFile-dependency-scan.dia -validate-clang-modules-once -clang-build-session-file /var/folders/sm/l4mlp9mj4sqg28sl7qrbyx080000gn/C/org.llvm.clang/ModuleCache.noindex/Session.modulevalidation -Xcc -fmodules-prune-interval\=86400 -Xcc -fmodules-prune-after\=345600 -emit-const-values -const-gather-protocols-list /Users/bf/Library/CloudStorage/GoogleDrive-bernynoussi@gmail.com/Mon\ Drive/Formation/Collège\ BDEB/ETE_2026/420-A60-BB\ ALGORITHMES\ D\'APPRENTISSAGE\ PROFOND/Examen\ Final/PasteAsFile/build/PasteAsFile.build/Release/PasteAsFile.build/Objects-normal/arm64/PasteAsFile_const_extract_protocols.json -Xcc -iquote -Xcc /Users/bf/Library/CloudStorage/GoogleDrive-bernynoussi@gmail.com/Mon\ Drive/Formation/Collège\ BDEB/ETE_2026/420-A60-BB\ ALGORITHMES\ D\'APPRENTISSAGE\ PROFOND/Examen\ Final/PasteAsFile/build/PasteAsFile.build/Release/PasteAsFile.build/PasteAsFile-generated-files.hmap -Xcc -I/Users/bf/Library/CloudStorage/GoogleDrive-bernynoussi@gmail.com/Mon\ Drive/Formation/Collège\ BDEB/ETE_2026/420-A60-BB\ ALGORITHMES\ D\'APPRENTISSAGE\ PROFOND/Examen\ Final/PasteAsFile/build/PasteAsFile.build/Release/PasteAsFile.build/PasteAsFile-own-target-headers.hmap -Xcc -I/Users/bf/Library/CloudStorage/GoogleDrive-bernynoussi@gmail.com/Mon\ Drive/Formation/Collège\ BDEB/ETE_2026/420-A60-BB\ ALGORITHMES\ D\'APPRENTISSAGE\ PROFOND/Examen\ Final/PasteAsFile/build/PasteAsFile.build/Release/PasteAsFile.build/PasteAsFile-all-target-headers.hmap -Xcc -iquote -Xcc /Users/bf/Library/CloudStorage/GoogleDrive-bernynoussi@gmail.com/Mon\ Drive/Formation/Collège\ BDEB/ETE_2026/420-A60-BB\ ALGORITHMES\ D\'APPRENTISSAGE\ PROFOND/Examen\ Final/PasteAsFile/build/PasteAsFile.build/Release/PasteAsFile.build/PasteAsFile-project-headers.hmap -Xcc -I/Users/bf/Library/CloudStorage/GoogleDrive-bernynoussi@gmail.com/Mon\ Drive/Formation/Collège\ BDEB/ETE_2026/420-A60-BB\ ALGORITHMES\ D\'APPRENTISSAGE\ PROFOND/Examen\ Final/PasteAsFile/build/Release/include -Xcc -I/Users/bf/Library/CloudStorage/GoogleDrive-bernynoussi@gmail.com/Mon\ Drive/Formation/Collège\ BDEB/ETE_2026/420-A60-BB\ ALGORITHMES\ D\'APPRENTISSAGE\ PROFOND/Examen\ Final/PasteAsFile/build/PasteAsFile.build/Release/PasteAsFile.build/DerivedSources-normal/arm64 -Xcc -I/Users/bf/Library/CloudStorage/GoogleDrive-bernynoussi@gmail.com/Mon\ Drive/Formation/Collège\ BDEB/ETE_2026/420-A60-BB\ ALGORITHMES\ D\'APPRENTISSAGE\ PROFOND/Examen\ Final/PasteAsFile/build/PasteAsFile.build/Release/PasteAsFile.build/DerivedSources/arm64 -Xcc -I/Users/bf/Library/CloudStorage/GoogleDrive-bernynoussi@gmail.com/Mon\ Drive/Formation/Collège\ BDEB/ETE_2026/420-A60-BB\ ALGORITHMES\ D\'APPRENTISSAGE\ PROFOND/Examen\ Final/PasteAsFile/build/PasteAsFile.build/Release/PasteAsFile.build/DerivedSources -emit-objc-header -emit-objc-header-path /Users/bf/Library/CloudStorage/GoogleDrive-bernynoussi@gmail.com/Mon\ Drive/Formation/Collège\ BDEB/ETE_2026/420-A60-BB\ ALGORITHMES\ D\'APPRENTISSAGE\ PROFOND/Examen\ Final/PasteAsFile/build/PasteAsFile.build/Release/PasteAsFile.build/Objects-normal/arm64/PasteAsFile-Swift.h -working-directory /Users/bf/Library/CloudStorage/GoogleDrive-bernynoussi@gmail.com/Mon\ Drive/Formation/Collège\ BDEB/ETE_2026/420-A60-BB\ ALGORITHMES\ D\'APPRENTISSAGE\ PROFOND/Examen\ Final/PasteAsFile -no-emit-module-separately-wmo

SwiftExplicitDependencyGeneratePcm arm64 /Users/bf/Library/CloudStorage/GoogleDrive-bernynoussi@gmail.com/Mon\ Drive/Formation/Collège\ BDEB/ETE_2026/420-A60-BB\ ALGORITHMES\ D\'APPRENTISSAGE\ PROFOND/Examen\ Final/PasteAsFile/build/SwiftExplicitPrecompiledModules/_Builtin_stddef-9VS15L3EO50IFXTCZ2ARXWPJ3.pcm

SwiftExplicitDependencyGeneratePcm arm64 /Users/bf/Library/CloudStorage/GoogleDrive-bernynoussi@gmail.com/Mon\ Drive/Formation/Collège\ BDEB/ETE_2026/420-A60-BB\ ALGORITHMES\ D\'APPRENTISSAGE\ PROFOND/Examen\ Final/PasteAsFile/build/SwiftExplicitPrecompiledModules/_Builtin_float-A1YP51XAJCXOB0NOQPB917VR2.pcm

SwiftExplicitDependencyGeneratePcm arm64 /Users/bf/Library/CloudStorage/GoogleDrive-bernynoussi@gmail.com/Mon\ Drive/Formation/Collège\ BDEB/ETE_2026/420-A60-BB\ ALGORITHMES\ D\'APPRENTISSAGE\ PROFOND/Examen\ Final/PasteAsFile/build/SwiftExplicitPrecompiledModules/_AvailabilityInternal-8SFO5922XKSSX0USELUUBLA1W.pcm

SwiftExplicitDependencyGeneratePcm arm64 /Users/bf/Library/CloudStorage/GoogleDrive-bernynoussi@gmail.com/Mon\ Drive/Formation/Collège\ BDEB/ETE_2026/420-A60-BB\ ALGORITHMES\ D\'APPRENTISSAGE\ PROFOND/Examen\ Final/PasteAsFile/build/SwiftExplicitPrecompiledModules/_Builtin_stdbool-5D4EKAUNOGCWI73DY7MTXNG2F.pcm

SwiftExplicitDependencyGeneratePcm arm64 /Users/bf/Library/CloudStorage/GoogleDrive-bernynoussi@gmail.com/Mon\ Drive/Formation/Collège\ BDEB/ETE_2026/420-A60-BB\ ALGORITHMES\ D\'APPRENTISSAGE\ PROFOND/Examen\ Final/PasteAsFile/build/SwiftExplicitPrecompiledModules/SwiftShims-3EIVQDA6B6NI69OXZJSF9CW0M.pcm

SwiftExplicitDependencyGeneratePcm arm64 /Users/bf/Library/CloudStorage/GoogleDrive-bernynoussi@gmail.com/Mon\ Drive/Formation/Collège\ BDEB/ETE_2026/420-A60-BB\ ALGORITHMES\ D\'APPRENTISSAGE\ PROFOND/Examen\ Final/PasteAsFile/build/SwiftExplicitPrecompiledModules/ptrcheck-C6U3NXQQMDCBST8M95S8YCYEO.pcm

SwiftExplicitDependencyGeneratePcm arm64 /Users/bf/Library/CloudStorage/GoogleDrive-bernynoussi@gmail.com/Mon\ Drive/Formation/Collège\ BDEB/ETE_2026/420-A60-BB\ ALGORITHMES\ D\'APPRENTISSAGE\ PROFOND/Examen\ Final/PasteAsFile/build/SwiftExplicitPrecompiledModules/_Builtin_stdarg-52ZLT3WSICB4A35W0NXJ9IJ1C.pcm

SwiftExplicitDependencyGeneratePcm arm64 /Users/bf/Library/CloudStorage/GoogleDrive-bernynoussi@gmail.com/Mon\ Drive/Formation/Collège\ BDEB/ETE_2026/420-A60-BB\ ALGORITHMES\ D\'APPRENTISSAGE\ PROFOND/Examen\ Final/PasteAsFile/build/SwiftExplicitPrecompiledModules/ptrauth-84PLA0D0F7D58A6PANMILOGEX.pcm

SwiftExplicitDependencyGeneratePcm arm64 /Users/bf/Library/CloudStorage/GoogleDrive-bernynoussi@gmail.com/Mon\ Drive/Formation/Collège\ BDEB/ETE_2026/420-A60-BB\ ALGORITHMES\ D\'APPRENTISSAGE\ PROFOND/Examen\ Final/PasteAsFile/build/SwiftExplicitPrecompiledModules/DeveloperToolsSupport-BD2ATS0ZZ0I3VYXXZ5DDA1DC0.pcm

SwiftExplicitDependencyGeneratePcm arm64 /Users/bf/Library/CloudStorage/GoogleDrive-bernynoussi@gmail.com/Mon\ Drive/Formation/Collège\ BDEB/ETE_2026/420-A60-BB\ ALGORITHMES\ D\'APPRENTISSAGE\ PROFOND/Examen\ Final/PasteAsFile/build/SwiftExplicitPrecompiledModules/_SwiftConcurrencyShims-5AY5WD7KXOVX2UXC8NROBXAK1.pcm

SwiftExplicitDependencyGeneratePcm x86_64 /Users/bf/Library/CloudStorage/GoogleDrive-bernynoussi@gmail.com/Mon\ Drive/Formation/Collège\ BDEB/ETE_2026/420-A60-BB\ ALGORITHMES\ D\'APPRENTISSAGE\ PROFOND/Examen\ Final/PasteAsFile/build/SwiftExplicitPrecompiledModules/_DarwinFoundation1-AXCHWIFZ5H2V6JMVM74LFI738.pcm

SwiftExplicitDependencyGeneratePcm arm64 /Users/bf/Library/CloudStorage/GoogleDrive-bernynoussi@gmail.com/Mon\ Drive/Formation/Collège\ BDEB/ETE_2026/420-A60-BB\ ALGORITHMES\ D\'APPRENTISSAGE\ PROFOND/Examen\ Final/PasteAsFile/build/SwiftExplicitPrecompiledModules/_DarwinFoundation1-9GYFCULO4D6V6TQAC6ERG53X1.pcm

SwiftExplicitDependencyGeneratePcm x86_64 /Users/bf/Library/CloudStorage/GoogleDrive-bernynoussi@gmail.com/Mon\ Drive/Formation/Collège\ BDEB/ETE_2026/420-A60-BB\ ALGORITHMES\ D\'APPRENTISSAGE\ PROFOND/Examen\ Final/PasteAsFile/build/SwiftExplicitPrecompiledModules/_DarwinFoundation2-ARL7QFG6NJRGM8YMXSYB3ZBEI.pcm

SwiftExplicitDependencyGeneratePcm x86_64 /Users/bf/Library/CloudStorage/GoogleDrive-bernynoussi@gmail.com/Mon\ Drive/Formation/Collège\ BDEB/ETE_2026/420-A60-BB\ ALGORITHMES\ D\'APPRENTISSAGE\ PROFOND/Examen\ Final/PasteAsFile/build/SwiftExplicitPrecompiledModules/_Builtin_limits-210QTY3XIZE7E6ZD5BCT6ASKA.pcm

SwiftExplicitDependencyGeneratePcm arm64 /Users/bf/Library/CloudStorage/GoogleDrive-bernynoussi@gmail.com/Mon\ Drive/Formation/Collège\ BDEB/ETE_2026/420-A60-BB\ ALGORITHMES\ D\'APPRENTISSAGE\ PROFOND/Examen\ Final/PasteAsFile/build/SwiftExplicitPrecompiledModules/_Builtin_limits-B3026LLR5DEV246KJ9LZJ0KXR.pcm

SwiftExplicitDependencyGeneratePcm arm64 /Users/bf/Library/CloudStorage/GoogleDrive-bernynoussi@gmail.com/Mon\ Drive/Formation/Collège\ BDEB/ETE_2026/420-A60-BB\ ALGORITHMES\ D\'APPRENTISSAGE\ PROFOND/Examen\ Final/PasteAsFile/build/SwiftExplicitPrecompiledModules/_DarwinFoundation2-DDI9TU14KUA2C3TZMUF4XXJ0Y.pcm

SwiftExplicitDependencyGeneratePcm x86_64 /Users/bf/Library/CloudStorage/GoogleDrive-bernynoussi@gmail.com/Mon\ Drive/Formation/Collège\ BDEB/ETE_2026/420-A60-BB\ ALGORITHMES\ D\'APPRENTISSAGE\ PROFOND/Examen\ Final/PasteAsFile/build/SwiftExplicitPrecompiledModules/string_h-5UB7TF3UVFLJV09V0EP300PMR.pcm

SwiftExplicitDependencyGeneratePcm x86_64 /Users/bf/Library/CloudStorage/GoogleDrive-bernynoussi@gmail.com/Mon\ Drive/Formation/Collège\ BDEB/ETE_2026/420-A60-BB\ ALGORITHMES\ D\'APPRENTISSAGE\ PROFOND/Examen\ Final/PasteAsFile/build/SwiftExplicitPrecompiledModules/_Builtin_stdint-1QZ6TPANMDN391FWYQUSHR9R0.pcm

SwiftExplicitDependencyGeneratePcm x86_64 /Users/bf/Library/CloudStorage/GoogleDrive-bernynoussi@gmail.com/Mon\ Drive/Formation/Collège\ BDEB/ETE_2026/420-A60-BB\ ALGORITHMES\ D\'APPRENTISSAGE\ PROFOND/Examen\ Final/PasteAsFile/build/SwiftExplicitPrecompiledModules/_Builtin_tgmath-4KITPREQUGZDFX4AMQYDZY62B.pcm

SwiftExplicitDependencyGeneratePcm x86_64 /Users/bf/Library/CloudStorage/GoogleDrive-bernynoussi@gmail.com/Mon\ Drive/Formation/Collège\ BDEB/ETE_2026/420-A60-BB\ ALGORITHMES\ D\'APPRENTISSAGE\ PROFOND/Examen\ Final/PasteAsFile/build/SwiftExplicitPrecompiledModules/sys_types-BEG0MHMWQV7I67RE5ZMM8AN7J.pcm

SwiftExplicitDependencyGeneratePcm arm64 /Users/bf/Library/CloudStorage/GoogleDrive-bernynoussi@gmail.com/Mon\ Drive/Formation/Collège\ BDEB/ETE_2026/420-A60-BB\ ALGORITHMES\ D\'APPRENTISSAGE\ PROFOND/Examen\ Final/PasteAsFile/build/SwiftExplicitPrecompiledModules/_Builtin_stdint-BE03WHLQQRV3GW83P7OXDKF6H.pcm

SwiftExplicitDependencyGeneratePcm arm64 /Users/bf/Library/CloudStorage/GoogleDrive-bernynoussi@gmail.com/Mon\ Drive/Formation/Collège\ BDEB/ETE_2026/420-A60-BB\ ALGORITHMES\ D\'APPRENTISSAGE\ PROFOND/Examen\ Final/PasteAsFile/build/SwiftExplicitPrecompiledModules/sys_types-BCTBU64E7UZ8RAL6DQ77P4VB9.pcm

SwiftExplicitDependencyGeneratePcm arm64 /Users/bf/Library/CloudStorage/GoogleDrive-bernynoussi@gmail.com/Mon\ Drive/Formation/Collège\ BDEB/ETE_2026/420-A60-BB\ ALGORITHMES\ D\'APPRENTISSAGE\ PROFOND/Examen\ Final/PasteAsFile/build/SwiftExplicitPrecompiledModules/string_h-91HRKPUM3F259HAX8BJPCAM0.pcm

SwiftExplicitDependencyGeneratePcm arm64 /Users/bf/Library/CloudStorage/GoogleDrive-bernynoussi@gmail.com/Mon\ Drive/Formation/Collège\ BDEB/ETE_2026/420-A60-BB\ ALGORITHMES\ D\'APPRENTISSAGE\ PROFOND/Examen\ Final/PasteAsFile/build/SwiftExplicitPrecompiledModules/_Builtin_tgmath-AQH6GFS525ZTBTW83DXR2VARC.pcm

SwiftExplicitDependencyGeneratePcm x86_64 /Users/bf/Library/CloudStorage/GoogleDrive-bernynoussi@gmail.com/Mon\ Drive/Formation/Collège\ BDEB/ETE_2026/420-A60-BB\ ALGORITHMES\ D\'APPRENTISSAGE\ PROFOND/Examen\ Final/PasteAsFile/build/SwiftExplicitPrecompiledModules/_DarwinFoundation3-DUKVEJP52SICGMFYCK6UHC24Q.pcm

SwiftExplicitDependencyGeneratePcm x86_64 /Users/bf/Library/CloudStorage/GoogleDrive-bernynoussi@gmail.com/Mon\ Drive/Formation/Collège\ BDEB/ETE_2026/420-A60-BB\ ALGORITHMES\ D\'APPRENTISSAGE\ PROFOND/Examen\ Final/PasteAsFile/build/SwiftExplicitPrecompiledModules/_Builtin_stdatomic-A7L1ML1KSJWLQ2SBK4U2FN3GW.pcm

SwiftExplicitDependencyGeneratePcm x86_64 /Users/bf/Library/CloudStorage/GoogleDrive-bernynoussi@gmail.com/Mon\ Drive/Formation/Collège\ BDEB/ETE_2026/420-A60-BB\ ALGORITHMES\ D\'APPRENTISSAGE\ PROFOND/Examen\ Final/PasteAsFile/build/SwiftExplicitPrecompiledModules/libDER-1R8RELV36C51ZUJE1XXOD0XZX.pcm

SwiftExplicitDependencyGeneratePcm arm64 /Users/bf/Library/CloudStorage/GoogleDrive-bernynoussi@gmail.com/Mon\ Drive/Formation/Collège\ BDEB/ETE_2026/420-A60-BB\ ALGORITHMES\ D\'APPRENTISSAGE\ PROFOND/Examen\ Final/PasteAsFile/build/SwiftExplicitPrecompiledModules/libDER-AJ5CQO4Y0CIH653O3L7J74SEC.pcm

SwiftExplicitDependencyGeneratePcm arm64 /Users/bf/Library/CloudStorage/GoogleDrive-bernynoussi@gmail.com/Mon\ Drive/Formation/Collège\ BDEB/ETE_2026/420-A60-BB\ ALGORITHMES\ D\'APPRENTISSAGE\ PROFOND/Examen\ Final/PasteAsFile/build/SwiftExplicitPrecompiledModules/_Builtin_stdatomic-6SCY8I01E80G90LETGTUX35S1.pcm

SwiftExplicitDependencyGeneratePcm arm64 /Users/bf/Library/CloudStorage/GoogleDrive-bernynoussi@gmail.com/Mon\ Drive/Formation/Collège\ BDEB/ETE_2026/420-A60-BB\ ALGORITHMES\ D\'APPRENTISSAGE\ PROFOND/Examen\ Final/PasteAsFile/build/SwiftExplicitPrecompiledModules/_Builtin_intrinsics-6XM7ANVUOZ0RU2MLYBUSPYHG.pcm

SwiftExplicitDependencyGeneratePcm arm64 /Users/bf/Library/CloudStorage/GoogleDrive-bernynoussi@gmail.com/Mon\ Drive/Formation/Collège\ BDEB/ETE_2026/420-A60-BB\ ALGORITHMES\ D\'APPRENTISSAGE\ PROFOND/Examen\ Final/PasteAsFile/build/SwiftExplicitPrecompiledModules/_DarwinFoundation3-ACA6QJ038PDFCAV38TJG4XJP2.pcm

SwiftExplicitDependencyGeneratePcm x86_64 /Users/bf/Library/CloudStorage/GoogleDrive-bernynoussi@gmail.com/Mon\ Drive/Formation/Collège\ BDEB/ETE_2026/420-A60-BB\ ALGORITHMES\ D\'APPRENTISSAGE\ PROFOND/Examen\ Final/PasteAsFile/build/SwiftExplicitPrecompiledModules/_Builtin_intrinsics-ETHQGNPTV6HZIWZXUJJK4T1JD.pcm

SwiftExplicitDependencyGeneratePcm x86_64 /Users/bf/Library/CloudStorage/GoogleDrive-bernynoussi@gmail.com/Mon\ Drive/Formation/Collège\ BDEB/ETE_2026/420-A60-BB\ ALGORITHMES\ D\'APPRENTISSAGE\ PROFOND/Examen\ Final/PasteAsFile/build/SwiftExplicitPrecompiledModules/_Builtin_inttypes-AOKHW04S8JD1K8HTJVFDFA972.pcm

SwiftExplicitDependencyGeneratePcm x86_64 /Users/bf/Library/CloudStorage/GoogleDrive-bernynoussi@gmail.com/Mon\ Drive/Formation/Collège\ BDEB/ETE_2026/420-A60-BB\ ALGORITHMES\ D\'APPRENTISSAGE\ PROFOND/Examen\ Final/PasteAsFile/build/SwiftExplicitPrecompiledModules/Darwin-4YS1NV3INRXQ7EBUM0UB3DFFR.pcm

SwiftExplicitDependencyGeneratePcm arm64 /Users/bf/Library/CloudStorage/GoogleDrive-bernynoussi@gmail.com/Mon\ Drive/Formation/Collège\ BDEB/ETE_2026/420-A60-BB\ ALGORITHMES\ D\'APPRENTISSAGE\ PROFOND/Examen\ Final/PasteAsFile/build/SwiftExplicitPrecompiledModules/_Builtin_inttypes-KCVV624JO24TQ9F0MND20M5P.pcm

SwiftExplicitDependencyGeneratePcm arm64 /Users/bf/Library/CloudStorage/GoogleDrive-bernynoussi@gmail.com/Mon\ Drive/Formation/Collège\ BDEB/ETE_2026/420-A60-BB\ ALGORITHMES\ D\'APPRENTISSAGE\ PROFOND/Examen\ Final/PasteAsFile/build/SwiftExplicitPrecompiledModules/Darwin-CK5T0ETULZCFJLA8XE9VNJZ0J.pcm

SwiftExplicitDependencyGeneratePcm arm64 /Users/bf/Library/CloudStorage/GoogleDrive-bernynoussi@gmail.com/Mon\ Drive/Formation/Collège\ BDEB/ETE_2026/420-A60-BB\ ALGORITHMES\ D\'APPRENTISSAGE\ PROFOND/Examen\ Final/PasteAsFile/build/SwiftExplicitPrecompiledModules/simd-47O45SMOSXCY2WQONWHPNQET0.pcm

SwiftExplicitDependencyGeneratePcm x86_64 /Users/bf/Library/CloudStorage/GoogleDrive-bernynoussi@gmail.com/Mon\ Drive/Formation/Collège\ BDEB/ETE_2026/420-A60-BB\ ALGORITHMES\ D\'APPRENTISSAGE\ PROFOND/Examen\ Final/PasteAsFile/build/SwiftExplicitPrecompiledModules/simd-4MYT438WROCYRVLPUUKA3WQE2.pcm

SwiftExplicitDependencyGeneratePcm x86_64 /Users/bf/Library/CloudStorage/GoogleDrive-bernynoussi@gmail.com/Mon\ Drive/Formation/Collège\ BDEB/ETE_2026/420-A60-BB\ ALGORITHMES\ D\'APPRENTISSAGE\ PROFOND/Examen\ Final/PasteAsFile/build/SwiftExplicitPrecompiledModules/MachO-1G6RJERUBHQ7NF6YYWIT946QR.pcm

SwiftExplicitDependencyGeneratePcm x86_64 /Users/bf/Library/CloudStorage/GoogleDrive-bernynoussi@gmail.com/Mon\ Drive/Formation/Collège\ BDEB/ETE_2026/420-A60-BB\ ALGORITHMES\ D\'APPRENTISSAGE\ PROFOND/Examen\ Final/PasteAsFile/build/SwiftExplicitPrecompiledModules/libkern-7Y70V67A45TU3520QLRICMBJ1.pcm

SwiftExplicitDependencyGeneratePcm x86_64 /Users/bf/Library/CloudStorage/GoogleDrive-bernynoussi@gmail.com/Mon\ Drive/Formation/Collège\ BDEB/ETE_2026/420-A60-BB\ ALGORITHMES\ D\'APPRENTISSAGE\ PROFOND/Examen\ Final/PasteAsFile/build/SwiftExplicitPrecompiledModules/launch-A2FTUCIWR9E2G3LJOMZMGD7F7.pcm

SwiftExplicitDependencyGeneratePcm x86_64 /Users/bf/Library/CloudStorage/GoogleDrive-bernynoussi@gmail.com/Mon\ Drive/Formation/Collège\ BDEB/ETE_2026/420-A60-BB\ ALGORITHMES\ D\'APPRENTISSAGE\ PROFOND/Examen\ Final/PasteAsFile/build/SwiftExplicitPrecompiledModules/CUPS-5BHVDWQ7QJWWPBEIGDUTFCNZG.pcm

SwiftExplicitDependencyGeneratePcm arm64 /Users/bf/Library/CloudStorage/GoogleDrive-bernynoussi@gmail.com/Mon\ Drive/Formation/Collège\ BDEB/ETE_2026/420-A60-BB\ ALGORITHMES\ D\'APPRENTISSAGE\ PROFOND/Examen\ Final/PasteAsFile/build/SwiftExplicitPrecompiledModules/MachO-ECU64U0VZ60Y3Y6YOX24PM006.pcm

SwiftExplicitDependencyGeneratePcm arm64 /Users/bf/Library/CloudStorage/GoogleDrive-bernynoussi@gmail.com/Mon\ Drive/Formation/Collège\ BDEB/ETE_2026/420-A60-BB\ ALGORITHMES\ D\'APPRENTISSAGE\ PROFOND/Examen\ Final/PasteAsFile/build/SwiftExplicitPrecompiledModules/libkern-BTFHXYKI97PRQ2FLH986SYCM5.pcm

SwiftExplicitDependencyGeneratePcm arm64 /Users/bf/Library/CloudStorage/GoogleDrive-bernynoussi@gmail.com/Mon\ Drive/Formation/Collège\ BDEB/ETE_2026/420-A60-BB\ ALGORITHMES\ D\'APPRENTISSAGE\ PROFOND/Examen\ Final/PasteAsFile/build/SwiftExplicitPrecompiledModules/CUPS-1GO3CTO73OFDDVWMQFS8Q1SDO.pcm

SwiftExplicitDependencyGeneratePcm arm64 /Users/bf/Library/CloudStorage/GoogleDrive-bernynoussi@gmail.com/Mon\ Drive/Formation/Collège\ BDEB/ETE_2026/420-A60-BB\ ALGORITHMES\ D\'APPRENTISSAGE\ PROFOND/Examen\ Final/PasteAsFile/build/SwiftExplicitPrecompiledModules/launch-C0PR7X8FB5PVGHXXLS45EP0IG.pcm

SwiftExplicitDependencyGeneratePcm x86_64 /Users/bf/Library/CloudStorage/GoogleDrive-bernynoussi@gmail.com/Mon\ Drive/Formation/Collège\ BDEB/ETE_2026/420-A60-BB\ ALGORITHMES\ D\'APPRENTISSAGE\ PROFOND/Examen\ Final/PasteAsFile/build/SwiftExplicitPrecompiledModules/ObjectiveC-586JG9LC4CGWCYN2Q4S1N4BM2.pcm

SwiftExplicitDependencyGeneratePcm arm64 /Users/bf/Library/CloudStorage/GoogleDrive-bernynoussi@gmail.com/Mon\ Drive/Formation/Collège\ BDEB/ETE_2026/420-A60-BB\ ALGORITHMES\ D\'APPRENTISSAGE\ PROFOND/Examen\ Final/PasteAsFile/build/SwiftExplicitPrecompiledModules/Spatial-6WVW6P7MRULYAFEUKAK291JN2.pcm

SwiftExplicitDependencyGeneratePcm arm64 /Users/bf/Library/CloudStorage/GoogleDrive-bernynoussi@gmail.com/Mon\ Drive/Formation/Collège\ BDEB/ETE_2026/420-A60-BB\ ALGORITHMES\ D\'APPRENTISSAGE\ PROFOND/Examen\ Final/PasteAsFile/build/SwiftExplicitPrecompiledModules/ObjectiveC-3R4O2UHZ4OHL0EU9G550C4P6K.pcm

SwiftExplicitDependencyGeneratePcm x86_64 /Users/bf/Library/CloudStorage/GoogleDrive-bernynoussi@gmail.com/Mon\ Drive/Formation/Collège\ BDEB/ETE_2026/420-A60-BB\ ALGORITHMES\ D\'APPRENTISSAGE\ PROFOND/Examen\ Final/PasteAsFile/build/SwiftExplicitPrecompiledModules/os_object-5ZYQI89CZ6O10PVMD8FJSK7Q7.pcm

SwiftExplicitDependencyGeneratePcm arm64 /Users/bf/Library/CloudStorage/GoogleDrive-bernynoussi@gmail.com/Mon\ Drive/Formation/Collège\ BDEB/ETE_2026/420-A60-BB\ ALGORITHMES\ D\'APPRENTISSAGE\ PROFOND/Examen\ Final/PasteAsFile/build/SwiftExplicitPrecompiledModules/os_object-CNLS7VQW8E3VTWJ2TCPZAWYTP.pcm

SwiftExplicitDependencyGeneratePcm x86_64 /Users/bf/Library/CloudStorage/GoogleDrive-bernynoussi@gmail.com/Mon\ Drive/Formation/Collège\ BDEB/ETE_2026/420-A60-BB\ ALGORITHMES\ D\'APPRENTISSAGE\ PROFOND/Examen\ Final/PasteAsFile/build/SwiftExplicitPrecompiledModules/os_workgroup-RJHRT9ZT5HV2MD0JFBORR4A5.pcm

SwiftExplicitDependencyGeneratePcm arm64 /Users/bf/Library/CloudStorage/GoogleDrive-bernynoussi@gmail.com/Mon\ Drive/Formation/Collège\ BDEB/ETE_2026/420-A60-BB\ ALGORITHMES\ D\'APPRENTISSAGE\ PROFOND/Examen\ Final/PasteAsFile/build/SwiftExplicitPrecompiledModules/os_workgroup-3N3ZG1BE0P2LL7YAXFNH3A50X.pcm

SwiftExplicitDependencyGeneratePcm x86_64 /Users/bf/Library/CloudStorage/GoogleDrive-bernynoussi@gmail.com/Mon\ Drive/Formation/Collège\ BDEB/ETE_2026/420-A60-BB\ ALGORITHMES\ D\'APPRENTISSAGE\ PROFOND/Examen\ Final/PasteAsFile/build/SwiftExplicitPrecompiledModules/Spatial-3MSF8XHTB246W63J506MTLG1E.pcm

SwiftExplicitDependencyGeneratePcm x86_64 /Users/bf/Library/CloudStorage/GoogleDrive-bernynoussi@gmail.com/Mon\ Drive/Formation/Collège\ BDEB/ETE_2026/420-A60-BB\ ALGORITHMES\ D\'APPRENTISSAGE\ PROFOND/Examen\ Final/PasteAsFile/build/SwiftExplicitPrecompiledModules/Dispatch-3EAHYWNMMNWSG0UWXBHHQLBP1.pcm

SwiftExplicitDependencyGeneratePcm arm64 /Users/bf/Library/CloudStorage/GoogleDrive-bernynoussi@gmail.com/Mon\ Drive/Formation/Collège\ BDEB/ETE_2026/420-A60-BB\ ALGORITHMES\ D\'APPRENTISSAGE\ PROFOND/Examen\ Final/PasteAsFile/build/SwiftExplicitPrecompiledModules/Dispatch-EEU0ZU4REF7K05F9YZB2L2RY9.pcm

SwiftExplicitDependencyGeneratePcm x86_64 /Users/bf/Library/CloudStorage/GoogleDrive-bernynoussi@gmail.com/Mon\ Drive/Formation/Collège\ BDEB/ETE_2026/420-A60-BB\ ALGORITHMES\ D\'APPRENTISSAGE\ PROFOND/Examen\ Final/PasteAsFile/build/SwiftExplicitPrecompiledModules/XPC-IAHRBV69GHUNSA2R95EF8NT3.pcm

SwiftExplicitDependencyGeneratePcm x86_64 /Users/bf/Library/CloudStorage/GoogleDrive-bernynoussi@gmail.com/Mon\ Drive/Formation/Collège\ BDEB/ETE_2026/420-A60-BB\ ALGORITHMES\ D\'APPRENTISSAGE\ PROFOND/Examen\ Final/PasteAsFile/build/SwiftExplicitPrecompiledModules/CoreFoundation-BI7TZZMEIY3LC0Y0XMLQFX4GC.pcm

SwiftExplicitDependencyGeneratePcm arm64 /Users/bf/Library/CloudStorage/GoogleDrive-bernynoussi@gmail.com/Mon\ Drive/Formation/Collège\ BDEB/ETE_2026/420-A60-BB\ ALGORITHMES\ D\'APPRENTISSAGE\ PROFOND/Examen\ Final/PasteAsFile/build/SwiftExplicitPrecompiledModules/CoreFoundation-5EAERW3WNL3EDKX2Q6X1FQ6IM.pcm

SwiftExplicitDependencyGeneratePcm arm64 /Users/bf/Library/CloudStorage/GoogleDrive-bernynoussi@gmail.com/Mon\ Drive/Formation/Collège\ BDEB/ETE_2026/420-A60-BB\ ALGORITHMES\ D\'APPRENTISSAGE\ PROFOND/Examen\ Final/PasteAsFile/build/SwiftExplicitPrecompiledModules/XPC-DLZXHQQRLU0S16AN71INNRFES.pcm

SwiftExplicitDependencyGeneratePcm x86_64 /Users/bf/Library/CloudStorage/GoogleDrive-bernynoussi@gmail.com/Mon\ Drive/Formation/Collège\ BDEB/ETE_2026/420-A60-BB\ ALGORITHMES\ D\'APPRENTISSAGE\ PROFOND/Examen\ Final/PasteAsFile/build/SwiftExplicitPrecompiledModules/os-9VN9FC98FHWA9FPJN1HFRROR2.pcm

SwiftExplicitDependencyGeneratePcm x86_64 /Users/bf/Library/CloudStorage/GoogleDrive-bernynoussi@gmail.com/Mon\ Drive/Formation/Collège\ BDEB/ETE_2026/420-A60-BB\ ALGORITHMES\ D\'APPRENTISSAGE\ PROFOND/Examen\ Final/PasteAsFile/build/SwiftExplicitPrecompiledModules/IOKit-9RDBFE3ANRD1Z0W5IQQT1SF8I.pcm

SwiftExplicitDependencyGeneratePcm x86_64 /Users/bf/Library/CloudStorage/GoogleDrive-bernynoussi@gmail.com/Mon\ Drive/Formation/Collège\ BDEB/ETE_2026/420-A60-BB\ ALGORITHMES\ D\'APPRENTISSAGE\ PROFOND/Examen\ Final/PasteAsFile/build/SwiftExplicitPrecompiledModules/ColorSync-AJMR4AKT1G9EHPG8E6NS0Q66B.pcm

SwiftExplicitDependencyGeneratePcm x86_64 /Users/bf/Library/CloudStorage/GoogleDrive-bernynoussi@gmail.com/Mon\ Drive/Formation/Collège\ BDEB/ETE_2026/420-A60-BB\ ALGORITHMES\ D\'APPRENTISSAGE\ PROFOND/Examen\ Final/PasteAsFile/build/SwiftExplicitPrecompiledModules/CFNetwork-6FGDWO4N32VM4W2OVYXP4WWC0.pcm

SwiftExplicitDependencyGeneratePcm x86_64 /Users/bf/Library/CloudStorage/GoogleDrive-bernynoussi@gmail.com/Mon\ Drive/Formation/Collège\ BDEB/ETE_2026/420-A60-BB\ ALGORITHMES\ D\'APPRENTISSAGE\ PROFOND/Examen\ Final/PasteAsFile/build/SwiftExplicitPrecompiledModules/Security-5GOG8RI48CRZUET1WT6L5EAC6.pcm

SwiftExplicitDependencyGeneratePcm arm64 /Users/bf/Library/CloudStorage/GoogleDrive-bernynoussi@gmail.com/Mon\ Drive/Formation/Collège\ BDEB/ETE_2026/420-A60-BB\ ALGORITHMES\ D\'APPRENTISSAGE\ PROFOND/Examen\ Final/PasteAsFile/build/SwiftExplicitPrecompiledModules/os-85S1CAMD7I2G73KVS66KU6X50.pcm

SwiftExplicitDependencyGeneratePcm arm64 /Users/bf/Library/CloudStorage/GoogleDrive-bernynoussi@gmail.com/Mon\ Drive/Formation/Collège\ BDEB/ETE_2026/420-A60-BB\ ALGORITHMES\ D\'APPRENTISSAGE\ PROFOND/Examen\ Final/PasteAsFile/build/SwiftExplicitPrecompiledModules/CFNetwork-BT2CV41E8QK7GYAE23RYHNA86.pcm

SwiftExplicitDependencyGeneratePcm arm64 /Users/bf/Library/CloudStorage/GoogleDrive-bernynoussi@gmail.com/Mon\ Drive/Formation/Collège\ BDEB/ETE_2026/420-A60-BB\ ALGORITHMES\ D\'APPRENTISSAGE\ PROFOND/Examen\ Final/PasteAsFile/build/SwiftExplicitPrecompiledModules/ColorSync-I889ZMWM6CX5W494J4KR1437.pcm

SwiftExplicitDependencyGeneratePcm arm64 /Users/bf/Library/CloudStorage/GoogleDrive-bernynoussi@gmail.com/Mon\ Drive/Formation/Collège\ BDEB/ETE_2026/420-A60-BB\ ALGORITHMES\ D\'APPRENTISSAGE\ PROFOND/Examen\ Final/PasteAsFile/build/SwiftExplicitPrecompiledModules/Security-89LAGMCQM4CEUM1M1GDQ06WGB.pcm

SwiftExplicitDependencyGeneratePcm arm64 /Users/bf/Library/CloudStorage/GoogleDrive-bernynoussi@gmail.com/Mon\ Drive/Formation/Collège\ BDEB/ETE_2026/420-A60-BB\ ALGORITHMES\ D\'APPRENTISSAGE\ PROFOND/Examen\ Final/PasteAsFile/build/SwiftExplicitPrecompiledModules/IOKit-45QP707H6ZF1SNAD3CFNWF2LJ.pcm

SwiftExplicitDependencyGeneratePcm x86_64 /Users/bf/Library/CloudStorage/GoogleDrive-bernynoussi@gmail.com/Mon\ Drive/Formation/Collège\ BDEB/ETE_2026/420-A60-BB\ ALGORITHMES\ D\'APPRENTISSAGE\ PROFOND/Examen\ Final/PasteAsFile/build/SwiftExplicitPrecompiledModules/DiskArbitration-CHT6IPCWLSC4J0CTSTF1IFXJG.pcm

SwiftExplicitDependencyGeneratePcm x86_64 /Users/bf/Library/CloudStorage/GoogleDrive-bernynoussi@gmail.com/Mon\ Drive/Formation/Collège\ BDEB/ETE_2026/420-A60-BB\ ALGORITHMES\ D\'APPRENTISSAGE\ PROFOND/Examen\ Final/PasteAsFile/build/SwiftExplicitPrecompiledModules/CoreGraphics-3SLZWZ6XVKLWOYAC602P5IW0.pcm

SwiftExplicitDependencyGeneratePcm arm64 /Users/bf/Library/CloudStorage/GoogleDrive-bernynoussi@gmail.com/Mon\ Drive/Formation/Collège\ BDEB/ETE_2026/420-A60-BB\ ALGORITHMES\ D\'APPRENTISSAGE\ PROFOND/Examen\ Final/PasteAsFile/build/SwiftExplicitPrecompiledModules/DiskArbitration-5VA24WRAWSR7JCULE2OSDAW1U.pcm

SwiftExplicitDependencyGeneratePcm arm64 /Users/bf/Library/CloudStorage/GoogleDrive-bernynoussi@gmail.com/Mon\ Drive/Formation/Collège\ BDEB/ETE_2026/420-A60-BB\ ALGORITHMES\ D\'APPRENTISSAGE\ PROFOND/Examen\ Final/PasteAsFile/build/SwiftExplicitPrecompiledModules/CoreGraphics-UEQQIAQL7CB582BJ0136M4Y6.pcm

SwiftExplicitDependencyGeneratePcm x86_64 /Users/bf/Library/CloudStorage/GoogleDrive-bernynoussi@gmail.com/Mon\ Drive/Formation/Collège\ BDEB/ETE_2026/420-A60-BB\ ALGORITHMES\ D\'APPRENTISSAGE\ PROFOND/Examen\ Final/PasteAsFile/build/SwiftExplicitPrecompiledModules/CoreServices-46X1ZI57RP9XYS2T30BA53RFI.pcm

SwiftExplicitDependencyGeneratePcm arm64 /Users/bf/Library/CloudStorage/GoogleDrive-bernynoussi@gmail.com/Mon\ Drive/Formation/Collège\ BDEB/ETE_2026/420-A60-BB\ ALGORITHMES\ D\'APPRENTISSAGE\ PROFOND/Examen\ Final/PasteAsFile/build/SwiftExplicitPrecompiledModules/CoreServices-3IJ1R90ZHG274PBMEVDIXB79I.pcm

SwiftExplicitDependencyGeneratePcm x86_64 /Users/bf/Library/CloudStorage/GoogleDrive-bernynoussi@gmail.com/Mon\ Drive/Formation/Collège\ BDEB/ETE_2026/420-A60-BB\ ALGORITHMES\ D\'APPRENTISSAGE\ PROFOND/Examen\ Final/PasteAsFile/build/SwiftExplicitPrecompiledModules/ImageIO-AKZHSSGYDO8SO2QL3ID2PBT91.pcm

SwiftExplicitDependencyGeneratePcm x86_64 /Users/bf/Library/CloudStorage/GoogleDrive-bernynoussi@gmail.com/Mon\ Drive/Formation/Collège\ BDEB/ETE_2026/420-A60-BB\ ALGORITHMES\ D\'APPRENTISSAGE\ PROFOND/Examen\ Final/PasteAsFile/build/SwiftExplicitPrecompiledModules/CoreText-4ESTEL7TBDUJRUAYLRQ61MW3U.pcm

SwiftExplicitDependencyGeneratePcm arm64 /Users/bf/Library/CloudStorage/GoogleDrive-bernynoussi@gmail.com/Mon\ Drive/Formation/Collège\ BDEB/ETE_2026/420-A60-BB\ ALGORITHMES\ D\'APPRENTISSAGE\ PROFOND/Examen\ Final/PasteAsFile/build/SwiftExplicitPrecompiledModules/ImageIO-AVWIGDDEXLJ5C0RPRCF5X4CI9.pcm

SwiftExplicitDependencyGeneratePcm arm64 /Users/bf/Library/CloudStorage/GoogleDrive-bernynoussi@gmail.com/Mon\ Drive/Formation/Collège\ BDEB/ETE_2026/420-A60-BB\ ALGORITHMES\ D\'APPRENTISSAGE\ PROFOND/Examen\ Final/PasteAsFile/build/SwiftExplicitPrecompiledModules/CoreText-6LKU8EKPUQKMVLT87NM64CZPD.pcm

SwiftExplicitDependencyGeneratePcm x86_64 /Users/bf/Library/CloudStorage/GoogleDrive-bernynoussi@gmail.com/Mon\ Drive/Formation/Collège\ BDEB/ETE_2026/420-A60-BB\ ALGORITHMES\ D\'APPRENTISSAGE\ PROFOND/Examen\ Final/PasteAsFile/build/SwiftExplicitPrecompiledModules/Foundation-EW5FV2AEC6LSTAPLBTDND0BN9.pcm

SwiftExplicitDependencyGeneratePcm arm64 /Users/bf/Library/CloudStorage/GoogleDrive-bernynoussi@gmail.com/Mon\ Drive/Formation/Collège\ BDEB/ETE_2026/420-A60-BB\ ALGORITHMES\ D\'APPRENTISSAGE\ PROFOND/Examen\ Final/PasteAsFile/build/SwiftExplicitPrecompiledModules/Foundation-7BN7SVD86GVP1ERZIXC7BJXDC.pcm

SwiftExplicitDependencyGeneratePcm x86_64 /Users/bf/Library/CloudStorage/GoogleDrive-bernynoussi@gmail.com/Mon\ Drive/Formation/Collège\ BDEB/ETE_2026/420-A60-BB\ ALGORITHMES\ D\'APPRENTISSAGE\ PROFOND/Examen\ Final/PasteAsFile/build/SwiftExplicitPrecompiledModules/UniformTypeIdentifiers-5K1EEF5ZAH2HAVKGW014KHRL9.pcm

SwiftExplicitDependencyGeneratePcm x86_64 /Users/bf/Library/CloudStorage/GoogleDrive-bernynoussi@gmail.com/Mon\ Drive/Formation/Collège\ BDEB/ETE_2026/420-A60-BB\ ALGORITHMES\ D\'APPRENTISSAGE\ PROFOND/Examen\ Final/PasteAsFile/build/SwiftExplicitPrecompiledModules/OSLog-75Z0O8R0KHNPUN59JKVH2JOO6.pcm

SwiftExplicitDependencyGeneratePcm x86_64 /Users/bf/Library/CloudStorage/GoogleDrive-bernynoussi@gmail.com/Mon\ Drive/Formation/Collège\ BDEB/ETE_2026/420-A60-BB\ ALGORITHMES\ D\'APPRENTISSAGE\ PROFOND/Examen\ Final/PasteAsFile/build/SwiftExplicitPrecompiledModules/Symbols-4O3BO8EZRRLN08ZZU72UBQLXV.pcm

SwiftExplicitDependencyGeneratePcm x86_64 /Users/bf/Library/CloudStorage/GoogleDrive-bernynoussi@gmail.com/Mon\ Drive/Formation/Collège\ BDEB/ETE_2026/420-A60-BB\ ALGORITHMES\ D\'APPRENTISSAGE\ PROFOND/Examen\ Final/PasteAsFile/build/SwiftExplicitPrecompiledModules/CoreTransferable-4RZDC79DBDOWFZ1TSAB325WBZ.pcm

SwiftExplicitDependencyGeneratePcm x86_64 /Users/bf/Library/CloudStorage/GoogleDrive-bernynoussi@gmail.com/Mon\ Drive/Formation/Collège\ BDEB/ETE_2026/420-A60-BB\ ALGORITHMES\ D\'APPRENTISSAGE\ PROFOND/Examen\ Final/PasteAsFile/build/SwiftExplicitPrecompiledModules/IOSurface-DR34PSBLDLPLX6BLENYZ4ZD1U.pcm

SwiftExplicitDependencyGeneratePcm x86_64 /Users/bf/Library/CloudStorage/GoogleDrive-bernynoussi@gmail.com/Mon\ Drive/Formation/Collège\ BDEB/ETE_2026/420-A60-BB\ ALGORITHMES\ D\'APPRENTISSAGE\ PROFOND/Examen\ Final/PasteAsFile/build/SwiftExplicitPrecompiledModules/DataDetection-6LTM5R6VZFE8PKYZZJZBP6U1F.pcm

SwiftExplicitDependencyGeneratePcm x86_64 /Users/bf/Library/CloudStorage/GoogleDrive-bernynoussi@gmail.com/Mon\ Drive/Formation/Collège\ BDEB/ETE_2026/420-A60-BB\ ALGORITHMES\ D\'APPRENTISSAGE\ PROFOND/Examen\ Final/PasteAsFile/build/SwiftExplicitPrecompiledModules/CoreData-4UF36OG946C1KOEL067RP4UAS.pcm

SwiftExplicitDependencyGeneratePcm x86_64 /Users/bf/Library/CloudStorage/GoogleDrive-bernynoussi@gmail.com/Mon\ Drive/Formation/Collège\ BDEB/ETE_2026/420-A60-BB\ ALGORITHMES\ D\'APPRENTISSAGE\ PROFOND/Examen\ Final/PasteAsFile/build/SwiftExplicitPrecompiledModules/Accessibility-8OAUDLYGNYXTTGKK06AEXT5CH.pcm

SwiftExplicitDependencyGeneratePcm x86_64 /Users/bf/Library/CloudStorage/GoogleDrive-bernynoussi@gmail.com/Mon\ Drive/Formation/Collège\ BDEB/ETE_2026/420-A60-BB\ ALGORITHMES\ D\'APPRENTISSAGE\ PROFOND/Examen\ Final/PasteAsFile/build/SwiftExplicitPrecompiledModules/ApplicationServices-4KS0BUA35AK3VQMNV1FL2RNML.pcm

SwiftExplicitDependencyGeneratePcm arm64 /Users/bf/Library/CloudStorage/GoogleDrive-bernynoussi@gmail.com/Mon\ Drive/Formation/Collège\ BDEB/ETE_2026/420-A60-BB\ ALGORITHMES\ D\'APPRENTISSAGE\ PROFOND/Examen\ Final/PasteAsFile/build/SwiftExplicitPrecompiledModules/Symbols-19YO9FB7Z0TF6CBYUVKB5B19L.pcm

SwiftExplicitDependencyGeneratePcm arm64 /Users/bf/Library/CloudStorage/GoogleDrive-bernynoussi@gmail.com/Mon\ Drive/Formation/Collège\ BDEB/ETE_2026/420-A60-BB\ ALGORITHMES\ D\'APPRENTISSAGE\ PROFOND/Examen\ Final/PasteAsFile/build/SwiftExplicitPrecompiledModules/OSLog-9QHXMOYYWBOMW0IFJGR3ODT37.pcm

SwiftExplicitDependencyGeneratePcm arm64 /Users/bf/Library/CloudStorage/GoogleDrive-bernynoussi@gmail.com/Mon\ Drive/Formation/Collège\ BDEB/ETE_2026/420-A60-BB\ ALGORITHMES\ D\'APPRENTISSAGE\ PROFOND/Examen\ Final/PasteAsFile/build/SwiftExplicitPrecompiledModules/CoreTransferable-4P5YU0XUJ8J18HY4QOZBX3A4R.pcm

SwiftExplicitDependencyGeneratePcm arm64 /Users/bf/Library/CloudStorage/GoogleDrive-bernynoussi@gmail.com/Mon\ Drive/Formation/Collège\ BDEB/ETE_2026/420-A60-BB\ ALGORITHMES\ D\'APPRENTISSAGE\ PROFOND/Examen\ Final/PasteAsFile/build/SwiftExplicitPrecompiledModules/Accessibility-6DD7WPKCBY0WMROWOER0CSDV0.pcm

SwiftExplicitDependencyGeneratePcm arm64 /Users/bf/Library/CloudStorage/GoogleDrive-bernynoussi@gmail.com/Mon\ Drive/Formation/Collège\ BDEB/ETE_2026/420-A60-BB\ ALGORITHMES\ D\'APPRENTISSAGE\ PROFOND/Examen\ Final/PasteAsFile/build/SwiftExplicitPrecompiledModules/CoreData-B7D6PZTTV8AB43TB0OJGWAX2C.pcm

SwiftExplicitDependencyGeneratePcm arm64 /Users/bf/Library/CloudStorage/GoogleDrive-bernynoussi@gmail.com/Mon\ Drive/Formation/Collège\ BDEB/ETE_2026/420-A60-BB\ ALGORITHMES\ D\'APPRENTISSAGE\ PROFOND/Examen\ Final/PasteAsFile/build/SwiftExplicitPrecompiledModules/UniformTypeIdentifiers-5HESWL7QO1A7DAX9J38ZJQS0S.pcm

SwiftExplicitDependencyGeneratePcm arm64 /Users/bf/Library/CloudStorage/GoogleDrive-bernynoussi@gmail.com/Mon\ Drive/Formation/Collège\ BDEB/ETE_2026/420-A60-BB\ ALGORITHMES\ D\'APPRENTISSAGE\ PROFOND/Examen\ Final/PasteAsFile/build/SwiftExplicitPrecompiledModules/IOSurface-BGVD41DHEPQJT79SKVG2WDEBI.pcm

SwiftExplicitDependencyGeneratePcm arm64 /Users/bf/Library/CloudStorage/GoogleDrive-bernynoussi@gmail.com/Mon\ Drive/Formation/Collège\ BDEB/ETE_2026/420-A60-BB\ ALGORITHMES\ D\'APPRENTISSAGE\ PROFOND/Examen\ Final/PasteAsFile/build/SwiftExplicitPrecompiledModules/ApplicationServices-24K3G2W62KZ1N944W688NZDHQ.pcm

SwiftExplicitDependencyGeneratePcm arm64 /Users/bf/Library/CloudStorage/GoogleDrive-bernynoussi@gmail.com/Mon\ Drive/Formation/Collège\ BDEB/ETE_2026/420-A60-BB\ ALGORITHMES\ D\'APPRENTISSAGE\ PROFOND/Examen\ Final/PasteAsFile/build/SwiftExplicitPrecompiledModules/DataDetection-ER2Y1QL6RF158YXJLD5TMDVX5.pcm

SwiftExplicitDependencyGeneratePcm x86_64 /Users/bf/Library/CloudStorage/GoogleDrive-bernynoussi@gmail.com/Mon\ Drive/Formation/Collège\ BDEB/ETE_2026/420-A60-BB\ ALGORITHMES\ D\'APPRENTISSAGE\ PROFOND/Examen\ Final/PasteAsFile/build/SwiftExplicitPrecompiledModules/OpenGL-D2A69YTJ4FN2WWJDCLFE710Q3.pcm

SwiftExplicitDependencyGeneratePcm x86_64 /Users/bf/Library/CloudStorage/GoogleDrive-bernynoussi@gmail.com/Mon\ Drive/Formation/Collège\ BDEB/ETE_2026/420-A60-BB\ ALGORITHMES\ D\'APPRENTISSAGE\ PROFOND/Examen\ Final/PasteAsFile/build/SwiftExplicitPrecompiledModules/Metal-2EL83V7IAYWMIJ5RLNHNNTR3T.pcm

SwiftExplicitDependencyGeneratePcm arm64 /Users/bf/Library/CloudStorage/GoogleDrive-bernynoussi@gmail.com/Mon\ Drive/Formation/Collège\ BDEB/ETE_2026/420-A60-BB\ ALGORITHMES\ D\'APPRENTISSAGE\ PROFOND/Examen\ Final/PasteAsFile/build/SwiftExplicitPrecompiledModules/Metal-5RB4QW8CF5POIMZZO6C818CB7.pcm

SwiftExplicitDependencyGeneratePcm arm64 /Users/bf/Library/CloudStorage/GoogleDrive-bernynoussi@gmail.com/Mon\ Drive/Formation/Collège\ BDEB/ETE_2026/420-A60-BB\ ALGORITHMES\ D\'APPRENTISSAGE\ PROFOND/Examen\ Final/PasteAsFile/build/SwiftExplicitPrecompiledModules/OpenGL-8XZUU7Y95IHE5G6IQX7YD7PFX.pcm

SwiftExplicitDependencyGeneratePcm x86_64 /Users/bf/Library/CloudStorage/GoogleDrive-bernynoussi@gmail.com/Mon\ Drive/Formation/Collège\ BDEB/ETE_2026/420-A60-BB\ ALGORITHMES\ D\'APPRENTISSAGE\ PROFOND/Examen\ Final/PasteAsFile/build/SwiftExplicitPrecompiledModules/CoreVideo-E4KVMHO2YLT2WPDVGR05IJVHN.pcm

SwiftExplicitDependencyGeneratePcm arm64 /Users/bf/Library/CloudStorage/GoogleDrive-bernynoussi@gmail.com/Mon\ Drive/Formation/Collège\ BDEB/ETE_2026/420-A60-BB\ ALGORITHMES\ D\'APPRENTISSAGE\ PROFOND/Examen\ Final/PasteAsFile/build/SwiftExplicitPrecompiledModules/CoreVideo-54UFW5YYRWJO1BQM3C68W3DEA.pcm

SwiftExplicitDependencyGeneratePcm x86_64 /Users/bf/Library/CloudStorage/GoogleDrive-bernynoussi@gmail.com/Mon\ Drive/Formation/Collège\ BDEB/ETE_2026/420-A60-BB\ ALGORITHMES\ D\'APPRENTISSAGE\ PROFOND/Examen\ Final/PasteAsFile/build/SwiftExplicitPrecompiledModules/CoreImage-5L3BK8GBWPW6Z4IX934ED33LT.pcm

SwiftExplicitDependencyGeneratePcm x86_64 /Users/bf/Library/CloudStorage/GoogleDrive-bernynoussi@gmail.com/Mon\ Drive/Formation/Collège\ BDEB/ETE_2026/420-A60-BB\ ALGORITHMES\ D\'APPRENTISSAGE\ PROFOND/Examen\ Final/PasteAsFile/build/SwiftExplicitPrecompiledModules/QuartzCore-5M0QSNHLNTI78D48V22PMWKPH.pcm

SwiftExplicitDependencyGeneratePcm arm64 /Users/bf/Library/CloudStorage/GoogleDrive-bernynoussi@gmail.com/Mon\ Drive/Formation/Collège\ BDEB/ETE_2026/420-A60-BB\ ALGORITHMES\ D\'APPRENTISSAGE\ PROFOND/Examen\ Final/PasteAsFile/build/SwiftExplicitPrecompiledModules/CoreImage-D7V3ESN92J0OLBTP6HF5G1M4W.pcm

SwiftExplicitDependencyGeneratePcm arm64 /Users/bf/Library/CloudStorage/GoogleDrive-bernynoussi@gmail.com/Mon\ Drive/Formation/Collège\ BDEB/ETE_2026/420-A60-BB\ ALGORITHMES\ D\'APPRENTISSAGE\ PROFOND/Examen\ Final/PasteAsFile/build/SwiftExplicitPrecompiledModules/QuartzCore-BILUYKQI790PHDO9B1S4HWZYG.pcm

SwiftExplicitDependencyGeneratePcm x86_64 /Users/bf/Library/CloudStorage/GoogleDrive-bernynoussi@gmail.com/Mon\ Drive/Formation/Collège\ BDEB/ETE_2026/420-A60-BB\ ALGORITHMES\ D\'APPRENTISSAGE\ PROFOND/Examen\ Final/PasteAsFile/build/SwiftExplicitPrecompiledModules/SwiftUICore-4TCANX27G207IZGRN83AR0TF1.pcm

SwiftExplicitDependencyGeneratePcm x86_64 /Users/bf/Library/CloudStorage/GoogleDrive-bernynoussi@gmail.com/Mon\ Drive/Formation/Collège\ BDEB/ETE_2026/420-A60-BB\ ALGORITHMES\ D\'APPRENTISSAGE\ PROFOND/Examen\ Final/PasteAsFile/build/SwiftExplicitPrecompiledModules/AppKit-AKZYG3DMM5ZCDMSBKPJCZZQ9.pcm

SwiftExplicitDependencyGeneratePcm arm64 /Users/bf/Library/CloudStorage/GoogleDrive-bernynoussi@gmail.com/Mon\ Drive/Formation/Collège\ BDEB/ETE_2026/420-A60-BB\ ALGORITHMES\ D\'APPRENTISSAGE\ PROFOND/Examen\ Final/PasteAsFile/build/SwiftExplicitPrecompiledModules/SwiftUICore-DDLN7XN2E1ORA580FUTCWL2VN.pcm

SwiftExplicitDependencyGeneratePcm arm64 /Users/bf/Library/CloudStorage/GoogleDrive-bernynoussi@gmail.com/Mon\ Drive/Formation/Collège\ BDEB/ETE_2026/420-A60-BB\ ALGORITHMES\ D\'APPRENTISSAGE\ PROFOND/Examen\ Final/PasteAsFile/build/SwiftExplicitPrecompiledModules/AppKit-1ECIABXOZ3U656PZJ8J6YHK02.pcm

SwiftCompile normal x86_64 Compiling\ AppDelegate.swift,\ Main.swift /Users/bf/Library/CloudStorage/GoogleDrive-bernynoussi@gmail.com/Mon\ Drive/Formation/Collège\ BDEB/ETE_2026/420-A60-BB\ ALGORITHMES\ D\'APPRENTISSAGE\ PROFOND/Examen\ Final/PasteAsFile/PasteAsFile/AppDelegate.swift /Users/bf/Library/CloudStorage/GoogleDrive-bernynoussi@gmail.com/Mon\ Drive/Formation/Collège\ BDEB/ETE_2026/420-A60-BB\ ALGORITHMES\ D\'APPRENTISSAGE\ PROFOND/Examen\ Final/PasteAsFile/PasteAsFile/Main.swift /Applications/Xcode.app/Contents/Developer/Toolchains/XcodeDefault.xctoolchain/usr/lib/swift/macosx/prebuilt-modules/27.0/ColorSync.swiftmodule/x86_64-apple-macos.swiftmodule /Applications/Xcode.app/Contents/Developer/Toolchains/XcodeDefault.xctoolchain/usr/lib/swift/macosx/prebuilt-modules/27.0/Observation.swiftmodule/x86_64-apple-macos.swiftmodule /Applications/Xcode.app/Contents/Developer/Toolchains/XcodeDefault.xctoolchain/usr/lib/swift/macosx/prebuilt-modules/27.0/_DarwinFoundation1.swiftmodule/x86_64-apple-macos.swiftmodule /Applications/Xcode.app/Contents/Developer/Toolchains/XcodeDefault.xctoolchain/usr/lib/swift/macosx/prebuilt-modules/27.0/AppKit.swiftmodule/x86_64-apple-macos.swiftmodule /Applications/Xcode.app/Contents/Developer/Toolchains/XcodeDefault.xctoolchain/usr/lib/swift/macosx/prebuilt-modules/27.0/_Concurrency.swiftmodule/x86_64-apple-macos.swiftmodule /Applications/Xcode.app/Contents/Developer/Toolchains/XcodeDefault.xctoolchain/usr/lib/swift/macosx/prebuilt-modules/27.0/DeveloperToolsSupport.swiftmodule/x86_64-apple-macos.swiftmodule /Applications/Xcode.app/Contents/Developer/Toolchains/XcodeDefault.xctoolchain/usr/lib/swift/macosx/prebuilt-modules/27.0/OSLog.swiftmodule/x86_64-apple-macos.swiftmodule /Applications/Xcode.app/Contents/Developer/Toolchains/XcodeDefault.xctoolchain/usr/lib/swift/macosx/prebuilt-modules/27.0/DataDetection.swiftmodule/x86_64-apple-macos.swiftmodule /Applications/Xcode.app/Contents/Developer/Toolchains/XcodeDefault.xctoolchain/usr/lib/swift/macosx/prebuilt-modules/27.0/_DarwinFoundation2.swiftmodule/x86_64-apple-macos.swiftmodule /Applications/Xcode.app/Contents/Developer/Toolchains/XcodeDefault.xctoolchain/usr/lib/swift/macosx/prebuilt-modules/27.0/System.swiftmodule/x86_64-apple-macos.swiftmodule /Applications/Xcode.app/Contents/Developer/Toolchains/XcodeDefault.xctoolchain/usr/lib/swift/macosx/prebuilt-modules/27.0/_StringProcessing.swiftmodule/x86_64-apple-macos.swiftmodule /Applications/Xcode.app/Contents/Developer/Toolchains/XcodeDefault.xctoolchain/usr/lib/swift/macosx/prebuilt-modules/27.0/CoreData.swiftmodule/x86_64-apple-macos.swiftmodule /Applications/Xcode.app/Contents/Developer/Toolchains/XcodeDefault.xctoolchain/usr/lib/swift/macosx/prebuilt-modules/27.0/CoreImage.swiftmodule/x86_64-apple-macos.swiftmodule /Applications/Xcode.app/Contents/Developer/Toolchains/XcodeDefault.xctoolchain/usr/lib/swift/macosx/prebuilt-modules/27.0/CoreFoundation.swiftmodule/x86_64-apple-macos.swiftmodule /Applications/Xcode.app/Contents/Developer/Toolchains/XcodeDefault.xctoolchain/usr/lib/swift/macosx/prebuilt-modules/27.0/ImageIO.swiftmodule/x86_64-apple-macos.swiftmodule /Applications/Xcode.app/Contents/Developer/Toolchains/XcodeDefault.xctoolchain/usr/lib/swift/macosx/prebuilt-modules/27.0/CoreGraphics.swiftmodule/x86_64-apple-macos.swiftmodule /Applications/Xcode.app/Contents/Developer/Toolchains/XcodeDefault.xctoolchain/usr/lib/swift/macosx/prebuilt-modules/27.0/CoreVideo.swiftmodule/x86_64-apple-macos.swiftmodule /Applications/Xcode.app/Contents/Developer/Toolchains/XcodeDefault.xctoolchain/usr/lib/swift/macosx/prebuilt-modules/27.0/os.swiftmodule/x86_64-apple-macos.swiftmodule /Applications/Xcode.app/Contents/Developer/Toolchains/XcodeDefault.xctoolchain/usr/lib/swift/macosx/prebuilt-modules/27.0/UniformTypeIdentifiers.swiftmodule/x86_64-apple-macos.swiftmodule /Applications/Xcode.app/Contents/Developer/Toolchains/XcodeDefault.xctoolchain/usr/lib/swift/macosx/prebuilt-modules/27.0/Foundation.swiftmodule/x86_64-apple-macos.swiftmodule /Applications/Xcode.app/Contents/Developer/Toolchains/XcodeDefault.xctoolchain/usr/lib/swift/macosx/prebuilt-modules/27.0/Dispatch.swiftmodule/x86_64-apple-macos.swiftmodule /Applications/Xcode.app/Contents/Developer/Toolchains/XcodeDefault.xctoolchain/usr/lib/swift/macosx/prebuilt-modules/27.0/Swift.swiftmodule/x86_64-apple-macos.swiftmodule /Applications/Xcode.app/Contents/Developer/Toolchains/XcodeDefault.xctoolchain/usr/lib/swift/macosx/prebuilt-modules/27.0/_Builtin_float.swiftmodule/x86_64-apple-macos.swiftmodule /Applications/Xcode.app/Contents/Developer/Toolchains/XcodeDefault.xctoolchain/usr/lib/swift/macosx/prebuilt-modules/27.0/simd.swiftmodule/x86_64-apple-macos.swiftmodule /Applications/Xcode.app/Contents/Developer/Toolchains/XcodeDefault.xctoolchain/usr/lib/swift/macosx/prebuilt-modules/27.0/ObjectiveC.swiftmodule/x86_64-apple-macos.swiftmodule /Applications/Xcode.app/Contents/Developer/Toolchains/XcodeDefault.xctoolchain/usr/lib/swift/macosx/prebuilt-modules/27.0/QuartzCore.swiftmodule/x86_64-apple-macos.swiftmodule /Applications/Xcode.app/Contents/Developer/Toolchains/XcodeDefault.xctoolchain/usr/lib/swift/macosx/prebuilt-modules/27.0/IOKit.swiftmodule/x86_64-apple-macos.swiftmodule /Applications/Xcode.app/Contents/Developer/Toolchains/XcodeDefault.xctoolchain/usr/lib/swift/macosx/prebuilt-modules/27.0/XPC.swiftmodule/x86_64-apple-macos.swiftmodule /Applications/Xcode.app/Contents/Developer/Toolchains/XcodeDefault.xctoolchain/usr/lib/swift/macosx/prebuilt-modules/27.0/CoreTransferable.swiftmodule/x86_64-apple-macos.swiftmodule /Applications/Xcode.app/Contents/Developer/Toolchains/XcodeDefault.xctoolchain/usr/lib/swift/macosx/prebuilt-modules/27.0/Accessibility.swiftmodule/x86_64-apple-macos.swiftmodule /Applications/Xcode.app/Contents/Developer/Toolchains/XcodeDefault.xctoolchain/usr/lib/swift/macosx/prebuilt-modules/27.0/CoreText.swiftmodule/x86_64-apple-macos.swiftmodule /Applications/Xcode.app/Contents/Developer/Toolchains/XcodeDefault.xctoolchain/usr/lib/swift/macosx/prebuilt-modules/27.0/Metal.swiftmodule/x86_64-apple-macos.swiftmodule /Applications/Xcode.app/Contents/Developer/Toolchains/XcodeDefault.xctoolchain/usr/lib/swift/macosx/prebuilt-modules/27.0/SwiftUICore.swiftmodule/x86_64-apple-macos.swiftmodule /Applications/Xcode.app/Contents/Developer/Toolchains/XcodeDefault.xctoolchain/usr/lib/swift/macosx/prebuilt-modules/27.0/Combine.swiftmodule/x86_64-apple-macos.swiftmodule /Applications/Xcode.app/Contents/Developer/Toolchains/XcodeDefault.xctoolchain/usr/lib/swift/macosx/prebuilt-modules/27.0/_DarwinFoundation3.swiftmodule/x86_64-apple-macos.swiftmodule /Applications/Xcode.app/Contents/Developer/Toolchains/XcodeDefault.xctoolchain/usr/lib/swift/macosx/prebuilt-modules/27.0/Darwin.swiftmodule/x86_64-apple-macos.swiftmodule /Applications/Xcode.app/Contents/Developer/Toolchains/XcodeDefault.xctoolchain/usr/lib/swift/macosx/prebuilt-modules/27.0/Spatial.swiftmodule/x86_64-apple-macos.swiftmodule /Applications/Xcode.app/Contents/Developer/Toolchains/XcodeDefault.xctoolchain/usr/lib/swift/macosx/prebuilt-modules/27.0/Symbols.swiftmodule/x86_64-apple-macos.swiftmodule /Users/bf/Library/CloudStorage/GoogleDrive-bernynoussi@gmail.com/Mon\ Drive/Formation/Collège\ BDEB/ETE_2026/420-A60-BB\ ALGORITHMES\ D\'APPRENTISSAGE\ PROFOND/Examen\ Final/PasteAsFile/build/SwiftExplicitPrecompiledModules/CoreFoundation-BI7TZZMEIY3LC0Y0XMLQFX4GC.pcm /Users/bf/Library/CloudStorage/GoogleDrive-bernynoussi@gmail.com/Mon\ Drive/Formation/Collège\ BDEB/ETE_2026/420-A60-BB\ ALGORITHMES\ D\'APPRENTISSAGE\ PROFOND/Examen\ Final/PasteAsFile/build/SwiftExplicitPrecompiledModules/_Builtin_stdarg-SOP8MROWJ854S4FLSQHJDPOB.pcm /Users/bf/Library/CloudStorage/GoogleDrive-bernynoussi@gmail.com/Mon\ Drive/Formation/Collège\ BDEB/ETE_2026/420-A60-BB\ ALGORITHMES\ D\'APPRENTISSAGE\ PROFOND/Examen\ Final/PasteAsFile/build/SwiftExplicitPrecompiledModules/_DarwinFoundation3-DUKVEJP52SICGMFYCK6UHC24Q.pcm /Users/bf/Library/CloudStorage/GoogleDrive-bernynoussi@gmail.com/Mon\ Drive/Formation/Collège\ BDEB/ETE_2026/420-A60-BB\ ALGORITHMES\ D\'APPRENTISSAGE\ PROFOND/Examen\ Final/PasteAsFile/build/SwiftExplicitPrecompiledModules/DataDetection-6LTM5R6VZFE8PKYZZJZBP6U1F.pcm /Users/bf/Library/CloudStorage/GoogleDrive-bernynoussi@gmail.com/Mon\ Drive/Formation/Collège\ BDEB/ETE_2026/420-A60-BB\ ALGORITHMES\ D\'APPRENTISSAGE\ PROFOND/Examen\ Final/PasteAsFile/build/SwiftExplicitPrecompiledModules/XPC-IAHRBV69GHUNSA2R95EF8NT3.pcm /Users/bf/Library/CloudStorage/GoogleDrive-bernynoussi@gmail.com/Mon\ Drive/Formation/Collège\ BDEB/ETE_2026/420-A60-BB\ ALGORITHMES\ D\'APPRENTISSAGE\ PROFOND/Examen\ Final/PasteAsFile/build/SwiftExplicitPrecompiledModules/Metal-2EL83V7IAYWMIJ5RLNHNNTR3T.pcm /Users/bf/Library/CloudStorage/GoogleDrive-bernynoussi@gmail.com/Mon\ Drive/Formation/Collège\ BDEB/ETE_2026/420-A60-BB\ ALGORITHMES\ D\'APPRENTISSAGE\ PROFOND/Examen\ Final/PasteAsFile/build/SwiftExplicitPrecompiledModules/ApplicationServices-4KS0BUA35AK3VQMNV1FL2RNML.pcm /Users/bf/Library/CloudStorage/GoogleDrive-bernynoussi@gmail.com/Mon\ Drive/Formation/Collège\ BDEB/ETE_2026/420-A60-BB\ ALGORITHMES\ D\'APPRENTISSAGE\ PROFOND/Examen\ Final/PasteAsFile/build/SwiftExplicitPrecompiledModules/CoreServices-46X1ZI57RP9XYS2T30BA53RFI.pcm /Users/bf/Library/CloudStorage/GoogleDrive-bernynoussi@gmail.com/Mon\ Drive/Formation/Collège\ BDEB/ETE_2026/420-A60-BB\ ALGORITHMES\ D\'APPRENTISSAGE\ PROFOND/Examen\ Final/PasteAsFile/build/SwiftExplicitPrecompiledModules/_DarwinFoundation1-AXCHWIFZ5H2V6JMVM74LFI738.pcm /Users/bf/Library/CloudStorage/GoogleDrive-bernynoussi@gmail.com/Mon\ Drive/Formation/Collège\ BDEB/ETE_2026/420-A60-BB\ ALGORITHMES\ D\'APPRENTISSAGE\ PROFOND/Examen\ Final/PasteAsFile/build/SwiftExplicitPrecompiledModules/Spatial-3MSF8XHTB246W63J506MTLG1E.pcm /Users/bf/Library/CloudStorage/GoogleDrive-bernynoussi@gmail.com/Mon\ Drive/Formation/Collège\ BDEB/ETE_2026/420-A60-BB\ ALGORITHMES\ D\'APPRENTISSAGE\ PROFOND/Examen\ Final/PasteAsFile/build/SwiftExplicitPrecompiledModules/_Builtin_stdint-1QZ6TPANMDN391FWYQUSHR9R0.pcm /Users/bf/Library/CloudStorage/GoogleDrive-bernynoussi@gmail.com/Mon\ Drive/Formation/Collège\ BDEB/ETE_2026/420-A60-BB\ ALGORITHMES\ D\'APPRENTISSAGE\ PROFOND/Examen\ Final/PasteAsFile/build/SwiftExplicitPrecompiledModules/UniformTypeIdentifiers-5K1EEF5ZAH2HAVKGW014KHRL9.pcm /Users/bf/Library/CloudStorage/GoogleDrive-bernynoussi@gmail.com/Mon\ Drive/Formation/Collège\ BDEB/ETE_2026/420-A60-BB\ ALGORITHMES\ D\'APPRENTISSAGE\ PROFOND/Examen\ Final/PasteAsFile/build/SwiftExplicitPrecompiledModules/CoreGraphics-3SLZWZ6XVKLWOYAC602P5IW0.pcm /Users/bf/Library/CloudStorage/GoogleDrive-bernynoussi@gmail.com/Mon\ Drive/Formation/Collège\ BDEB/ETE_2026/420-A60-BB\ ALGORITHMES\ D\'APPRENTISSAGE\ PROFOND/Examen\ Final/PasteAsFile/build/SwiftExplicitPrecompiledModules/os_object-5ZYQI89CZ6O10PVMD8FJSK7Q7.pcm /Users/bf/Library/CloudStorage/GoogleDrive-bernynoussi@gmail.com/Mon\ Drive/Formation/Collège\ BDEB/ETE_2026/420-A60-BB\ ALGORITHMES\ D\'APPRENTISSAGE\ PROFOND/Examen\ Final/PasteAsFile/build/SwiftExplicitPrecompiledModules/CoreData-4UF36OG946C1KOEL067RP4UAS.pcm /Users/bf/Library/CloudStorage/GoogleDrive-bernynoussi@gmail.com/Mon\ Drive/Formation/Collège\ BDEB/ETE_2026/420-A60-BB\ ALGORITHMES\ D\'APPRENTISSAGE\ PROFOND/Examen\ Final/PasteAsFile/build/SwiftExplicitPrecompiledModules/_Builtin_intrinsics-ETHQGNPTV6HZIWZXUJJK4T1JD.pcm /Users/bf/Library/CloudStorage/GoogleDrive-bernynoussi@gmail.com/Mon\ Drive/Formation/Collège\ BDEB/ETE_2026/420-A60-BB\ ALGORITHMES\ D\'APPRENTISSAGE\ PROFOND/Examen\ Final/PasteAsFile/build/SwiftExplicitPrecompiledModules/CFNetwork-6FGDWO4N32VM4W2OVYXP4WWC0.pcm /Users/bf/Library/CloudStorage/GoogleDrive-bernynoussi@gmail.com/Mon\ Drive/Formation/Collège\ BDEB/ETE_2026/420-A60-BB\ ALGORITHMES\ D\'APPRENTISSAGE\ PROFOND/Examen\ Final/PasteAsFile/build/SwiftExplicitPrecompiledModules/MachO-1G6RJERUBHQ7NF6YYWIT946QR.pcm /Users/bf/Library/CloudStorage/GoogleDrive-bernynoussi@gmail.com/Mon\ Drive/Formation/Collège\ BDEB/ETE_2026/420-A60-BB\ ALGORITHMES\ D\'APPRENTISSAGE\ PROFOND/Examen\ Final/PasteAsFile/build/SwiftExplicitPrecompiledModules/Darwin-4YS1NV3INRXQ7EBUM0UB3DFFR.pcm /Users/bf/Library/CloudStorage/GoogleDrive-bernynoussi@gmail.com/Mon\ Drive/Formation/Collège\ BDEB/ETE_2026/420-A60-BB\ ALGORITHMES\ D\'APPRENTISSAGE\ PROFOND/Examen\ Final/PasteAsFile/build/SwiftExplicitPrecompiledModules/_AvailabilityInternal-DTMDN3088LT89I72AK6UM5392.pcm /Users/bf/Library/CloudStorage/GoogleDrive-bernynoussi@gmail.com/Mon\ Drive/Formation/Collège\ BDEB/ETE_2026/420-A60-BB\ ALGORITHMES\ D\'APPRENTISSAGE\ PROFOND/Examen\ Final/PasteAsFile/build/SwiftExplicitPrecompiledModules/SwiftUICore-4TCANX27G207IZGRN83AR0TF1.pcm /Users/bf/Library/CloudStorage/GoogleDrive-bernynoussi@gmail.com/Mon\ Drive/Formation/Collège\ BDEB/ETE_2026/420-A60-BB\ ALGORITHMES\ D\'APPRENTISSAGE\ PROFOND/Examen\ Final/PasteAsFile/build/SwiftExplicitPrecompiledModules/_DarwinFoundation2-ARL7QFG6NJRGM8YMXSYB3ZBEI.pcm /Users/bf/Library/CloudStorage/GoogleDrive-bernynoussi@gmail.com/Mon\ Drive/Formation/Collège\ BDEB/ETE_2026/420-A60-BB\ ALGORITHMES\ D\'APPRENTISSAGE\ PROFOND/Examen\ Final/PasteAsFile/build/SwiftExplicitPrecompiledModules/IOKit-9RDBFE3ANRD1Z0W5IQQT1SF8I.pcm /Users/bf/Library/CloudStorage/GoogleDrive-bernynoussi@gmail.com/Mon\ Drive/Formation/Collège\ BDEB/ETE_2026/420-A60-BB\ ALGORITHMES\ D\'APPRENTISSAGE\ PROFOND/Examen\ Final/PasteAsFile/build/SwiftExplicitPrecompiledModules/os_workgroup-RJHRT9ZT5HV2MD0JFBORR4A5.pcm /Users/bf/Library/CloudStorage/GoogleDrive-bernynoussi@gmail.com/Mon\ Drive/Formation/Collège\ BDEB/ETE_2026/420-A60-BB\ ALGORITHMES\ D\'APPRENTISSAGE\ PROFOND/Examen\ Final/PasteAsFile/build/SwiftExplicitPrecompiledModules/os-9VN9FC98FHWA9FPJN1HFRROR2.pcm /Users/bf/Library/CloudStorage/GoogleDrive-bernynoussi@gmail.com/Mon\ Drive/Formation/Collège\ BDEB/ETE_2026/420-A60-BB\ ALGORITHMES\ D\'APPRENTISSAGE\ PROFOND/Examen\ Final/PasteAsFile/build/SwiftExplicitPrecompiledModules/DeveloperToolsSupport-2YRBZEMQTZGUFK879STTND59V.pcm /Users/bf/Library/CloudStorage/GoogleDrive-bernynoussi@gmail.com/Mon\ Drive/Formation/Collège\ BDEB/ETE_2026/420-A60-BB\ ALGORITHMES\ D\'APPRENTISSAGE\ PROFOND/Examen\ Final/PasteAsFile/build/SwiftExplicitPrecompiledModules/CUPS-5BHVDWQ7QJWWPBEIGDUTFCNZG.pcm /Users/bf/Library/CloudStorage/GoogleDrive-bernynoussi@gmail.com/Mon\ Drive/Formation/Collège\ BDEB/ETE_2026/420-A60-BB\ ALGORITHMES\ D\'APPRENTISSAGE\ PROFOND/Examen\ Final/PasteAsFile/build/SwiftExplicitPrecompiledModules/sys_types-BEG0MHMWQV7I67RE5ZMM8AN7J.pcm /Users/bf/Library/CloudStorage/GoogleDrive-bernynoussi@gmail.com/Mon\ Drive/Formation/Collège\ BDEB/ETE_2026/420-A60-BB\ ALGORITHMES\ D\'APPRENTISSAGE\ PROFOND/Examen\ Final/PasteAsFile/build/SwiftExplicitPrecompiledModules/ColorSync-AJMR4AKT1G9EHPG8E6NS0Q66B.pcm /Users/bf/Library/CloudStorage/GoogleDrive-bernynoussi@gmail.com/Mon\ Drive/Formation/Collège\ BDEB/ETE_2026/420-A60-BB\ ALGORITHMES\ D\'APPRENTISSAGE\ PROFOND/Examen\ Final/PasteAsFile/build/SwiftExplicitPrecompiledModules/ptrauth-9W244LDB3F8RTVZEFHIBTUTV2.pcm /Users/bf/Library/CloudStorage/GoogleDrive-bernynoussi@gmail.com/Mon\ Drive/Formation/Collège\ BDEB/ETE_2026/420-A60-BB\ ALGORITHMES\ D\'APPRENTISSAGE\ PROFOND/Examen\ Final/PasteAsFile/build/SwiftExplicitPrecompiledModules/OpenGL-D2A69YTJ4FN2WWJDCLFE710Q3.pcm /Users/bf/Library/CloudStorage/GoogleDrive-bernynoussi@gmail.com/Mon\ Drive/Formation/Collège\ BDEB/ETE_2026/420-A60-BB\ ALGORITHMES\ D\'APPRENTISSAGE\ PROFOND/Examen\ Final/PasteAsFile/build/SwiftExplicitPrecompiledModules/_Builtin_stdbool-CG4Y9CVFPJBAU1XOJ784UO99C.pcm /Users/bf/Library/CloudStorage/GoogleDrive-bernynoussi@gmail.com/Mon\ Drive/Formation/Collège\ BDEB/ETE_2026/420-A60-BB\ ALGORITHMES\ D\'APPRENTISSAGE\ PROFOND/Examen\ Final/PasteAsFile/build/SwiftExplicitPrecompiledModules/ObjectiveC-586JG9LC4CGWCYN2Q4S1N4BM2.pcm /Users/bf/Library/CloudStorage/GoogleDrive-bernynoussi@gmail.com/Mon\ Drive/Formation/Collège\ BDEB/ETE_2026/420-A60-BB\ ALGORITHMES\ D\'APPRENTISSAGE\ PROFOND/Examen\ Final/PasteAsFile/build/SwiftExplicitPrecompiledModules/Dispatch-3EAHYWNMMNWSG0UWXBHHQLBP1.pcm /Users/bf/Library/CloudStorage/GoogleDrive-bernynoussi@gmail.com/Mon\ Drive/Formation/Collège\ BDEB/ETE_2026/420-A60-BB\ ALGORITHMES\ D\'APPRENTISSAGE\ PROFOND/Examen\ Final/PasteAsFile/build/SwiftExplicitPrecompiledModules/IOSurface-DR34PSBLDLPLX6BLENYZ4ZD1U.pcm /Users/bf/Library/CloudStorage/GoogleDrive-bernynoussi@gmail.com/Mon\ Drive/Formation/Collège\ BDEB/ETE_2026/420-A60-BB\ ALGORITHMES\ D\'APPRENTISSAGE\ PROFOND/Examen\ Final/PasteAsFile/build/SwiftExplicitPrecompiledModules/Accessibility-8OAUDLYGNYXTTGKK06AEXT5CH.pcm /Users/bf/Library/CloudStorage/GoogleDrive-bernynoussi@gmail.com/Mon\ Drive/Formation/Collège\ BDEB/ETE_2026/420-A60-BB\ ALGORITHMES\ D\'APPRENTISSAGE\ PROFOND/Examen\ Final/PasteAsFile/build/SwiftExplicitPrecompiledModules/CoreImage-5L3BK8GBWPW6Z4IX934ED33LT.pcm /Users/bf/Library/CloudStorage/GoogleDrive-bernynoussi@gmail.com/Mon\ Drive/Formation/Collège\ BDEB/ETE_2026/420-A60-BB\ ALGORITHMES\ D\'APPRENTISSAGE\ PROFOND/Examen\ Final/PasteAsFile/build/SwiftExplicitPrecompiledModules/CoreVideo-E4KVMHO2YLT2WPDVGR05IJVHN.pcm /Users/bf/Library/CloudStorage/GoogleDrive-bernynoussi@gmail.com/Mon\ Drive/Formation/Collège\ BDEB/ETE_2026/420-A60-BB\ ALGORITHMES\ D\'APPRENTISSAGE\ PROFOND/Examen\ Final/PasteAsFile/build/SwiftExplicitPrecompiledModules/Foundation-EW5FV2AEC6LSTAPLBTDND0BN9.pcm /Users/bf/Library/CloudStorage/GoogleDrive-bernynoussi@gmail.com/Mon\ Drive/Formation/Collège\ BDEB/ETE_2026/420-A60-BB\ ALGORITHMES\ D\'APPRENTISSAGE\ PROFOND/Examen\ Final/PasteAsFile/build/SwiftExplicitPrecompiledModules/ptrcheck-A04G3SLNLMC1FSHE3R6XVJDTU.pcm /Users/bf/Library/CloudStorage/GoogleDrive-bernynoussi@gmail.com/Mon\ Drive/Formation/Collège\ BDEB/ETE_2026/420-A60-BB\ ALGORITHMES\ D\'APPRENTISSAGE\ PROFOND/Examen\ Final/PasteAsFile/build/SwiftExplicitPrecompiledModules/QuartzCore-5M0QSNHLNTI78D48V22PMWKPH.pcm /Users/bf/Library/CloudStorage/GoogleDrive-bernynoussi@gmail.com/Mon\ Drive/Formation/Collège\ BDEB/ETE_2026/420-A60-BB\ ALGORITHMES\ D\'APPRENTISSAGE\ PROFOND/Examen\ Final/PasteAsFile/build/SwiftExplicitPrecompiledModules/string_h-5UB7TF3UVFLJV09V0EP300PMR.pcm /Users/bf/Library/CloudStorage/GoogleDrive-bernynoussi@gmail.com/Mon\ Drive/Formation/Collège\ BDEB/ETE_2026/420-A60-BB\ ALGORITHMES\ D\'APPRENTISSAGE\ PROFOND/Examen\ Final/PasteAsFile/build/SwiftExplicitPrecompiledModules/simd-4MYT438WROCYRVLPUUKA3WQE2.pcm /Users/bf/Library/CloudStorage/GoogleDrive-bernynoussi@gmail.com/Mon\ Drive/Formation/Collège\ BDEB/ETE_2026/420-A60-BB\ ALGORITHMES\ D\'APPRENTISSAGE\ PROFOND/Examen\ Final/PasteAsFile/build/SwiftExplicitPrecompiledModules/AppKit-AKZYG3DMM5ZCDMSBKPJCZZQ9.pcm /Users/bf/Library/CloudStorage/GoogleDrive-bernynoussi@gmail.com/Mon\ Drive/Formation/Collège\ BDEB/ETE_2026/420-A60-BB\ ALGORITHMES\ D\'APPRENTISSAGE\ PROFOND/Examen\ Final/PasteAsFile/build/SwiftExplicitPrecompiledModules/_Builtin_tgmath-4KITPREQUGZDFX4AMQYDZY62B.pcm /Users/bf/Library/CloudStorage/GoogleDrive-bernynoussi@gmail.com/Mon\ Drive/Formation/Collège\ BDEB/ETE_2026/420-A60-BB\ ALGORITHMES\ D\'APPRENTISSAGE\ PROFOND/Examen\ Final/PasteAsFile/build/SwiftExplicitPrecompiledModules/CoreTransferable-4RZDC79DBDOWFZ1TSAB325WBZ.pcm /Users/bf/Library/CloudStorage/GoogleDrive-bernynoussi@gmail.com/Mon\ Drive/Formation/Collège\ BDEB/ETE_2026/420-A60-BB\ ALGORITHMES\ D\'APPRENTISSAGE\ PROFOND/Examen\ Final/PasteAsFile/build/SwiftExplicitPrecompiledModules/libkern-7Y70V67A45TU3520QLRICMBJ1.pcm /Users/bf/Library/CloudStorage/GoogleDrive-bernynoussi@gmail.com/Mon\ Drive/Formation/Collège\ BDEB/ETE_2026/420-A60-BB\ ALGORITHMES\ D\'APPRENTISSAGE\ PROFOND/Examen\ Final/PasteAsFile/build/SwiftExplicitPrecompiledModules/_Builtin_stdatomic-A7L1ML1KSJWLQ2SBK4U2FN3GW.pcm /Users/bf/Library/CloudStorage/GoogleDrive-bernynoussi@gmail.com/Mon\ Drive/Formation/Collège\ BDEB/ETE_2026/420-A60-BB\ ALGORITHMES\ D\'APPRENTISSAGE\ PROFOND/Examen\ Final/PasteAsFile/build/SwiftExplicitPrecompiledModules/_Builtin_float-4ODYVAAC3NAGCAZN91V27L197.pcm /Users/bf/Library/CloudStorage/GoogleDrive-bernynoussi@gmail.com/Mon\ Drive/Formation/Collège\ BDEB/ETE_2026/420-A60-BB\ ALGORITHMES\ D\'APPRENTISSAGE\ PROFOND/Examen\ Final/PasteAsFile/build/SwiftExplicitPrecompiledModules/libDER-1R8RELV36C51ZUJE1XXOD0XZX.pcm /Users/bf/Library/CloudStorage/GoogleDrive-bernynoussi@gmail.com/Mon\ Drive/Formation/Collège\ BDEB/ETE_2026/420-A60-BB\ ALGORITHMES\ D\'APPRENTISSAGE\ PROFOND/Examen\ Final/PasteAsFile/build/SwiftExplicitPrecompiledModules/ImageIO-AKZHSSGYDO8SO2QL3ID2PBT91.pcm /Users/bf/Library/CloudStorage/GoogleDrive-bernynoussi@gmail.com/Mon\ Drive/Formation/Collège\ BDEB/ETE_2026/420-A60-BB\ ALGORITHMES\ D\'APPRENTISSAGE\ PROFOND/Examen\ Final/PasteAsFile/build/SwiftExplicitPrecompiledModules/_SwiftConcurrencyShims-707PIJXP2E2BET9MPZ3ADSWL0.pcm /Users/bf/Library/CloudStorage/GoogleDrive-bernynoussi@gmail.com/Mon\ Drive/Formation/Collège\ BDEB/ETE_2026/420-A60-BB\ ALGORITHMES\ D\'APPRENTISSAGE\ PROFOND/Examen\ Final/PasteAsFile/build/SwiftExplicitPrecompiledModules/SwiftShims-BOOVGUFQ4ESKDA26OFHMANP0N.pcm /Users/bf/Library/CloudStorage/GoogleDrive-bernynoussi@gmail.com/Mon\ Drive/Formation/Collège\ BDEB/ETE_2026/420-A60-BB\ ALGORITHMES\ D\'APPRENTISSAGE\ PROFOND/Examen\ Final/PasteAsFile/build/SwiftExplicitPrecompiledModules/CoreText-4ESTEL7TBDUJRUAYLRQ61MW3U.pcm /Users/bf/Library/CloudStorage/GoogleDrive-bernynoussi@gmail.com/Mon\ Drive/Formation/Collège\ BDEB/ETE_2026/420-A60-BB\ ALGORITHMES\ D\'APPRENTISSAGE\ PROFOND/Examen\ Final/PasteAsFile/build/SwiftExplicitPrecompiledModules/_Builtin_limits-210QTY3XIZE7E6ZD5BCT6ASKA.pcm /Users/bf/Library/CloudStorage/GoogleDrive-bernynoussi@gmail.com/Mon\ Drive/Formation/Collège\ BDEB/ETE_2026/420-A60-BB\ ALGORITHMES\ D\'APPRENTISSAGE\ PROFOND/Examen\ Final/PasteAsFile/build/SwiftExplicitPrecompiledModules/Symbols-4O3BO8EZRRLN08ZZU72UBQLXV.pcm /Users/bf/Library/CloudStorage/GoogleDrive-bernynoussi@gmail.com/Mon\ Drive/Formation/Collège\ BDEB/ETE_2026/420-A60-BB\ ALGORITHMES\ D\'APPRENTISSAGE\ PROFOND/Examen\ Final/PasteAsFile/build/SwiftExplicitPrecompiledModules/OSLog-75Z0O8R0KHNPUN59JKVH2JOO6.pcm /Users/bf/Library/CloudStorage/GoogleDrive-bernynoussi@gmail.com/Mon\ Drive/Formation/Collège\ BDEB/ETE_2026/420-A60-BB\ ALGORITHMES\ D\'APPRENTISSAGE\ PROFOND/Examen\ Final/PasteAsFile/build/SwiftExplicitPrecompiledModules/DiskArbitration-CHT6IPCWLSC4J0CTSTF1IFXJG.pcm /Users/bf/Library/CloudStorage/GoogleDrive-bernynoussi@gmail.com/Mon\ Drive/Formation/Collège\ BDEB/ETE_2026/420-A60-BB\ ALGORITHMES\ D\'APPRENTISSAGE\ PROFOND/Examen\ Final/PasteAsFile/build/SwiftExplicitPrecompiledModules/_Builtin_inttypes-AOKHW04S8JD1K8HTJVFDFA972.pcm /Users/bf/Library/CloudStorage/GoogleDrive-bernynoussi@gmail.com/Mon\ Drive/Formation/Collège\ BDEB/ETE_2026/420-A60-BB\ ALGORITHMES\ D\'APPRENTISSAGE\ PROFOND/Examen\ Final/PasteAsFile/build/SwiftExplicitPrecompiledModules/Security-5GOG8RI48CRZUET1WT6L5EAC6.pcm /Users/bf/Library/CloudStorage/GoogleDrive-bernynoussi@gmail.com/Mon\ Drive/Formation/Collège\ BDEB/ETE_2026/420-A60-BB\ ALGORITHMES\ D\'APPRENTISSAGE\ PROFOND/Examen\ Final/PasteAsFile/build/SwiftExplicitPrecompiledModules/_Builtin_stddef-B20PTT52MFBPDDC3SOTBCDL1X.pcm /Users/bf/Library/CloudStorage/GoogleDrive-bernynoussi@gmail.com/Mon\ Drive/Formation/Collège\ BDEB/ETE_2026/420-A60-BB\ ALGORITHMES\ D\'APPRENTISSAGE\ PROFOND/Examen\ Final/PasteAsFile/build/SwiftExplicitPrecompiledModules/launch-A2FTUCIWR9E2G3LJOMZMGD7F7.pcm /Users/bf/Library/CloudStorage/GoogleDrive-bernynoussi@gmail.com/Mon\ Drive/Formation/Collège\ BDEB/ETE_2026/420-A60-BB\ ALGORITHMES\ D\'APPRENTISSAGE\ PROFOND/Examen\ Final/PasteAsFile/build/PasteAsFile.build/Release/PasteAsFile.build/Objects-normal/x86_64/PasteAsFile-dependencies-1.json (in target 'PasteAsFile' from project 'PasteAsFile')

SwiftCompile normal x86_64 (in target 'PasteAsFile' from project 'PasteAsFile')
    cd /Users/bf/Library/CloudStorage/GoogleDrive-bernynoussi@gmail.com/Mon\ Drive/Formation/Collège\ BDEB/ETE_2026/420-A60-BB\ ALGORITHMES\ D\'APPRENTISSAGE\ PROFOND/Examen\ Final/PasteAsFile
    

SwiftCompile normal arm64 Compiling\ AppDelegate.swift,\ Main.swift /Users/bf/Library/CloudStorage/GoogleDrive-bernynoussi@gmail.com/Mon\ Drive/Formation/Collège\ BDEB/ETE_2026/420-A60-BB\ ALGORITHMES\ D\'APPRENTISSAGE\ PROFOND/Examen\ Final/PasteAsFile/PasteAsFile/AppDelegate.swift /Users/bf/Library/CloudStorage/GoogleDrive-bernynoussi@gmail.com/Mon\ Drive/Formation/Collège\ BDEB/ETE_2026/420-A60-BB\ ALGORITHMES\ D\'APPRENTISSAGE\ PROFOND/Examen\ Final/PasteAsFile/PasteAsFile/Main.swift /Applications/Xcode.app/Contents/Developer/Toolchains/XcodeDefault.xctoolchain/usr/lib/swift/macosx/prebuilt-modules/27.0/_Builtin_float.swiftmodule/arm64e-apple-macos.swiftmodule /Applications/Xcode.app/Contents/Developer/Toolchains/XcodeDefault.xctoolchain/usr/lib/swift/macosx/prebuilt-modules/27.0/Observation.swiftmodule/arm64e-apple-macos.swiftmodule /Applications/Xcode.app/Contents/Developer/Toolchains/XcodeDefault.xctoolchain/usr/lib/swift/macosx/prebuilt-modules/27.0/IOKit.swiftmodule/arm64e-apple-macos.swiftmodule /Applications/Xcode.app/Contents/Developer/Toolchains/XcodeDefault.xctoolchain/usr/lib/swift/macosx/prebuilt-modules/27.0/os.swiftmodule/arm64e-apple-macos.swiftmodule /Applications/Xcode.app/Contents/Developer/Toolchains/XcodeDefault.xctoolchain/usr/lib/swift/macosx/prebuilt-modules/27.0/simd.swiftmodule/arm64e-apple-macos.swiftmodule /Applications/Xcode.app/Contents/Developer/Toolchains/XcodeDefault.xctoolchain/usr/lib/swift/macosx/prebuilt-modules/27.0/SwiftUICore.swiftmodule/arm64e-apple-macos.swiftmodule /Applications/Xcode.app/Contents/Developer/Toolchains/XcodeDefault.xctoolchain/usr/lib/swift/macosx/prebuilt-modules/27.0/QuartzCore.swiftmodule/arm64e-apple-macos.swiftmodule /Applications/Xcode.app/Contents/Developer/Toolchains/XcodeDefault.xctoolchain/usr/lib/swift/macosx/prebuilt-modules/27.0/_StringProcessing.swiftmodule/arm64e-apple-macos.swiftmodule /Applications/Xcode.app/Contents/Developer/Toolchains/XcodeDefault.xctoolchain/usr/lib/swift/macosx/prebuilt-modules/27.0/Metal.swiftmodule/arm64e-apple-macos.swiftmodule /Applications/Xcode.app/Contents/Developer/Toolchains/XcodeDefault.xctoolchain/usr/lib/swift/macosx/prebuilt-modules/27.0/Foundation.swiftmodule/arm64e-apple-macos.swiftmodule /Applications/Xcode.app/Contents/Developer/Toolchains/XcodeDefault.xctoolchain/usr/lib/swift/macosx/prebuilt-modules/27.0/_DarwinFoundation1.swiftmodule/arm64e-apple-macos.swiftmodule /Applications/Xcode.app/Contents/Developer/Toolchains/XcodeDefault.xctoolchain/usr/lib/swift/macosx/prebuilt-modules/27.0/AppKit.swiftmodule/arm64e-apple-macos.swiftmodule /Applications/Xcode.app/Contents/Developer/Toolchains/XcodeDefault.xctoolchain/usr/lib/swift/macosx/prebuilt-modules/27.0/Dispatch.swiftmodule/arm64e-apple-macos.swiftmodule /Applications/Xcode.app/Contents/Developer/Toolchains/XcodeDefault.xctoolchain/usr/lib/swift/macosx/prebuilt-modules/27.0/OSLog.swiftmodule/arm64e-apple-macos.swiftmodule /Applications/Xcode.app/Contents/Developer/Toolchains/XcodeDefault.xctoolchain/usr/lib/swift/macosx/prebuilt-modules/27.0/ColorSync.swiftmodule/arm64e-apple-macos.swiftmodule /Applications/Xcode.app/Contents/Developer/Toolchains/XcodeDefault.xctoolchain/usr/lib/swift/macosx/prebuilt-modules/27.0/Swift.swiftmodule/arm64e-apple-macos.swiftmodule /Applications/Xcode.app/Contents/Developer/Toolchains/XcodeDefault.xctoolchain/usr/lib/swift/macosx/prebuilt-modules/27.0/ObjectiveC.swiftmodule/arm64e-apple-macos.swiftmodule /Applications/Xcode.app/Contents/Developer/Toolchains/XcodeDefault.xctoolchain/usr/lib/swift/macosx/prebuilt-modules/27.0/Darwin.swiftmodule/arm64e-apple-macos.swiftmodule /Applications/Xcode.app/Contents/Developer/Toolchains/XcodeDefault.xctoolchain/usr/lib/swift/macosx/prebuilt-modules/27.0/Symbols.swiftmodule/arm64e-apple-macos.swiftmodule /Applications/Xcode.app/Contents/Developer/Toolchains/XcodeDefault.xctoolchain/usr/lib/swift/macosx/prebuilt-modules/27.0/CoreTransferable.swiftmodule/arm64e-apple-macos.swiftmodule /Applications/Xcode.app/Contents/Developer/Toolchains/XcodeDefault.xctoolchain/usr/lib/swift/macosx/prebuilt-modules/27.0/Spatial.swiftmodule/arm64e-apple-macos.swiftmodule /Applications/Xcode.app/Contents/Developer/Toolchains/XcodeDefault.xctoolchain/usr/lib/swift/macosx/prebuilt-modules/27.0/CoreImage.swiftmodule/arm64e-apple-macos.swiftmodule /Applications/Xcode.app/Contents/Developer/Toolchains/XcodeDefault.xctoolchain/usr/lib/swift/macosx/prebuilt-modules/27.0/DataDetection.swiftmodule/arm64e-apple-macos.swiftmodule /Applications/Xcode.app/Contents/Developer/Toolchains/XcodeDefault.xctoolchain/usr/lib/swift/macosx/prebuilt-modules/27.0/_Concurrency.swiftmodule/arm64e-apple-macos.swiftmodule /Applications/Xcode.app/Contents/Developer/Toolchains/XcodeDefault.xctoolchain/usr/lib/swift/macosx/prebuilt-modules/27.0/UniformTypeIdentifiers.swiftmodule/arm64e-apple-macos.swiftmodule /Applications/Xcode.app/Contents/Developer/Toolchains/XcodeDefault.xctoolchain/usr/lib/swift/macosx/prebuilt-modules/27.0/XPC.swiftmodule/arm64e-apple-macos.swiftmodule /Applications/Xcode.app/Contents/Developer/Toolchains/XcodeDefault.xctoolchain/usr/lib/swift/macosx/prebuilt-modules/27.0/Accessibility.swiftmodule/arm64e-apple-macos.swiftmodule /Applications/Xcode.app/Contents/Developer/Toolchains/XcodeDefault.xctoolchain/usr/lib/swift/macosx/prebuilt-modules/27.0/CoreVideo.swiftmodule/arm64e-apple-macos.swiftmodule /Applications/Xcode.app/Contents/Developer/Toolchains/XcodeDefault.xctoolchain/usr/lib/swift/macosx/prebuilt-modules/27.0/CoreText.swiftmodule/arm64e-apple-macos.swiftmodule /Applications/Xcode.app/Contents/Developer/Toolchains/XcodeDefault.xctoolchain/usr/lib/swift/macosx/prebuilt-modules/27.0/DeveloperToolsSupport.swiftmodule/arm64e-apple-macos.swiftmodule /Applications/Xcode.app/Contents/Developer/Toolchains/XcodeDefault.xctoolchain/usr/lib/swift/macosx/prebuilt-modules/27.0/_DarwinFoundation2.swiftmodule/arm64e-apple-macos.swiftmodule /Applications/Xcode.app/Contents/Developer/Toolchains/XcodeDefault.xctoolchain/usr/lib/swift/macosx/prebuilt-modules/27.0/Combine.swiftmodule/arm64e-apple-macos.swiftmodule /Applications/Xcode.app/Contents/Developer/Toolchains/XcodeDefault.xctoolchain/usr/lib/swift/macosx/prebuilt-modules/27.0/System.swiftmodule/arm64e-apple-macos.swiftmodule /Applications/Xcode.app/Contents/Developer/Toolchains/XcodeDefault.xctoolchain/usr/lib/swift/macosx/prebuilt-modules/27.0/CoreData.swiftmodule/arm64e-apple-macos.swiftmodule /Applications/Xcode.app/Contents/Developer/Toolchains/XcodeDefault.xctoolchain/usr/lib/swift/macosx/prebuilt-modules/27.0/ImageIO.swiftmodule/arm64e-apple-macos.swiftmodule /Applications/Xcode.app/Contents/Developer/Toolchains/XcodeDefault.xctoolchain/usr/lib/swift/macosx/prebuilt-modules/27.0/CoreFoundation.swiftmodule/arm64e-apple-macos.swiftmodule /Applications/Xcode.app/Contents/Developer/Toolchains/XcodeDefault.xctoolchain/usr/lib/swift/macosx/prebuilt-modules/27.0/CoreGraphics.swiftmodule/arm64e-apple-macos.swiftmodule /Applications/Xcode.app/Contents/Developer/Toolchains/XcodeDefault.xctoolchain/usr/lib/swift/macosx/prebuilt-modules/27.0/_DarwinFoundation3.swiftmodule/arm64e-apple-macos.swiftmodule /Users/bf/Library/CloudStorage/GoogleDrive-bernynoussi@gmail.com/Mon\ Drive/Formation/Collège\ BDEB/ETE_2026/420-A60-BB\ ALGORITHMES\ D\'APPRENTISSAGE\ PROFOND/Examen\ Final/PasteAsFile/build/SwiftExplicitPrecompiledModules/CoreGraphics-UEQQIAQL7CB582BJ0136M4Y6.pcm /Users/bf/Library/CloudStorage/GoogleDrive-bernynoussi@gmail.com/Mon\ Drive/Formation/Collège\ BDEB/ETE_2026/420-A60-BB\ ALGORITHMES\ D\'APPRENTISSAGE\ PROFOND/Examen\ Final/PasteAsFile/build/SwiftExplicitPrecompiledModules/CFNetwork-BT2CV41E8QK7GYAE23RYHNA86.pcm /Users/bf/Library/CloudStorage/GoogleDrive-bernynoussi@gmail.com/Mon\ Drive/Formation/Collège\ BDEB/ETE_2026/420-A60-BB\ ALGORITHMES\ D\'APPRENTISSAGE\ PROFOND/Examen\ Final/PasteAsFile/build/SwiftExplicitPrecompiledModules/ColorSync-I889ZMWM6CX5W494J4KR1437.pcm /Users/bf/Library/CloudStorage/GoogleDrive-bernynoussi@gmail.com/Mon\ Drive/Formation/Collège\ BDEB/ETE_2026/420-A60-BB\ ALGORITHMES\ D\'APPRENTISSAGE\ PROFOND/Examen\ Final/PasteAsFile/build/SwiftExplicitPrecompiledModules/CoreFoundation-5EAERW3WNL3EDKX2Q6X1FQ6IM.pcm /Users/bf/Library/CloudStorage/GoogleDrive-bernynoussi@gmail.com/Mon\ Drive/Formation/Collège\ BDEB/ETE_2026/420-A60-BB\ ALGORITHMES\ D\'APPRENTISSAGE\ PROFOND/Examen\ Final/PasteAsFile/build/SwiftExplicitPrecompiledModules/ptrauth-84PLA0D0F7D58A6PANMILOGEX.pcm /Users/bf/Library/CloudStorage/GoogleDrive-bernynoussi@gmail.com/Mon\ Drive/Formation/Collège\ BDEB/ETE_2026/420-A60-BB\ ALGORITHMES\ D\'APPRENTISSAGE\ PROFOND/Examen\ Final/PasteAsFile/build/SwiftExplicitPrecompiledModules/SwiftShims-3EIVQDA6B6NI69OXZJSF9CW0M.pcm /Users/bf/Library/CloudStorage/GoogleDrive-bernynoussi@gmail.com/Mon\ Drive/Formation/Collège\ BDEB/ETE_2026/420-A60-BB\ ALGORITHMES\ D\'APPRENTISSAGE\ PROFOND/Examen\ Final/PasteAsFile/build/SwiftExplicitPrecompiledModules/_DarwinFoundation2-DDI9TU14KUA2C3TZMUF4XXJ0Y.pcm /Users/bf/Library/CloudStorage/GoogleDrive-bernynoussi@gmail.com/Mon\ Drive/Formation/Collège\ BDEB/ETE_2026/420-A60-BB\ ALGORITHMES\ D\'APPRENTISSAGE\ PROFOND/Examen\ Final/PasteAsFile/build/SwiftExplicitPrecompiledModules/_Builtin_inttypes-KCVV624JO24TQ9F0MND20M5P.pcm /Users/bf/Library/CloudStorage/GoogleDrive-bernynoussi@gmail.com/Mon\ Drive/Formation/Collège\ BDEB/ETE_2026/420-A60-BB\ ALGORITHMES\ D\'APPRENTISSAGE\ PROFOND/Examen\ Final/PasteAsFile/build/SwiftExplicitPrecompiledModules/_Builtin_stdbool-5D4EKAUNOGCWI73DY7MTXNG2F.pcm /Users/bf/Library/CloudStorage/GoogleDrive-bernynoussi@gmail.com/Mon\ Drive/Formation/Collège\ BDEB/ETE_2026/420-A60-BB\ ALGORITHMES\ D\'APPRENTISSAGE\ PROFOND/Examen\ Final/PasteAsFile/build/SwiftExplicitPrecompiledModules/UniformTypeIdentifiers-5HESWL7QO1A7DAX9J38ZJQS0S.pcm /Users/bf/Library/CloudStorage/GoogleDrive-bernynoussi@gmail.com/Mon\ Drive/Formation/Collège\ BDEB/ETE_2026/420-A60-BB\ ALGORITHMES\ D\'APPRENTISSAGE\ PROFOND/Examen\ Final/PasteAsFile/build/SwiftExplicitPrecompiledModules/CoreTransferable-4P5YU0XUJ8J18HY4QOZBX3A4R.pcm /Users/bf/Library/CloudStorage/GoogleDrive-bernynoussi@gmail.com/Mon\ Drive/Formation/Collège\ BDEB/ETE_2026/420-A60-BB\ ALGORITHMES\ D\'APPRENTISSAGE\ PROFOND/Examen\ Final/PasteAsFile/build/SwiftExplicitPrecompiledModules/libkern-BTFHXYKI97PRQ2FLH986SYCM5.pcm /Users/bf/Library/CloudStorage/GoogleDrive-bernynoussi@gmail.com/Mon\ Drive/Formation/Collège\ BDEB/ETE_2026/420-A60-BB\ ALGORITHMES\ D\'APPRENTISSAGE\ PROFOND/Examen\ Final/PasteAsFile/build/SwiftExplicitPrecompiledModules/_Builtin_stdatomic-6SCY8I01E80G90LETGTUX35S1.pcm /Users/bf/Library/CloudStorage/GoogleDrive-bernynoussi@gmail.com/Mon\ Drive/Formation/Collège\ BDEB/ETE_2026/420-A60-BB\ ALGORITHMES\ D\'APPRENTISSAGE\ PROFOND/Examen\ Final/PasteAsFile/build/SwiftExplicitPrecompiledModules/OpenGL-8XZUU7Y95IHE5G6IQX7YD7PFX.pcm /Users/bf/Library/CloudStorage/GoogleDrive-bernynoussi@gmail.com/Mon\ Drive/Formation/Collège\ BDEB/ETE_2026/420-A60-BB\ ALGORITHMES\ D\'APPRENTISSAGE\ PROFOND/Examen\ Final/PasteAsFile/build/SwiftExplicitPrecompiledModules/IOSurface-BGVD41DHEPQJT79SKVG2WDEBI.pcm /Users/bf/Library/CloudStorage/GoogleDrive-bernynoussi@gmail.com/Mon\ Drive/Formation/Collège\ BDEB/ETE_2026/420-A60-BB\ ALGORITHMES\ D\'APPRENTISSAGE\ PROFOND/Examen\ Final/PasteAsFile/build/SwiftExplicitPrecompiledModules/_Builtin_limits-B3026LLR5DEV246KJ9LZJ0KXR.pcm /Users/bf/Library/CloudStorage/GoogleDrive-bernynoussi@gmail.com/Mon\ Drive/Formation/Collège\ BDEB/ETE_2026/420-A60-BB\ ALGORITHMES\ D\'APPRENTISSAGE\ PROFOND/Examen\ Final/PasteAsFile/build/SwiftExplicitPrecompiledModules/sys_types-BCTBU64E7UZ8RAL6DQ77P4VB9.pcm /Users/bf/Library/CloudStorage/GoogleDrive-bernynoussi@gmail.com/Mon\ Drive/Formation/Collège\ BDEB/ETE_2026/420-A60-BB\ ALGORITHMES\ D\'APPRENTISSAGE\ PROFOND/Examen\ Final/PasteAsFile/build/SwiftExplicitPrecompiledModules/ApplicationServices-24K3G2W62KZ1N944W688NZDHQ.pcm /Users/bf/Library/CloudStorage/GoogleDrive-bernynoussi@gmail.com/Mon\ Drive/Formation/Collège\ BDEB/ETE_2026/420-A60-BB\ ALGORITHMES\ D\'APPRENTISSAGE\ PROFOND/Examen\ Final/PasteAsFile/build/SwiftExplicitPrecompiledModules/os-85S1CAMD7I2G73KVS66KU6X50.pcm /Users/bf/Library/CloudStorage/GoogleDrive-bernynoussi@gmail.com/Mon\ Drive/Formation/Collège\ BDEB/ETE_2026/420-A60-BB\ ALGORITHMES\ D\'APPRENTISSAGE\ PROFOND/Examen\ Final/PasteAsFile/build/SwiftExplicitPrecompiledModules/_Builtin_stddef-9VS15L3EO50IFXTCZ2ARXWPJ3.pcm /Users/bf/Library/CloudStorage/GoogleDrive-bernynoussi@gmail.com/Mon\ Drive/Formation/Collège\ BDEB/ETE_2026/420-A60-BB\ ALGORITHMES\ D\'APPRENTISSAGE\ PROFOND/Examen\ Final/PasteAsFile/build/SwiftExplicitPrecompiledModules/AppKit-1ECIABXOZ3U656PZJ8J6YHK02.pcm /Users/bf/Library/CloudStorage/GoogleDrive-bernynoussi@gmail.com/Mon\ Drive/Formation/Collège\ BDEB/ETE_2026/420-A60-BB\ ALGORITHMES\ D\'APPRENTISSAGE\ PROFOND/Examen\ Final/PasteAsFile/build/SwiftExplicitPrecompiledModules/CoreImage-D7V3ESN92J0OLBTP6HF5G1M4W.pcm /Users/bf/Library/CloudStorage/GoogleDrive-bernynoussi@gmail.com/Mon\ Drive/Formation/Collège\ BDEB/ETE_2026/420-A60-BB\ ALGORITHMES\ D\'APPRENTISSAGE\ PROFOND/Examen\ Final/PasteAsFile/build/SwiftExplicitPrecompiledModules/Accessibility-6DD7WPKCBY0WMROWOER0CSDV0.pcm /Users/bf/Library/CloudStorage/GoogleDrive-bernynoussi@gmail.com/Mon\ Drive/Formation/Collège\ BDEB/ETE_2026/420-A60-BB\ ALGORITHMES\ D\'APPRENTISSAGE\ PROFOND/Examen\ Final/PasteAsFile/build/SwiftExplicitPrecompiledModules/CoreData-B7D6PZTTV8AB43TB0OJGWAX2C.pcm /Users/bf/Library/CloudStorage/GoogleDrive-bernynoussi@gmail.com/Mon\ Drive/Formation/Collège\ BDEB/ETE_2026/420-A60-BB\ ALGORITHMES\ D\'APPRENTISSAGE\ PROFOND/Examen\ Final/PasteAsFile/build/SwiftExplicitPrecompiledModules/CoreVideo-54UFW5YYRWJO1BQM3C68W3DEA.pcm /Users/bf/Library/CloudStorage/GoogleDrive-bernynoussi@gmail.com/Mon\ Drive/Formation/Collège\ BDEB/ETE_2026/420-A60-BB\ ALGORITHMES\ D\'APPRENTISSAGE\ PROFOND/Examen\ Final/PasteAsFile/build/SwiftExplicitPrecompiledModules/simd-47O45SMOSXCY2WQONWHPNQET0.pcm /Users/bf/Library/CloudStorage/GoogleDrive-bernynoussi@gmail.com/Mon\ Drive/Formation/Collège\ BDEB/ETE_2026/420-A60-BB\ ALGORITHMES\ D\'APPRENTISSAGE\ PROFOND/Examen\ Final/PasteAsFile/build/SwiftExplicitPrecompiledModules/DataDetection-ER2Y1QL6RF158YXJLD5TMDVX5.pcm /Users/bf/Library/CloudStorage/GoogleDrive-bernynoussi@gmail.com/Mon\ Drive/Formation/Collège\ BDEB/ETE_2026/420-A60-BB\ ALGORITHMES\ D\'APPRENTISSAGE\ PROFOND/Examen\ Final/PasteAsFile/build/SwiftExplicitPrecompiledModules/Symbols-19YO9FB7Z0TF6CBYUVKB5B19L.pcm /Users/bf/Library/CloudStorage/GoogleDrive-bernynoussi@gmail.com/Mon\ Drive/Formation/Collège\ BDEB/ETE_2026/420-A60-BB\ ALGORITHMES\ D\'APPRENTISSAGE\ PROFOND/Examen\ Final/PasteAsFile/build/SwiftExplicitPrecompiledModules/IOKit-45QP707H6ZF1SNAD3CFNWF2LJ.pcm /Users/bf/Library/CloudStorage/GoogleDrive-bernynoussi@gmail.com/Mon\ Drive/Formation/Collège\ BDEB/ETE_2026/420-A60-BB\ ALGORITHMES\ D\'APPRENTISSAGE\ PROFOND/Examen\ Final/PasteAsFile/build/SwiftExplicitPrecompiledModules/_Builtin_stdint-BE03WHLQQRV3GW83P7OXDKF6H.pcm /Users/bf/Library/CloudStorage/GoogleDrive-bernynoussi@gmail.com/Mon\ Drive/Formation/Collège\ BDEB/ETE_2026/420-A60-BB\ ALGORITHMES\ D\'APPRENTISSAGE\ PROFOND/Examen\ Final/PasteAsFile/build/SwiftExplicitPrecompiledModules/Dispatch-EEU0ZU4REF7K05F9YZB2L2RY9.pcm /Users/bf/Library/CloudStorage/GoogleDrive-bernynoussi@gmail.com/Mon\ Drive/Formation/Collège\ BDEB/ETE_2026/420-A60-BB\ ALGORITHMES\ D\'APPRENTISSAGE\ PROFOND/Examen\ Final/PasteAsFile/build/SwiftExplicitPrecompiledModules/Darwin-CK5T0ETULZCFJLA8XE9VNJZ0J.pcm /Users/bf/Library/CloudStorage/GoogleDrive-bernynoussi@gmail.com/Mon\ Drive/Formation/Collège\ BDEB/ETE_2026/420-A60-BB\ ALGORITHMES\ D\'APPRENTISSAGE\ PROFOND/Examen\ Final/PasteAsFile/build/SwiftExplicitPrecompiledModules/DiskArbitration-5VA24WRAWSR7JCULE2OSDAW1U.pcm /Users/bf/Library/CloudStorage/GoogleDrive-bernynoussi@gmail.com/Mon\ Drive/Formation/Collège\ BDEB/ETE_2026/420-A60-BB\ ALGORITHMES\ D\'APPRENTISSAGE\ PROFOND/Examen\ Final/PasteAsFile/build/SwiftExplicitPrecompiledModules/_DarwinFoundation1-9GYFCULO4D6V6TQAC6ERG53X1.pcm /Users/bf/Library/CloudStorage/GoogleDrive-bernynoussi@gmail.com/Mon\ Drive/Formation/Collège\ BDEB/ETE_2026/420-A60-BB\ ALGORITHMES\ D\'APPRENTISSAGE\ PROFOND/Examen\ Final/PasteAsFile/build/SwiftExplicitPrecompiledModules/CUPS-1GO3CTO73OFDDVWMQFS8Q1SDO.pcm /Users/bf/Library/CloudStorage/GoogleDrive-bernynoussi@gmail.com/Mon\ Drive/Formation/Collège\ BDEB/ETE_2026/420-A60-BB\ ALGORITHMES\ D\'APPRENTISSAGE\ PROFOND/Examen\ Final/PasteAsFile/build/SwiftExplicitPrecompiledModules/ObjectiveC-3R4O2UHZ4OHL0EU9G550C4P6K.pcm /Users/bf/Library/CloudStorage/GoogleDrive-bernynoussi@gmail.com/Mon\ Drive/Formation/Collège\ BDEB/ETE_2026/420-A60-BB\ ALGORITHMES\ D\'APPRENTISSAGE\ PROFOND/Examen\ Final/PasteAsFile/build/SwiftExplicitPrecompiledModules/Metal-5RB4QW8CF5POIMZZO6C818CB7.pcm /Users/bf/Library/CloudStorage/GoogleDrive-bernynoussi@gmail.com/Mon\ Drive/Formation/Collège\ BDEB/ETE_2026/420-A60-BB\ ALGORITHMES\ D\'APPRENTISSAGE\ PROFOND/Examen\ Final/PasteAsFile/build/SwiftExplicitPrecompiledModules/_Builtin_float-A1YP51XAJCXOB0NOQPB917VR2.pcm /Users/bf/Library/CloudStorage/GoogleDrive-bernynoussi@gmail.com/Mon\ Drive/Formation/Collège\ BDEB/ETE_2026/420-A60-BB\ ALGORITHMES\ D\'APPRENTISSAGE\ PROFOND/Examen\ Final/PasteAsFile/build/SwiftExplicitPrecompiledModules/CoreServices-3IJ1R90ZHG274PBMEVDIXB79I.pcm /Users/bf/Library/CloudStorage/GoogleDrive-bernynoussi@gmail.com/Mon\ Drive/Formation/Collège\ BDEB/ETE_2026/420-A60-BB\ ALGORITHMES\ D\'APPRENTISSAGE\ PROFOND/Examen\ Final/PasteAsFile/build/SwiftExplicitPrecompiledModules/QuartzCore-BILUYKQI790PHDO9B1S4HWZYG.pcm /Users/bf/Library/CloudStorage/GoogleDrive-bernynoussi@gmail.com/Mon\ Drive/Formation/Collège\ BDEB/ETE_2026/420-A60-BB\ ALGORITHMES\ D\'APPRENTISSAGE\ PROFOND/Examen\ Final/PasteAsFile/build/SwiftExplicitPrecompiledModules/_SwiftConcurrencyShims-5AY5WD7KXOVX2UXC8NROBXAK1.pcm /Users/bf/Library/CloudStorage/GoogleDrive-bernynoussi@gmail.com/Mon\ Drive/Formation/Collège\ BDEB/ETE_2026/420-A60-BB\ ALGORITHMES\ D\'APPRENTISSAGE\ PROFOND/Examen\ Final/PasteAsFile/build/SwiftExplicitPrecompiledModules/os_object-CNLS7VQW8E3VTWJ2TCPZAWYTP.pcm /Users/bf/Library/CloudStorage/GoogleDrive-bernynoussi@gmail.com/Mon\ Drive/Formation/Collège\ BDEB/ETE_2026/420-A60-BB\ ALGORITHMES\ D\'APPRENTISSAGE\ PROFOND/Examen\ Final/PasteAsFile/build/SwiftExplicitPrecompiledModules/ptrcheck-C6U3NXQQMDCBST8M95S8YCYEO.pcm /Users/bf/Library/CloudStorage/GoogleDrive-bernynoussi@gmail.com/Mon\ Drive/Formation/Collège\ BDEB/ETE_2026/420-A60-BB\ ALGORITHMES\ D\'APPRENTISSAGE\ PROFOND/Examen\ Final/PasteAsFile/build/SwiftExplicitPrecompiledModules/_Builtin_stdarg-52ZLT3WSICB4A35W0NXJ9IJ1C.pcm /Users/bf/Library/CloudStorage/GoogleDrive-bernynoussi@gmail.com/Mon\ Drive/Formation/Collège\ BDEB/ETE_2026/420-A60-BB\ ALGORITHMES\ D\'APPRENTISSAGE\ PROFOND/Examen\ Final/PasteAsFile/build/SwiftExplicitPrecompiledModules/os_workgroup-3N3ZG1BE0P2LL7YAXFNH3A50X.pcm /Users/bf/Library/CloudStorage/GoogleDrive-bernynoussi@gmail.com/Mon\ Drive/Formation/Collège\ BDEB/ETE_2026/420-A60-BB\ ALGORITHMES\ D\'APPRENTISSAGE\ PROFOND/Examen\ Final/PasteAsFile/build/SwiftExplicitPrecompiledModules/XPC-DLZXHQQRLU0S16AN71INNRFES.pcm /Users/bf/Library/CloudStorage/GoogleDrive-bernynoussi@gmail.com/Mon\ Drive/Formation/Collège\ BDEB/ETE_2026/420-A60-BB\ ALGORITHMES\ D\'APPRENTISSAGE\ PROFOND/Examen\ Final/PasteAsFile/build/SwiftExplicitPrecompiledModules/Security-89LAGMCQM4CEUM1M1GDQ06WGB.pcm /Users/bf/Library/CloudStorage/GoogleDrive-bernynoussi@gmail.com/Mon\ Drive/Formation/Collège\ BDEB/ETE_2026/420-A60-BB\ ALGORITHMES\ D\'APPRENTISSAGE\ PROFOND/Examen\ Final/PasteAsFile/build/SwiftExplicitPrecompiledModules/_Builtin_tgmath-AQH6GFS525ZTBTW83DXR2VARC.pcm /Users/bf/Library/CloudStorage/GoogleDrive-bernynoussi@gmail.com/Mon\ Drive/Formation/Collège\ BDEB/ETE_2026/420-A60-BB\ ALGORITHMES\ D\'APPRENTISSAGE\ PROFOND/Examen\ Final/PasteAsFile/build/SwiftExplicitPrecompiledModules/OSLog-9QHXMOYYWBOMW0IFJGR3ODT37.pcm /Users/bf/Library/CloudStorage/GoogleDrive-bernynoussi@gmail.com/Mon\ Drive/Formation/Collège\ BDEB/ETE_2026/420-A60-BB\ ALGORITHMES\ D\'APPRENTISSAGE\ PROFOND/Examen\ Final/PasteAsFile/build/SwiftExplicitPrecompiledModules/_AvailabilityInternal-8SFO5922XKSSX0USELUUBLA1W.pcm /Users/bf/Library/CloudStorage/GoogleDrive-bernynoussi@gmail.com/Mon\ Drive/Formation/Collège\ BDEB/ETE_2026/420-A60-BB\ ALGORITHMES\ D\'APPRENTISSAGE\ PROFOND/Examen\ Final/PasteAsFile/build/SwiftExplicitPrecompiledModules/CoreText-6LKU8EKPUQKMVLT87NM64CZPD.pcm /Users/bf/Library/CloudStorage/GoogleDrive-bernynoussi@gmail.com/Mon\ Drive/Formation/Collège\ BDEB/ETE_2026/420-A60-BB\ ALGORITHMES\ D\'APPRENTISSAGE\ PROFOND/Examen\ Final/PasteAsFile/build/SwiftExplicitPrecompiledModules/MachO-ECU64U0VZ60Y3Y6YOX24PM006.pcm /Users/bf/Library/CloudStorage/GoogleDrive-bernynoussi@gmail.com/Mon\ Drive/Formation/Collège\ BDEB/ETE_2026/420-A60-BB\ ALGORITHMES\ D\'APPRENTISSAGE\ PROFOND/Examen\ Final/PasteAsFile/build/SwiftExplicitPrecompiledModules/DeveloperToolsSupport-BD2ATS0ZZ0I3VYXXZ5DDA1DC0.pcm /Users/bf/Library/CloudStorage/GoogleDrive-bernynoussi@gmail.com/Mon\ Drive/Formation/Collège\ BDEB/ETE_2026/420-A60-BB\ ALGORITHMES\ D\'APPRENTISSAGE\ PROFOND/Examen\ Final/PasteAsFile/build/SwiftExplicitPrecompiledModules/_Builtin_intrinsics-6XM7ANVUOZ0RU2MLYBUSPYHG.pcm /Users/bf/Library/CloudStorage/GoogleDrive-bernynoussi@gmail.com/Mon\ Drive/Formation/Collège\ BDEB/ETE_2026/420-A60-BB\ ALGORITHMES\ D\'APPRENTISSAGE\ PROFOND/Examen\ Final/PasteAsFile/build/SwiftExplicitPrecompiledModules/Foundation-7BN7SVD86GVP1ERZIXC7BJXDC.pcm /Users/bf/Library/CloudStorage/GoogleDrive-bernynoussi@gmail.com/Mon\ Drive/Formation/Collège\ BDEB/ETE_2026/420-A60-BB\ ALGORITHMES\ D\'APPRENTISSAGE\ PROFOND/Examen\ Final/PasteAsFile/build/SwiftExplicitPrecompiledModules/_DarwinFoundation3-ACA6QJ038PDFCAV38TJG4XJP2.pcm /Users/bf/Library/CloudStorage/GoogleDrive-bernynoussi@gmail.com/Mon\ Drive/Formation/Collège\ BDEB/ETE_2026/420-A60-BB\ ALGORITHMES\ D\'APPRENTISSAGE\ PROFOND/Examen\ Final/PasteAsFile/build/SwiftExplicitPrecompiledModules/SwiftUICore-DDLN7XN2E1ORA580FUTCWL2VN.pcm /Users/bf/Library/CloudStorage/GoogleDrive-bernynoussi@gmail.com/Mon\ Drive/Formation/Collège\ BDEB/ETE_2026/420-A60-BB\ ALGORITHMES\ D\'APPRENTISSAGE\ PROFOND/Examen\ Final/PasteAsFile/build/SwiftExplicitPrecompiledModules/string_h-91HRKPUM3F259HAX8BJPCAM0.pcm /Users/bf/Library/CloudStorage/GoogleDrive-bernynoussi@gmail.com/Mon\ Drive/Formation/Collège\ BDEB/ETE_2026/420-A60-BB\ ALGORITHMES\ D\'APPRENTISSAGE\ PROFOND/Examen\ Final/PasteAsFile/build/SwiftExplicitPrecompiledModules/ImageIO-AVWIGDDEXLJ5C0RPRCF5X4CI9.pcm /Users/bf/Library/CloudStorage/GoogleDrive-bernynoussi@gmail.com/Mon\ Drive/Formation/Collège\ BDEB/ETE_2026/420-A60-BB\ ALGORITHMES\ D\'APPRENTISSAGE\ PROFOND/Examen\ Final/PasteAsFile/build/SwiftExplicitPrecompiledModules/launch-C0PR7X8FB5PVGHXXLS45EP0IG.pcm /Users/bf/Library/CloudStorage/GoogleDrive-bernynoussi@gmail.com/Mon\ Drive/Formation/Collège\ BDEB/ETE_2026/420-A60-BB\ ALGORITHMES\ D\'APPRENTISSAGE\ PROFOND/Examen\ Final/PasteAsFile/build/SwiftExplicitPrecompiledModules/Spatial-6WVW6P7MRULYAFEUKAK291JN2.pcm /Users/bf/Library/CloudStorage/GoogleDrive-bernynoussi@gmail.com/Mon\ Drive/Formation/Collège\ BDEB/ETE_2026/420-A60-BB\ ALGORITHMES\ D\'APPRENTISSAGE\ PROFOND/Examen\ Final/PasteAsFile/build/SwiftExplicitPrecompiledModules/libDER-AJ5CQO4Y0CIH653O3L7J74SEC.pcm /Users/bf/Library/CloudStorage/GoogleDrive-bernynoussi@gmail.com/Mon\ Drive/Formation/Collège\ BDEB/ETE_2026/420-A60-BB\ ALGORITHMES\ D\'APPRENTISSAGE\ PROFOND/Examen\ Final/PasteAsFile/build/PasteAsFile.build/Release/PasteAsFile.build/Objects-normal/arm64/PasteAsFile-dependencies-2.json (in target 'PasteAsFile' from project 'PasteAsFile')

SwiftCompile normal arm64 (in target 'PasteAsFile' from project 'PasteAsFile')
    cd /Users/bf/Library/CloudStorage/GoogleDrive-bernynoussi@gmail.com/Mon\ Drive/Formation/Collège\ BDEB/ETE_2026/420-A60-BB\ ALGORITHMES\ D\'APPRENTISSAGE\ PROFOND/Examen\ Final/PasteAsFile
    

SwiftDriverJobDiscovery normal x86_64 Compiling AppDelegate.swift, Main.swift (in target 'PasteAsFile' from project 'PasteAsFile')

SwiftDriverJobDiscovery normal arm64 Compiling AppDelegate.swift, Main.swift (in target 'PasteAsFile' from project 'PasteAsFile')

SwiftDriver\ Compilation\ Requirements PasteAsFile normal x86_64 com.apple.xcode.tools.swift.compiler (in target 'PasteAsFile' from project 'PasteAsFile')
    cd /Users/bf/Library/CloudStorage/GoogleDrive-bernynoussi@gmail.com/Mon\ Drive/Formation/Collège\ BDEB/ETE_2026/420-A60-BB\ ALGORITHMES\ D\'APPRENTISSAGE\ PROFOND/Examen\ Final/PasteAsFile
    builtin-Swift-Compilation-Requirements -- /Applications/Xcode.app/Contents/Developer/Toolchains/XcodeDefault.xctoolchain/usr/bin/swiftc -module-name PasteAsFile -O -whole-module-optimization @/Users/bf/Library/CloudStorage/GoogleDrive-bernynoussi@gmail.com/Mon\ Drive/Formation/Collège\ BDEB/ETE_2026/420-A60-BB\ ALGORITHMES\ D\'APPRENTISSAGE\ PROFOND/Examen\ Final/PasteAsFile/build/PasteAsFile.build/Release/PasteAsFile.build/Objects-normal/x86_64/PasteAsFile.SwiftFileList -enable-bare-slash-regex -enable-experimental-feature DebugDescriptionMacro -sdk /Applications/Xcode.app/Contents/Developer/Platforms/MacOSX.platform/Developer/SDKs/MacOSX27.0.sdk -target x86_64-apple-macos13.0 -g -Xfrontend -serialize-debugging-options -swift-version 5 -I /Users/bf/Library/CloudStorage/GoogleDrive-bernynoussi@gmail.com/Mon\ Drive/Formation/Collège\ BDEB/ETE_2026/420-A60-BB\ ALGORITHMES\ D\'APPRENTISSAGE\ PROFOND/Examen\ Final/PasteAsFile/build/Release -F /Users/bf/Library/CloudStorage/GoogleDrive-bernynoussi@gmail.com/Mon\ Drive/Formation/Collège\ BDEB/ETE_2026/420-A60-BB\ ALGORITHMES\ D\'APPRENTISSAGE\ PROFOND/Examen\ Final/PasteAsFile/build/Release -emit-localized-strings -emit-localized-strings-path /Users/bf/Library/CloudStorage/GoogleDrive-bernynoussi@gmail.com/Mon\ Drive/Formation/Collège\ BDEB/ETE_2026/420-A60-BB\ ALGORITHMES\ D\'APPRENTISSAGE\ PROFOND/Examen\ Final/PasteAsFile/build/PasteAsFile.build/Release/PasteAsFile.build/Objects-normal/x86_64 -c -num-threads 16 -Xcc -ivfsstatcache -Xcc /var/folders/sm/l4mlp9mj4sqg28sl7qrbyx080000gn/C/com.apple.DeveloperTools/27.0-27A266a/Xcode/SDKStatCaches.noindex/macosx27.0-26A425-7231f6df4def33e022ae2eb8f782df1a.sdkstatcache -output-file-map /Users/bf/Library/CloudStorage/GoogleDrive-bernynoussi@gmail.com/Mon\ Drive/Formation/Collège\ BDEB/ETE_2026/420-A60-BB\ ALGORITHMES\ D\'APPRENTISSAGE\ PROFOND/Examen\ Final/PasteAsFile/build/PasteAsFile.build/Release/PasteAsFile.build/Objects-normal/x86_64/PasteAsFile-OutputFileMap.json -save-temps -no-color-diagnostics -explicit-module-build -module-cache-path /Users/bf/Library/CloudStorage/GoogleDrive-bernynoussi@gmail.com/Mon\ Drive/Formation/Collège\ BDEB/ETE_2026/420-A60-BB\ ALGORITHMES\ D\'APPRENTISSAGE\ PROFOND/Examen\ Final/PasteAsFile/build/SwiftExplicitPrecompiledModules -emit-dependencies -emit-module -emit-module-path /Users/bf/Library/CloudStorage/GoogleDrive-bernynoussi@gmail.com/Mon\ Drive/Formation/Collège\ BDEB/ETE_2026/420-A60-BB\ ALGORITHMES\ D\'APPRENTISSAGE\ PROFOND/Examen\ Final/PasteAsFile/build/PasteAsFile.build/Release/PasteAsFile.build/Objects-normal/x86_64/PasteAsFile.swiftmodule -serialize-diagnostics -dependency-scan-serialize-diagnostics-path /Users/bf/Library/CloudStorage/GoogleDrive-bernynoussi@gmail.com/Mon\ Drive/Formation/Collège\ BDEB/ETE_2026/420-A60-BB\ ALGORITHMES\ D\'APPRENTISSAGE\ PROFOND/Examen\ Final/PasteAsFile/build/PasteAsFile.build/Release/PasteAsFile.build/Objects-normal/x86_64/PasteAsFile-dependency-scan.dia -validate-clang-modules-once -clang-build-session-file /var/folders/sm/l4mlp9mj4sqg28sl7qrbyx080000gn/C/org.llvm.clang/ModuleCache.noindex/Session.modulevalidation -Xcc -fmodules-prune-interval\=86400 -Xcc -fmodules-prune-after\=345600 -emit-const-values -const-gather-protocols-list /Users/bf/Library/CloudStorage/GoogleDrive-bernynoussi@gmail.com/Mon\ Drive/Formation/Collège\ BDEB/ETE_2026/420-A60-BB\ ALGORITHMES\ D\'APPRENTISSAGE\ PROFOND/Examen\ Final/PasteAsFile/build/PasteAsFile.build/Release/PasteAsFile.build/Objects-normal/x86_64/PasteAsFile_const_extract_protocols.json -Xcc -iquote -Xcc /Users/bf/Library/CloudStorage/GoogleDrive-bernynoussi@gmail.com/Mon\ Drive/Formation/Collège\ BDEB/ETE_2026/420-A60-BB\ ALGORITHMES\ D\'APPRENTISSAGE\ PROFOND/Examen\ Final/PasteAsFile/build/PasteAsFile.build/Release/PasteAsFile.build/PasteAsFile-generated-files.hmap -Xcc -I/Users/bf/Library/CloudStorage/GoogleDrive-bernynoussi@gmail.com/Mon\ Drive/Formation/Collège\ BDEB/ETE_2026/420-A60-BB\ ALGORITHMES\ D\'APPRENTISSAGE\ PROFOND/Examen\ Final/PasteAsFile/build/PasteAsFile.build/Release/PasteAsFile.build/PasteAsFile-own-target-headers.hmap -Xcc -I/Users/bf/Library/CloudStorage/GoogleDrive-bernynoussi@gmail.com/Mon\ Drive/Formation/Collège\ BDEB/ETE_2026/420-A60-BB\ ALGORITHMES\ D\'APPRENTISSAGE\ PROFOND/Examen\ Final/PasteAsFile/build/PasteAsFile.build/Release/PasteAsFile.build/PasteAsFile-all-target-headers.hmap -Xcc -iquote -Xcc /Users/bf/Library/CloudStorage/GoogleDrive-bernynoussi@gmail.com/Mon\ Drive/Formation/Collège\ BDEB/ETE_2026/420-A60-BB\ ALGORITHMES\ D\'APPRENTISSAGE\ PROFOND/Examen\ Final/PasteAsFile/build/PasteAsFile.build/Release/PasteAsFile.build/PasteAsFile-project-headers.hmap -Xcc -I/Users/bf/Library/CloudStorage/GoogleDrive-bernynoussi@gmail.com/Mon\ Drive/Formation/Collège\ BDEB/ETE_2026/420-A60-BB\ ALGORITHMES\ D\'APPRENTISSAGE\ PROFOND/Examen\ Final/PasteAsFile/build/Release/include -Xcc -I/Users/bf/Library/CloudStorage/GoogleDrive-bernynoussi@gmail.com/Mon\ Drive/Formation/Collège\ BDEB/ETE_2026/420-A60-BB\ ALGORITHMES\ D\'APPRENTISSAGE\ PROFOND/Examen\ Final/PasteAsFile/build/PasteAsFile.build/Release/PasteAsFile.build/DerivedSources-normal/x86_64 -Xcc -I/Users/bf/Library/CloudStorage/GoogleDrive-bernynoussi@gmail.com/Mon\ Drive/Formation/Collège\ BDEB/ETE_2026/420-A60-BB\ ALGORITHMES\ D\'APPRENTISSAGE\ PROFOND/Examen\ Final/PasteAsFile/build/PasteAsFile.build/Release/PasteAsFile.build/DerivedSources/x86_64 -Xcc -I/Users/bf/Library/CloudStorage/GoogleDrive-bernynoussi@gmail.com/Mon\ Drive/Formation/Collège\ BDEB/ETE_2026/420-A60-BB\ ALGORITHMES\ D\'APPRENTISSAGE\ PROFOND/Examen\ Final/PasteAsFile/build/PasteAsFile.build/Release/PasteAsFile.build/DerivedSources -emit-objc-header -emit-objc-header-path /Users/bf/Library/CloudStorage/GoogleDrive-bernynoussi@gmail.com/Mon\ Drive/Formation/Collège\ BDEB/ETE_2026/420-A60-BB\ ALGORITHMES\ D\'APPRENTISSAGE\ PROFOND/Examen\ Final/PasteAsFile/build/PasteAsFile.build/Release/PasteAsFile.build/Objects-normal/x86_64/PasteAsFile-Swift.h -working-directory /Users/bf/Library/CloudStorage/GoogleDrive-bernynoussi@gmail.com/Mon\ Drive/Formation/Collège\ BDEB/ETE_2026/420-A60-BB\ ALGORITHMES\ D\'APPRENTISSAGE\ PROFOND/Examen\ Final/PasteAsFile -no-emit-module-separately-wmo

SwiftDriver\ Compilation\ Requirements PasteAsFile normal arm64 com.apple.xcode.tools.swift.compiler (in target 'PasteAsFile' from project 'PasteAsFile')
    cd /Users/bf/Library/CloudStorage/GoogleDrive-bernynoussi@gmail.com/Mon\ Drive/Formation/Collège\ BDEB/ETE_2026/420-A60-BB\ ALGORITHMES\ D\'APPRENTISSAGE\ PROFOND/Examen\ Final/PasteAsFile
    builtin-Swift-Compilation-Requirements -- /Applications/Xcode.app/Contents/Developer/Toolchains/XcodeDefault.xctoolchain/usr/bin/swiftc -module-name PasteAsFile -O -whole-module-optimization @/Users/bf/Library/CloudStorage/GoogleDrive-bernynoussi@gmail.com/Mon\ Drive/Formation/Collège\ BDEB/ETE_2026/420-A60-BB\ ALGORITHMES\ D\'APPRENTISSAGE\ PROFOND/Examen\ Final/PasteAsFile/build/PasteAsFile.build/Release/PasteAsFile.build/Objects-normal/arm64/PasteAsFile.SwiftFileList -enable-bare-slash-regex -enable-experimental-feature DebugDescriptionMacro -sdk /Applications/Xcode.app/Contents/Developer/Platforms/MacOSX.platform/Developer/SDKs/MacOSX27.0.sdk -target arm64-apple-macos13.0 -g -Xfrontend -serialize-debugging-options -swift-version 5 -I /Users/bf/Library/CloudStorage/GoogleDrive-bernynoussi@gmail.com/Mon\ Drive/Formation/Collège\ BDEB/ETE_2026/420-A60-BB\ ALGORITHMES\ D\'APPRENTISSAGE\ PROFOND/Examen\ Final/PasteAsFile/build/Release -F /Users/bf/Library/CloudStorage/GoogleDrive-bernynoussi@gmail.com/Mon\ Drive/Formation/Collège\ BDEB/ETE_2026/420-A60-BB\ ALGORITHMES\ D\'APPRENTISSAGE\ PROFOND/Examen\ Final/PasteAsFile/build/Release -emit-localized-strings -emit-localized-strings-path /Users/bf/Library/CloudStorage/GoogleDrive-bernynoussi@gmail.com/Mon\ Drive/Formation/Collège\ BDEB/ETE_2026/420-A60-BB\ ALGORITHMES\ D\'APPRENTISSAGE\ PROFOND/Examen\ Final/PasteAsFile/build/PasteAsFile.build/Release/PasteAsFile.build/Objects-normal/arm64 -c -num-threads 16 -Xcc -ivfsstatcache -Xcc /var/folders/sm/l4mlp9mj4sqg28sl7qrbyx080000gn/C/com.apple.DeveloperTools/27.0-27A266a/Xcode/SDKStatCaches.noindex/macosx27.0-26A425-7231f6df4def33e022ae2eb8f782df1a.sdkstatcache -output-file-map /Users/bf/Library/CloudStorage/GoogleDrive-bernynoussi@gmail.com/Mon\ Drive/Formation/Collège\ BDEB/ETE_2026/420-A60-BB\ ALGORITHMES\ D\'APPRENTISSAGE\ PROFOND/Examen\ Final/PasteAsFile/build/PasteAsFile.build/Release/PasteAsFile.build/Objects-normal/arm64/PasteAsFile-OutputFileMap.json -save-temps -no-color-diagnostics -explicit-module-build -module-cache-path /Users/bf/Library/CloudStorage/GoogleDrive-bernynoussi@gmail.com/Mon\ Drive/Formation/Collège\ BDEB/ETE_2026/420-A60-BB\ ALGORITHMES\ D\'APPRENTISSAGE\ PROFOND/Examen\ Final/PasteAsFile/build/SwiftExplicitPrecompiledModules -emit-dependencies -emit-module -emit-module-path /Users/bf/Library/CloudStorage/GoogleDrive-bernynoussi@gmail.com/Mon\ Drive/Formation/Collège\ BDEB/ETE_2026/420-A60-BB\ ALGORITHMES\ D\'APPRENTISSAGE\ PROFOND/Examen\ Final/PasteAsFile/build/PasteAsFile.build/Release/PasteAsFile.build/Objects-normal/arm64/PasteAsFile.swiftmodule -serialize-diagnostics -dependency-scan-serialize-diagnostics-path /Users/bf/Library/CloudStorage/GoogleDrive-bernynoussi@gmail.com/Mon\ Drive/Formation/Collège\ BDEB/ETE_2026/420-A60-BB\ ALGORITHMES\ D\'APPRENTISSAGE\ PROFOND/Examen\ Final/PasteAsFile/build/PasteAsFile.build/Release/PasteAsFile.build/Objects-normal/arm64/PasteAsFile-dependency-scan.dia -validate-clang-modules-once -clang-build-session-file /var/folders/sm/l4mlp9mj4sqg28sl7qrbyx080000gn/C/org.llvm.clang/ModuleCache.noindex/Session.modulevalidation -Xcc -fmodules-prune-interval\=86400 -Xcc -fmodules-prune-after\=345600 -emit-const-values -const-gather-protocols-list /Users/bf/Library/CloudStorage/GoogleDrive-bernynoussi@gmail.com/Mon\ Drive/Formation/Collège\ BDEB/ETE_2026/420-A60-BB\ ALGORITHMES\ D\'APPRENTISSAGE\ PROFOND/Examen\ Final/PasteAsFile/build/PasteAsFile.build/Release/PasteAsFile.build/Objects-normal/arm64/PasteAsFile_const_extract_protocols.json -Xcc -iquote -Xcc /Users/bf/Library/CloudStorage/GoogleDrive-bernynoussi@gmail.com/Mon\ Drive/Formation/Collège\ BDEB/ETE_2026/420-A60-BB\ ALGORITHMES\ D\'APPRENTISSAGE\ PROFOND/Examen\ Final/PasteAsFile/build/PasteAsFile.build/Release/PasteAsFile.build/PasteAsFile-generated-files.hmap -Xcc -I/Users/bf/Library/CloudStorage/GoogleDrive-bernynoussi@gmail.com/Mon\ Drive/Formation/Collège\ BDEB/ETE_2026/420-A60-BB\ ALGORITHMES\ D\'APPRENTISSAGE\ PROFOND/Examen\ Final/PasteAsFile/build/PasteAsFile.build/Release/PasteAsFile.build/PasteAsFile-own-target-headers.hmap -Xcc -I/Users/bf/Library/CloudStorage/GoogleDrive-bernynoussi@gmail.com/Mon\ Drive/Formation/Collège\ BDEB/ETE_2026/420-A60-BB\ ALGORITHMES\ D\'APPRENTISSAGE\ PROFOND/Examen\ Final/PasteAsFile/build/PasteAsFile.build/Release/PasteAsFile.build/PasteAsFile-all-target-headers.hmap -Xcc -iquote -Xcc /Users/bf/Library/CloudStorage/GoogleDrive-bernynoussi@gmail.com/Mon\ Drive/Formation/Collège\ BDEB/ETE_2026/420-A60-BB\ ALGORITHMES\ D\'APPRENTISSAGE\ PROFOND/Examen\ Final/PasteAsFile/build/PasteAsFile.build/Release/PasteAsFile.build/PasteAsFile-project-headers.hmap -Xcc -I/Users/bf/Library/CloudStorage/GoogleDrive-bernynoussi@gmail.com/Mon\ Drive/Formation/Collège\ BDEB/ETE_2026/420-A60-BB\ ALGORITHMES\ D\'APPRENTISSAGE\ PROFOND/Examen\ Final/PasteAsFile/build/Release/include -Xcc -I/Users/bf/Library/CloudStorage/GoogleDrive-bernynoussi@gmail.com/Mon\ Drive/Formation/Collège\ BDEB/ETE_2026/420-A60-BB\ ALGORITHMES\ D\'APPRENTISSAGE\ PROFOND/Examen\ Final/PasteAsFile/build/PasteAsFile.build/Release/PasteAsFile.build/DerivedSources-normal/arm64 -Xcc -I/Users/bf/Library/CloudStorage/GoogleDrive-bernynoussi@gmail.com/Mon\ Drive/Formation/Collège\ BDEB/ETE_2026/420-A60-BB\ ALGORITHMES\ D\'APPRENTISSAGE\ PROFOND/Examen\ Final/PasteAsFile/build/PasteAsFile.build/Release/PasteAsFile.build/DerivedSources/arm64 -Xcc -I/Users/bf/Library/CloudStorage/GoogleDrive-bernynoussi@gmail.com/Mon\ Drive/Formation/Collège\ BDEB/ETE_2026/420-A60-BB\ ALGORITHMES\ D\'APPRENTISSAGE\ PROFOND/Examen\ Final/PasteAsFile/build/PasteAsFile.build/Release/PasteAsFile.build/DerivedSources -emit-objc-header -emit-objc-header-path /Users/bf/Library/CloudStorage/GoogleDrive-bernynoussi@gmail.com/Mon\ Drive/Formation/Collège\ BDEB/ETE_2026/420-A60-BB\ ALGORITHMES\ D\'APPRENTISSAGE\ PROFOND/Examen\ Final/PasteAsFile/build/PasteAsFile.build/Release/PasteAsFile.build/Objects-normal/arm64/PasteAsFile-Swift.h -working-directory /Users/bf/Library/CloudStorage/GoogleDrive-bernynoussi@gmail.com/Mon\ Drive/Formation/Collège\ BDEB/ETE_2026/420-A60-BB\ ALGORITHMES\ D\'APPRENTISSAGE\ PROFOND/Examen\ Final/PasteAsFile -no-emit-module-separately-wmo

SwiftMergeGeneratedHeaders /Users/bf/Library/CloudStorage/GoogleDrive-bernynoussi@gmail.com/Mon\ Drive/Formation/Collège\ BDEB/ETE_2026/420-A60-BB\ ALGORITHMES\ D\'APPRENTISSAGE\ PROFOND/Examen\ Final/PasteAsFile/build/PasteAsFile.build/Release/PasteAsFile.build/DerivedSources/PasteAsFile-Swift.h /Users/bf/Library/CloudStorage/GoogleDrive-bernynoussi@gmail.com/Mon\ Drive/Formation/Collège\ BDEB/ETE_2026/420-A60-BB\ ALGORITHMES\ D\'APPRENTISSAGE\ PROFOND/Examen\ Final/PasteAsFile/build/PasteAsFile.build/Release/PasteAsFile.build/Objects-normal/arm64/PasteAsFile-Swift.h /Users/bf/Library/CloudStorage/GoogleDrive-bernynoussi@gmail.com/Mon\ Drive/Formation/Collège\ BDEB/ETE_2026/420-A60-BB\ ALGORITHMES\ D\'APPRENTISSAGE\ PROFOND/Examen\ Final/PasteAsFile/build/PasteAsFile.build/Release/PasteAsFile.build/Objects-normal/x86_64/PasteAsFile-Swift.h (in target 'PasteAsFile' from project 'PasteAsFile')
    cd /Users/bf/Library/CloudStorage/GoogleDrive-bernynoussi@gmail.com/Mon\ Drive/Formation/Collège\ BDEB/ETE_2026/420-A60-BB\ ALGORITHMES\ D\'APPRENTISSAGE\ PROFOND/Examen\ Final/PasteAsFile
    builtin-swiftHeaderTool -arch arm64 /Users/bf/Library/CloudStorage/GoogleDrive-bernynoussi@gmail.com/Mon\ Drive/Formation/Collège\ BDEB/ETE_2026/420-A60-BB\ ALGORITHMES\ D\'APPRENTISSAGE\ PROFOND/Examen\ Final/PasteAsFile/build/PasteAsFile.build/Release/PasteAsFile.build/Objects-normal/arm64/PasteAsFile-Swift.h -arch x86_64 /Users/bf/Library/CloudStorage/GoogleDrive-bernynoussi@gmail.com/Mon\ Drive/Formation/Collège\ BDEB/ETE_2026/420-A60-BB\ ALGORITHMES\ D\'APPRENTISSAGE\ PROFOND/Examen\ Final/PasteAsFile/build/PasteAsFile.build/Release/PasteAsFile.build/Objects-normal/x86_64/PasteAsFile-Swift.h -o /Users/bf/Library/CloudStorage/GoogleDrive-bernynoussi@gmail.com/Mon\ Drive/Formation/Collège\ BDEB/ETE_2026/420-A60-BB\ ALGORITHMES\ D\'APPRENTISSAGE\ PROFOND/Examen\ Final/PasteAsFile/build/PasteAsFile.build/Release/PasteAsFile.build/DerivedSources/PasteAsFile-Swift.h

Copy /Users/bf/Library/CloudStorage/GoogleDrive-bernynoussi@gmail.com/Mon\ Drive/Formation/Collège\ BDEB/ETE_2026/420-A60-BB\ ALGORITHMES\ D\'APPRENTISSAGE\ PROFOND/Examen\ Final/PasteAsFile/build/Release/PasteAsFile.swiftmodule/arm64-apple-macos.swiftdoc /Users/bf/Library/CloudStorage/GoogleDrive-bernynoussi@gmail.com/Mon\ Drive/Formation/Collège\ BDEB/ETE_2026/420-A60-BB\ ALGORITHMES\ D\'APPRENTISSAGE\ PROFOND/Examen\ Final/PasteAsFile/build/PasteAsFile.build/Release/PasteAsFile.build/Objects-normal/arm64/PasteAsFile.swiftdoc (in target 'PasteAsFile' from project 'PasteAsFile')
    cd /Users/bf/Library/CloudStorage/GoogleDrive-bernynoussi@gmail.com/Mon\ Drive/Formation/Collège\ BDEB/ETE_2026/420-A60-BB\ ALGORITHMES\ D\'APPRENTISSAGE\ PROFOND/Examen\ Final/PasteAsFile
    builtin-copy -exclude .DS_Store -exclude CVS -exclude .svn -exclude .git -exclude .hg -resolve-src-symlinks -rename /Users/bf/Library/CloudStorage/GoogleDrive-bernynoussi@gmail.com/Mon\ Drive/Formation/Collège\ BDEB/ETE_2026/420-A60-BB\ ALGORITHMES\ D\'APPRENTISSAGE\ PROFOND/Examen\ Final/PasteAsFile/build/PasteAsFile.build/Release/PasteAsFile.build/Objects-normal/arm64/PasteAsFile.swiftdoc /Users/bf/Library/CloudStorage/GoogleDrive-bernynoussi@gmail.com/Mon\ Drive/Formation/Collège\ BDEB/ETE_2026/420-A60-BB\ ALGORITHMES\ D\'APPRENTISSAGE\ PROFOND/Examen\ Final/PasteAsFile/build/Release/PasteAsFile.swiftmodule/arm64-apple-macos.swiftdoc

Copy /Users/bf/Library/CloudStorage/GoogleDrive-bernynoussi@gmail.com/Mon\ Drive/Formation/Collège\ BDEB/ETE_2026/420-A60-BB\ ALGORITHMES\ D\'APPRENTISSAGE\ PROFOND/Examen\ Final/PasteAsFile/build/Release/PasteAsFile.swiftmodule/x86_64-apple-macos.abi.json /Users/bf/Library/CloudStorage/GoogleDrive-bernynoussi@gmail.com/Mon\ Drive/Formation/Collège\ BDEB/ETE_2026/420-A60-BB\ ALGORITHMES\ D\'APPRENTISSAGE\ PROFOND/Examen\ Final/PasteAsFile/build/PasteAsFile.build/Release/PasteAsFile.build/Objects-normal/x86_64/PasteAsFile.abi.json (in target 'PasteAsFile' from project 'PasteAsFile')
    cd /Users/bf/Library/CloudStorage/GoogleDrive-bernynoussi@gmail.com/Mon\ Drive/Formation/Collège\ BDEB/ETE_2026/420-A60-BB\ ALGORITHMES\ D\'APPRENTISSAGE\ PROFOND/Examen\ Final/PasteAsFile
    builtin-copy -exclude .DS_Store -exclude CVS -exclude .svn -exclude .git -exclude .hg -resolve-src-symlinks -rename /Users/bf/Library/CloudStorage/GoogleDrive-bernynoussi@gmail.com/Mon\ Drive/Formation/Collège\ BDEB/ETE_2026/420-A60-BB\ ALGORITHMES\ D\'APPRENTISSAGE\ PROFOND/Examen\ Final/PasteAsFile/build/PasteAsFile.build/Release/PasteAsFile.build/Objects-normal/x86_64/PasteAsFile.abi.json /Users/bf/Library/CloudStorage/GoogleDrive-bernynoussi@gmail.com/Mon\ Drive/Formation/Collège\ BDEB/ETE_2026/420-A60-BB\ ALGORITHMES\ D\'APPRENTISSAGE\ PROFOND/Examen\ Final/PasteAsFile/build/Release/PasteAsFile.swiftmodule/x86_64-apple-macos.abi.json

Copy /Users/bf/Library/CloudStorage/GoogleDrive-bernynoussi@gmail.com/Mon\ Drive/Formation/Collège\ BDEB/ETE_2026/420-A60-BB\ ALGORITHMES\ D\'APPRENTISSAGE\ PROFOND/Examen\ Final/PasteAsFile/build/Release/PasteAsFile.swiftmodule/x86_64-apple-macos.swiftdoc /Users/bf/Library/CloudStorage/GoogleDrive-bernynoussi@gmail.com/Mon\ Drive/Formation/Collège\ BDEB/ETE_2026/420-A60-BB\ ALGORITHMES\ D\'APPRENTISSAGE\ PROFOND/Examen\ Final/PasteAsFile/build/PasteAsFile.build/Release/PasteAsFile.build/Objects-normal/x86_64/PasteAsFile.swiftdoc (in target 'PasteAsFile' from project 'PasteAsFile')
    cd /Users/bf/Library/CloudStorage/GoogleDrive-bernynoussi@gmail.com/Mon\ Drive/Formation/Collège\ BDEB/ETE_2026/420-A60-BB\ ALGORITHMES\ D\'APPRENTISSAGE\ PROFOND/Examen\ Final/PasteAsFile
    builtin-copy -exclude .DS_Store -exclude CVS -exclude .svn -exclude .git -exclude .hg -resolve-src-symlinks -rename /Users/bf/Library/CloudStorage/GoogleDrive-bernynoussi@gmail.com/Mon\ Drive/Formation/Collège\ BDEB/ETE_2026/420-A60-BB\ ALGORITHMES\ D\'APPRENTISSAGE\ PROFOND/Examen\ Final/PasteAsFile/build/PasteAsFile.build/Release/PasteAsFile.build/Objects-normal/x86_64/PasteAsFile.swiftdoc /Users/bf/Library/CloudStorage/GoogleDrive-bernynoussi@gmail.com/Mon\ Drive/Formation/Collège\ BDEB/ETE_2026/420-A60-BB\ ALGORITHMES\ D\'APPRENTISSAGE\ PROFOND/Examen\ Final/PasteAsFile/build/Release/PasteAsFile.swiftmodule/x86_64-apple-macos.swiftdoc

Copy /Users/bf/Library/CloudStorage/GoogleDrive-bernynoussi@gmail.com/Mon\ Drive/Formation/Collège\ BDEB/ETE_2026/420-A60-BB\ ALGORITHMES\ D\'APPRENTISSAGE\ PROFOND/Examen\ Final/PasteAsFile/build/Release/PasteAsFile.swiftmodule/arm64-apple-macos.swiftmodule /Users/bf/Library/CloudStorage/GoogleDrive-bernynoussi@gmail.com/Mon\ Drive/Formation/Collège\ BDEB/ETE_2026/420-A60-BB\ ALGORITHMES\ D\'APPRENTISSAGE\ PROFOND/Examen\ Final/PasteAsFile/build/PasteAsFile.build/Release/PasteAsFile.build/Objects-normal/arm64/PasteAsFile.swiftmodule (in target 'PasteAsFile' from project 'PasteAsFile')
    cd /Users/bf/Library/CloudStorage/GoogleDrive-bernynoussi@gmail.com/Mon\ Drive/Formation/Collège\ BDEB/ETE_2026/420-A60-BB\ ALGORITHMES\ D\'APPRENTISSAGE\ PROFOND/Examen\ Final/PasteAsFile
    builtin-copy -exclude .DS_Store -exclude CVS -exclude .svn -exclude .git -exclude .hg -resolve-src-symlinks -rename /Users/bf/Library/CloudStorage/GoogleDrive-bernynoussi@gmail.com/Mon\ Drive/Formation/Collège\ BDEB/ETE_2026/420-A60-BB\ ALGORITHMES\ D\'APPRENTISSAGE\ PROFOND/Examen\ Final/PasteAsFile/build/PasteAsFile.build/Release/PasteAsFile.build/Objects-normal/arm64/PasteAsFile.swiftmodule /Users/bf/Library/CloudStorage/GoogleDrive-bernynoussi@gmail.com/Mon\ Drive/Formation/Collège\ BDEB/ETE_2026/420-A60-BB\ ALGORITHMES\ D\'APPRENTISSAGE\ PROFOND/Examen\ Final/PasteAsFile/build/Release/PasteAsFile.swiftmodule/arm64-apple-macos.swiftmodule

Copy /Users/bf/Library/CloudStorage/GoogleDrive-bernynoussi@gmail.com/Mon\ Drive/Formation/Collège\ BDEB/ETE_2026/420-A60-BB\ ALGORITHMES\ D\'APPRENTISSAGE\ PROFOND/Examen\ Final/PasteAsFile/build/Release/PasteAsFile.swiftmodule/arm64-apple-macos.abi.json /Users/bf/Library/CloudStorage/GoogleDrive-bernynoussi@gmail.com/Mon\ Drive/Formation/Collège\ BDEB/ETE_2026/420-A60-BB\ ALGORITHMES\ D\'APPRENTISSAGE\ PROFOND/Examen\ Final/PasteAsFile/build/PasteAsFile.build/Release/PasteAsFile.build/Objects-normal/arm64/PasteAsFile.abi.json (in target 'PasteAsFile' from project 'PasteAsFile')
    cd /Users/bf/Library/CloudStorage/GoogleDrive-bernynoussi@gmail.com/Mon\ Drive/Formation/Collège\ BDEB/ETE_2026/420-A60-BB\ ALGORITHMES\ D\'APPRENTISSAGE\ PROFOND/Examen\ Final/PasteAsFile
    builtin-copy -exclude .DS_Store -exclude CVS -exclude .svn -exclude .git -exclude .hg -resolve-src-symlinks -rename /Users/bf/Library/CloudStorage/GoogleDrive-bernynoussi@gmail.com/Mon\ Drive/Formation/Collège\ BDEB/ETE_2026/420-A60-BB\ ALGORITHMES\ D\'APPRENTISSAGE\ PROFOND/Examen\ Final/PasteAsFile/build/PasteAsFile.build/Release/PasteAsFile.build/Objects-normal/arm64/PasteAsFile.abi.json /Users/bf/Library/CloudStorage/GoogleDrive-bernynoussi@gmail.com/Mon\ Drive/Formation/Collège\ BDEB/ETE_2026/420-A60-BB\ ALGORITHMES\ D\'APPRENTISSAGE\ PROFOND/Examen\ Final/PasteAsFile/build/Release/PasteAsFile.swiftmodule/arm64-apple-macos.abi.json

Copy /Users/bf/Library/CloudStorage/GoogleDrive-bernynoussi@gmail.com/Mon\ Drive/Formation/Collège\ BDEB/ETE_2026/420-A60-BB\ ALGORITHMES\ D\'APPRENTISSAGE\ PROFOND/Examen\ Final/PasteAsFile/build/Release/PasteAsFile.swiftmodule/x86_64-apple-macos.swiftmodule /Users/bf/Library/CloudStorage/GoogleDrive-bernynoussi@gmail.com/Mon\ Drive/Formation/Collège\ BDEB/ETE_2026/420-A60-BB\ ALGORITHMES\ D\'APPRENTISSAGE\ PROFOND/Examen\ Final/PasteAsFile/build/PasteAsFile.build/Release/PasteAsFile.build/Objects-normal/x86_64/PasteAsFile.swiftmodule (in target 'PasteAsFile' from project 'PasteAsFile')
    cd /Users/bf/Library/CloudStorage/GoogleDrive-bernynoussi@gmail.com/Mon\ Drive/Formation/Collège\ BDEB/ETE_2026/420-A60-BB\ ALGORITHMES\ D\'APPRENTISSAGE\ PROFOND/Examen\ Final/PasteAsFile
    builtin-copy -exclude .DS_Store -exclude CVS -exclude .svn -exclude .git -exclude .hg -resolve-src-symlinks -rename /Users/bf/Library/CloudStorage/GoogleDrive-bernynoussi@gmail.com/Mon\ Drive/Formation/Collège\ BDEB/ETE_2026/420-A60-BB\ ALGORITHMES\ D\'APPRENTISSAGE\ PROFOND/Examen\ Final/PasteAsFile/build/PasteAsFile.build/Release/PasteAsFile.build/Objects-normal/x86_64/PasteAsFile.swiftmodule /Users/bf/Library/CloudStorage/GoogleDrive-bernynoussi@gmail.com/Mon\ Drive/Formation/Collège\ BDEB/ETE_2026/420-A60-BB\ ALGORITHMES\ D\'APPRENTISSAGE\ PROFOND/Examen\ Final/PasteAsFile/build/Release/PasteAsFile.swiftmodule/x86_64-apple-macos.swiftmodule

Copy /Users/bf/Library/CloudStorage/GoogleDrive-bernynoussi@gmail.com/Mon\ Drive/Formation/Collège\ BDEB/ETE_2026/420-A60-BB\ ALGORITHMES\ D\'APPRENTISSAGE\ PROFOND/Examen\ Final/PasteAsFile/build/Release/PasteAsFile.swiftmodule/Project/x86_64-apple-macos.swiftsourceinfo /Users/bf/Library/CloudStorage/GoogleDrive-bernynoussi@gmail.com/Mon\ Drive/Formation/Collège\ BDEB/ETE_2026/420-A60-BB\ ALGORITHMES\ D\'APPRENTISSAGE\ PROFOND/Examen\ Final/PasteAsFile/build/PasteAsFile.build/Release/PasteAsFile.build/Objects-normal/x86_64/PasteAsFile.swiftsourceinfo (in target 'PasteAsFile' from project 'PasteAsFile')
    cd /Users/bf/Library/CloudStorage/GoogleDrive-bernynoussi@gmail.com/Mon\ Drive/Formation/Collège\ BDEB/ETE_2026/420-A60-BB\ ALGORITHMES\ D\'APPRENTISSAGE\ PROFOND/Examen\ Final/PasteAsFile
    builtin-copy -exclude .DS_Store -exclude CVS -exclude .svn -exclude .git -exclude .hg -resolve-src-symlinks -rename /Users/bf/Library/CloudStorage/GoogleDrive-bernynoussi@gmail.com/Mon\ Drive/Formation/Collège\ BDEB/ETE_2026/420-A60-BB\ ALGORITHMES\ D\'APPRENTISSAGE\ PROFOND/Examen\ Final/PasteAsFile/build/PasteAsFile.build/Release/PasteAsFile.build/Objects-normal/x86_64/PasteAsFile.swiftsourceinfo /Users/bf/Library/CloudStorage/GoogleDrive-bernynoussi@gmail.com/Mon\ Drive/Formation/Collège\ BDEB/ETE_2026/420-A60-BB\ ALGORITHMES\ D\'APPRENTISSAGE\ PROFOND/Examen\ Final/PasteAsFile/build/Release/PasteAsFile.swiftmodule/Project/x86_64-apple-macos.swiftsourceinfo

Copy /Users/bf/Library/CloudStorage/GoogleDrive-bernynoussi@gmail.com/Mon\ Drive/Formation/Collège\ BDEB/ETE_2026/420-A60-BB\ ALGORITHMES\ D\'APPRENTISSAGE\ PROFOND/Examen\ Final/PasteAsFile/build/Release/PasteAsFile.swiftmodule/Project/arm64-apple-macos.swiftsourceinfo /Users/bf/Library/CloudStorage/GoogleDrive-bernynoussi@gmail.com/Mon\ Drive/Formation/Collège\ BDEB/ETE_2026/420-A60-BB\ ALGORITHMES\ D\'APPRENTISSAGE\ PROFOND/Examen\ Final/PasteAsFile/build/PasteAsFile.build/Release/PasteAsFile.build/Objects-normal/arm64/PasteAsFile.swiftsourceinfo (in target 'PasteAsFile' from project 'PasteAsFile')
    cd /Users/bf/Library/CloudStorage/GoogleDrive-bernynoussi@gmail.com/Mon\ Drive/Formation/Collège\ BDEB/ETE_2026/420-A60-BB\ ALGORITHMES\ D\'APPRENTISSAGE\ PROFOND/Examen\ Final/PasteAsFile
    builtin-copy -exclude .DS_Store -exclude CVS -exclude .svn -exclude .git -exclude .hg -resolve-src-symlinks -rename /Users/bf/Library/CloudStorage/GoogleDrive-bernynoussi@gmail.com/Mon\ Drive/Formation/Collège\ BDEB/ETE_2026/420-A60-BB\ ALGORITHMES\ D\'APPRENTISSAGE\ PROFOND/Examen\ Final/PasteAsFile/build/PasteAsFile.build/Release/PasteAsFile.build/Objects-normal/arm64/PasteAsFile.swiftsourceinfo /Users/bf/Library/CloudStorage/GoogleDrive-bernynoussi@gmail.com/Mon\ Drive/Formation/Collège\ BDEB/ETE_2026/420-A60-BB\ ALGORITHMES\ D\'APPRENTISSAGE\ PROFOND/Examen\ Final/PasteAsFile/build/Release/PasteAsFile.swiftmodule/Project/arm64-apple-macos.swiftsourceinfo

Ld /Users/bf/Library/CloudStorage/GoogleDrive-bernynoussi@gmail.com/Mon\ Drive/Formation/Collège\ BDEB/ETE_2026/420-A60-BB\ ALGORITHMES\ D\'APPRENTISSAGE\ PROFOND/Examen\ Final/PasteAsFile/build/PasteAsFile.build/Release/PasteAsFile.build/Objects-normal/arm64/Binary/PasteAsFile normal arm64 (in target 'PasteAsFile' from project 'PasteAsFile')
    cd /Users/bf/Library/CloudStorage/GoogleDrive-bernynoussi@gmail.com/Mon\ Drive/Formation/Collège\ BDEB/ETE_2026/420-A60-BB\ ALGORITHMES\ D\'APPRENTISSAGE\ PROFOND/Examen\ Final/PasteAsFile
    /Applications/Xcode.app/Contents/Developer/Toolchains/XcodeDefault.xctoolchain/usr/bin/clang -Xlinker -reproducible -target arm64-apple-macos13.0 -isysroot /Applications/Xcode.app/Contents/Developer/Platforms/MacOSX.platform/Developer/SDKs/MacOSX27.0.sdk -Os -Xlinker -no_warn_duplicate_libraries -L/Users/bf/Library/CloudStorage/GoogleDrive-bernynoussi@gmail.com/Mon\ Drive/Formation/Collège\ BDEB/ETE_2026/420-A60-BB\ ALGORITHMES\ D\'APPRENTISSAGE\ PROFOND/Examen\ Final/PasteAsFile/build/EagerLinkingTBDs/Release -L/Users/bf/Library/CloudStorage/GoogleDrive-bernynoussi@gmail.com/Mon\ Drive/Formation/Collège\ BDEB/ETE_2026/420-A60-BB\ ALGORITHMES\ D\'APPRENTISSAGE\ PROFOND/Examen\ Final/PasteAsFile/build/Release -F/Users/bf/Library/CloudStorage/GoogleDrive-bernynoussi@gmail.com/Mon\ Drive/Formation/Collège\ BDEB/ETE_2026/420-A60-BB\ ALGORITHMES\ D\'APPRENTISSAGE\ PROFOND/Examen\ Final/PasteAsFile/build/EagerLinkingTBDs/Release -F/Users/bf/Library/CloudStorage/GoogleDrive-bernynoussi@gmail.com/Mon\ Drive/Formation/Collège\ BDEB/ETE_2026/420-A60-BB\ ALGORITHMES\ D\'APPRENTISSAGE\ PROFOND/Examen\ Final/PasteAsFile/build/Release -filelist /Users/bf/Library/CloudStorage/GoogleDrive-bernynoussi@gmail.com/Mon\ Drive/Formation/Collège\ BDEB/ETE_2026/420-A60-BB\ ALGORITHMES\ D\'APPRENTISSAGE\ PROFOND/Examen\ Final/PasteAsFile/build/PasteAsFile.build/Release/PasteAsFile.build/Objects-normal/arm64/PasteAsFile.LinkFileList -Xlinker -rpath -Xlinker /usr/lib/swift -Xlinker -rpath -Xlinker @executable_path/../Frameworks -Xlinker -object_path_lto -Xlinker /Users/bf/Library/CloudStorage/GoogleDrive-bernynoussi@gmail.com/Mon\ Drive/Formation/Collège\ BDEB/ETE_2026/420-A60-BB\ ALGORITHMES\ D\'APPRENTISSAGE\ PROFOND/Examen\ Final/PasteAsFile/build/PasteAsFile.build/Release/PasteAsFile.build/Objects-normal/arm64/PasteAsFile_lto.o -Xlinker -dependency_info -Xlinker /Users/bf/Library/CloudStorage/GoogleDrive-bernynoussi@gmail.com/Mon\ Drive/Formation/Collège\ BDEB/ETE_2026/420-A60-BB\ ALGORITHMES\ D\'APPRENTISSAGE\ PROFOND/Examen\ Final/PasteAsFile/build/PasteAsFile.build/Release/PasteAsFile.build/Objects-normal/arm64/PasteAsFile_dependency_info.dat -fobjc-link-runtime -L/Applications/Xcode.app/Contents/Developer/Toolchains/XcodeDefault.xctoolchain/usr/lib/swift/macosx -L/usr/lib/swift -Xlinker -add_ast_path -Xlinker /Users/bf/Library/CloudStorage/GoogleDrive-bernynoussi@gmail.com/Mon\ Drive/Formation/Collège\ BDEB/ETE_2026/420-A60-BB\ ALGORITHMES\ D\'APPRENTISSAGE\ PROFOND/Examen\ Final/PasteAsFile/build/PasteAsFile.build/Release/PasteAsFile.build/Objects-normal/arm64/PasteAsFile.swiftmodule -framework Cocoa -Xlinker -no_adhoc_codesign -o /Users/bf/Library/CloudStorage/GoogleDrive-bernynoussi@gmail.com/Mon\ Drive/Formation/Collège\ BDEB/ETE_2026/420-A60-BB\ ALGORITHMES\ D\'APPRENTISSAGE\ PROFOND/Examen\ Final/PasteAsFile/build/PasteAsFile.build/Release/PasteAsFile.build/Objects-normal/arm64/Binary/PasteAsFile

Ld /Users/bf/Library/CloudStorage/GoogleDrive-bernynoussi@gmail.com/Mon\ Drive/Formation/Collège\ BDEB/ETE_2026/420-A60-BB\ ALGORITHMES\ D\'APPRENTISSAGE\ PROFOND/Examen\ Final/PasteAsFile/build/PasteAsFile.build/Release/PasteAsFile.build/Objects-normal/x86_64/Binary/PasteAsFile normal x86_64 (in target 'PasteAsFile' from project 'PasteAsFile')
    cd /Users/bf/Library/CloudStorage/GoogleDrive-bernynoussi@gmail.com/Mon\ Drive/Formation/Collège\ BDEB/ETE_2026/420-A60-BB\ ALGORITHMES\ D\'APPRENTISSAGE\ PROFOND/Examen\ Final/PasteAsFile
    /Applications/Xcode.app/Contents/Developer/Toolchains/XcodeDefault.xctoolchain/usr/bin/clang -Xlinker -reproducible -target x86_64-apple-macos13.0 -isysroot /Applications/Xcode.app/Contents/Developer/Platforms/MacOSX.platform/Developer/SDKs/MacOSX27.0.sdk -Os -Xlinker -no_warn_duplicate_libraries -L/Users/bf/Library/CloudStorage/GoogleDrive-bernynoussi@gmail.com/Mon\ Drive/Formation/Collège\ BDEB/ETE_2026/420-A60-BB\ ALGORITHMES\ D\'APPRENTISSAGE\ PROFOND/Examen\ Final/PasteAsFile/build/EagerLinkingTBDs/Release -L/Users/bf/Library/CloudStorage/GoogleDrive-bernynoussi@gmail.com/Mon\ Drive/Formation/Collège\ BDEB/ETE_2026/420-A60-BB\ ALGORITHMES\ D\'APPRENTISSAGE\ PROFOND/Examen\ Final/PasteAsFile/build/Release -F/Users/bf/Library/CloudStorage/GoogleDrive-bernynoussi@gmail.com/Mon\ Drive/Formation/Collège\ BDEB/ETE_2026/420-A60-BB\ ALGORITHMES\ D\'APPRENTISSAGE\ PROFOND/Examen\ Final/PasteAsFile/build/EagerLinkingTBDs/Release -F/Users/bf/Library/CloudStorage/GoogleDrive-bernynoussi@gmail.com/Mon\ Drive/Formation/Collège\ BDEB/ETE_2026/420-A60-BB\ ALGORITHMES\ D\'APPRENTISSAGE\ PROFOND/Examen\ Final/PasteAsFile/build/Release -filelist /Users/bf/Library/CloudStorage/GoogleDrive-bernynoussi@gmail.com/Mon\ Drive/Formation/Collège\ BDEB/ETE_2026/420-A60-BB\ ALGORITHMES\ D\'APPRENTISSAGE\ PROFOND/Examen\ Final/PasteAsFile/build/PasteAsFile.build/Release/PasteAsFile.build/Objects-normal/x86_64/PasteAsFile.LinkFileList -Xlinker -rpath -Xlinker /usr/lib/swift -Xlinker -rpath -Xlinker @executable_path/../Frameworks -Xlinker -object_path_lto -Xlinker /Users/bf/Library/CloudStorage/GoogleDrive-bernynoussi@gmail.com/Mon\ Drive/Formation/Collège\ BDEB/ETE_2026/420-A60-BB\ ALGORITHMES\ D\'APPRENTISSAGE\ PROFOND/Examen\ Final/PasteAsFile/build/PasteAsFile.build/Release/PasteAsFile.build/Objects-normal/x86_64/PasteAsFile_lto.o -Xlinker -dependency_info -Xlinker /Users/bf/Library/CloudStorage/GoogleDrive-bernynoussi@gmail.com/Mon\ Drive/Formation/Collège\ BDEB/ETE_2026/420-A60-BB\ ALGORITHMES\ D\'APPRENTISSAGE\ PROFOND/Examen\ Final/PasteAsFile/build/PasteAsFile.build/Release/PasteAsFile.build/Objects-normal/x86_64/PasteAsFile_dependency_info.dat -fobjc-link-runtime -L/Applications/Xcode.app/Contents/Developer/Toolchains/XcodeDefault.xctoolchain/usr/lib/swift/macosx -L/usr/lib/swift -Xlinker -add_ast_path -Xlinker /Users/bf/Library/CloudStorage/GoogleDrive-bernynoussi@gmail.com/Mon\ Drive/Formation/Collège\ BDEB/ETE_2026/420-A60-BB\ ALGORITHMES\ D\'APPRENTISSAGE\ PROFOND/Examen\ Final/PasteAsFile/build/PasteAsFile.build/Release/PasteAsFile.build/Objects-normal/x86_64/PasteAsFile.swiftmodule -framework Cocoa -Xlinker -no_adhoc_codesign -o /Users/bf/Library/CloudStorage/GoogleDrive-bernynoussi@gmail.com/Mon\ Drive/Formation/Collège\ BDEB/ETE_2026/420-A60-BB\ ALGORITHMES\ D\'APPRENTISSAGE\ PROFOND/Examen\ Final/PasteAsFile/build/PasteAsFile.build/Release/PasteAsFile.build/Objects-normal/x86_64/Binary/PasteAsFile

CreateUniversalBinary /Users/bf/Library/CloudStorage/GoogleDrive-bernynoussi@gmail.com/Mon\ Drive/Formation/Collège\ BDEB/ETE_2026/420-A60-BB\ ALGORITHMES\ D\'APPRENTISSAGE\ PROFOND/Examen\ Final/PasteAsFile/build/Release/PasteAsFile.app/Contents/MacOS/PasteAsFile normal arm64\ x86_64 (in target 'PasteAsFile' from project 'PasteAsFile')
    cd /Users/bf/Library/CloudStorage/GoogleDrive-bernynoussi@gmail.com/Mon\ Drive/Formation/Collège\ BDEB/ETE_2026/420-A60-BB\ ALGORITHMES\ D\'APPRENTISSAGE\ PROFOND/Examen\ Final/PasteAsFile
    /Applications/Xcode.app/Contents/Developer/Toolchains/XcodeDefault.xctoolchain/usr/bin/lipo -create /Users/bf/Library/CloudStorage/GoogleDrive-bernynoussi@gmail.com/Mon\ Drive/Formation/Collège\ BDEB/ETE_2026/420-A60-BB\ ALGORITHMES\ D\'APPRENTISSAGE\ PROFOND/Examen\ Final/PasteAsFile/build/PasteAsFile.build/Release/PasteAsFile.build/Objects-normal/arm64/Binary/PasteAsFile /Users/bf/Library/CloudStorage/GoogleDrive-bernynoussi@gmail.com/Mon\ Drive/Formation/Collège\ BDEB/ETE_2026/420-A60-BB\ ALGORITHMES\ D\'APPRENTISSAGE\ PROFOND/Examen\ Final/PasteAsFile/build/PasteAsFile.build/Release/PasteAsFile.build/Objects-normal/x86_64/Binary/PasteAsFile -output /Users/bf/Library/CloudStorage/GoogleDrive-bernynoussi@gmail.com/Mon\ Drive/Formation/Collège\ BDEB/ETE_2026/420-A60-BB\ ALGORITHMES\ D\'APPRENTISSAGE\ PROFOND/Examen\ Final/PasteAsFile/build/Release/PasteAsFile.app/Contents/MacOS/PasteAsFile

Copy /Users/bf/Library/CloudStorage/GoogleDrive-bernynoussi@gmail.com/Mon\ Drive/Formation/Collège\ BDEB/ETE_2026/420-A60-BB\ ALGORITHMES\ D\'APPRENTISSAGE\ PROFOND/Examen\ Final/PasteAsFile/build/Release/PasteAsFile.app/Contents/PlugIns/PasteAsFileFinder.appex /Users/bf/Library/CloudStorage/GoogleDrive-bernynoussi@gmail.com/Mon\ Drive/Formation/Collège\ BDEB/ETE_2026/420-A60-BB\ ALGORITHMES\ D\'APPRENTISSAGE\ PROFOND/Examen\ Final/PasteAsFile/build/Release/PasteAsFileFinder.appex (in target 'PasteAsFile' from project 'PasteAsFile')
    cd /Users/bf/Library/CloudStorage/GoogleDrive-bernynoussi@gmail.com/Mon\ Drive/Formation/Collège\ BDEB/ETE_2026/420-A60-BB\ ALGORITHMES\ D\'APPRENTISSAGE\ PROFOND/Examen\ Final/PasteAsFile
    builtin-copy -exclude .DS_Store -exclude CVS -exclude .svn -exclude .git -exclude .hg -resolve-src-symlinks -remove-static-executable /Users/bf/Library/CloudStorage/GoogleDrive-bernynoussi@gmail.com/Mon\ Drive/Formation/Collège\ BDEB/ETE_2026/420-A60-BB\ ALGORITHMES\ D\'APPRENTISSAGE\ PROFOND/Examen\ Final/PasteAsFile/build/Release/PasteAsFileFinder.appex /Users/bf/Library/CloudStorage/GoogleDrive-bernynoussi@gmail.com/Mon\ Drive/Formation/Collège\ BDEB/ETE_2026/420-A60-BB\ ALGORITHMES\ D\'APPRENTISSAGE\ PROFOND/Examen\ Final/PasteAsFile/build/Release/PasteAsFile.app/Contents/PlugIns

ProcessInfoPlistFile /Users/bf/Library/CloudStorage/GoogleDrive-bernynoussi@gmail.com/Mon\ Drive/Formation/Collège\ BDEB/ETE_2026/420-A60-BB\ ALGORITHMES\ D\'APPRENTISSAGE\ PROFOND/Examen\ Final/PasteAsFile/build/Release/PasteAsFile.app/Contents/Info.plist /Users/bf/Library/CloudStorage/GoogleDrive-bernynoussi@gmail.com/Mon\ Drive/Formation/Collège\ BDEB/ETE_2026/420-A60-BB\ ALGORITHMES\ D\'APPRENTISSAGE\ PROFOND/Examen\ Final/PasteAsFile/PasteAsFile/Info.plist (in target 'PasteAsFile' from project 'PasteAsFile')
    cd /Users/bf/Library/CloudStorage/GoogleDrive-bernynoussi@gmail.com/Mon\ Drive/Formation/Collège\ BDEB/ETE_2026/420-A60-BB\ ALGORITHMES\ D\'APPRENTISSAGE\ PROFOND/Examen\ Final/PasteAsFile
    builtin-infoPlistUtility /Users/bf/Library/CloudStorage/GoogleDrive-bernynoussi@gmail.com/Mon\ Drive/Formation/Collège\ BDEB/ETE_2026/420-A60-BB\ ALGORITHMES\ D\'APPRENTISSAGE\ PROFOND/Examen\ Final/PasteAsFile/PasteAsFile/Info.plist -producttype com.apple.product-type.application -genpkginfo /Users/bf/Library/CloudStorage/GoogleDrive-bernynoussi@gmail.com/Mon\ Drive/Formation/Collège\ BDEB/ETE_2026/420-A60-BB\ ALGORITHMES\ D\'APPRENTISSAGE\ PROFOND/Examen\ Final/PasteAsFile/build/Release/PasteAsFile.app/Contents/PkgInfo -expandbuildsettings -platform macosx -scanforprivacyfile /Users/bf/Library/CloudStorage/GoogleDrive-bernynoussi@gmail.com/Mon\ Drive/Formation/Collège\ BDEB/ETE_2026/420-A60-BB\ ALGORITHMES\ D\'APPRENTISSAGE\ PROFOND/Examen\ Final/PasteAsFile/build/Release/PasteAsFile.app/Contents/PlugIns/PasteAsFileFinder.appex -o /Users/bf/Library/CloudStorage/GoogleDrive-bernynoussi@gmail.com/Mon\ Drive/Formation/Collège\ BDEB/ETE_2026/420-A60-BB\ ALGORITHMES\ D\'APPRENTISSAGE\ PROFOND/Examen\ Final/PasteAsFile/build/Release/PasteAsFile.app/Contents/Info.plist

CopySwiftLibs /Users/bf/Library/CloudStorage/GoogleDrive-bernynoussi@gmail.com/Mon\ Drive/Formation/Collège\ BDEB/ETE_2026/420-A60-BB\ ALGORITHMES\ D\'APPRENTISSAGE\ PROFOND/Examen\ Final/PasteAsFile/build/Release/PasteAsFile.app (in target 'PasteAsFile' from project 'PasteAsFile')
    cd /Users/bf/Library/CloudStorage/GoogleDrive-bernynoussi@gmail.com/Mon\ Drive/Formation/Collège\ BDEB/ETE_2026/420-A60-BB\ ALGORITHMES\ D\'APPRENTISSAGE\ PROFOND/Examen\ Final/PasteAsFile
    builtin-swiftStdLibTool --copy --verbose --sign - --scan-executable /Users/bf/Library/CloudStorage/GoogleDrive-bernynoussi@gmail.com/Mon\ Drive/Formation/Collège\ BDEB/ETE_2026/420-A60-BB\ ALGORITHMES\ D\'APPRENTISSAGE\ PROFOND/Examen\ Final/PasteAsFile/build/Release/PasteAsFile.app/Contents/MacOS/PasteAsFile --scan-folder /Users/bf/Library/CloudStorage/GoogleDrive-bernynoussi@gmail.com/Mon\ Drive/Formation/Collège\ BDEB/ETE_2026/420-A60-BB\ ALGORITHMES\ D\'APPRENTISSAGE\ PROFOND/Examen\ Final/PasteAsFile/build/Release/PasteAsFile.app/Contents/Frameworks --scan-folder /Users/bf/Library/CloudStorage/GoogleDrive-bernynoussi@gmail.com/Mon\ Drive/Formation/Collège\ BDEB/ETE_2026/420-A60-BB\ ALGORITHMES\ D\'APPRENTISSAGE\ PROFOND/Examen\ Final/PasteAsFile/build/Release/PasteAsFile.app/Contents/PlugIns --scan-folder /Users/bf/Library/CloudStorage/GoogleDrive-bernynoussi@gmail.com/Mon\ Drive/Formation/Collège\ BDEB/ETE_2026/420-A60-BB\ ALGORITHMES\ D\'APPRENTISSAGE\ PROFOND/Examen\ Final/PasteAsFile/build/Release/PasteAsFile.app/Contents/Library/SystemExtensions --scan-folder /Users/bf/Library/CloudStorage/GoogleDrive-bernynoussi@gmail.com/Mon\ Drive/Formation/Collège\ BDEB/ETE_2026/420-A60-BB\ ALGORITHMES\ D\'APPRENTISSAGE\ PROFOND/Examen\ Final/PasteAsFile/build/Release/PasteAsFile.app/Contents/Extensions --scan-folder /Applications/Xcode.app/Contents/Developer/Platforms/MacOSX.platform/Developer/SDKs/MacOSX26.0.sdk/System/Library/Frameworks/Cocoa.framework --platform macosx --toolchain /Applications/Xcode.app/Contents/Developer/Toolchains/XcodeDefault.xctoolchain --destination /Users/bf/Library/CloudStorage/GoogleDrive-bernynoussi@gmail.com/Mon\ Drive/Formation/Collège\ BDEB/ETE_2026/420-A60-BB\ ALGORITHMES\ D\'APPRENTISSAGE\ PROFOND/Examen\ Final/PasteAsFile/build/Release/PasteAsFile.app/Contents/Frameworks --strip-bitcode --strip-bitcode-tool /Applications/Xcode.app/Contents/Developer/Toolchains/XcodeDefault.xctoolchain/usr/bin/bitcode_strip --emit-dependency-info /Users/bf/Library/CloudStorage/GoogleDrive-bernynoussi@gmail.com/Mon\ Drive/Formation/Collège\ BDEB/ETE_2026/420-A60-BB\ ALGORITHMES\ D\'APPRENTISSAGE\ PROFOND/Examen\ Final/PasteAsFile/build/PasteAsFile.build/Release/PasteAsFile.build/SwiftStdLibToolInputDependencies.dep --filter-for-swift-os --back-deploy-swift-span

ExtractAppIntentsMetadata (in target 'PasteAsFile' from project 'PasteAsFile')
    cd /Users/bf/Library/CloudStorage/GoogleDrive-bernynoussi@gmail.com/Mon\ Drive/Formation/Collège\ BDEB/ETE_2026/420-A60-BB\ ALGORITHMES\ D\'APPRENTISSAGE\ PROFOND/Examen\ Final/PasteAsFile
    /Applications/Xcode.app/Contents/Developer/Toolchains/XcodeDefault.xctoolchain/usr/bin/appintentsmetadataprocessor --toolchain-dir /Applications/Xcode.app/Contents/Developer/Toolchains/XcodeDefault.xctoolchain --module-name PasteAsFile --sdk-root /Applications/Xcode.app/Contents/Developer/Platforms/MacOSX.platform/Developer/SDKs/MacOSX27.0.sdk --xcode-version 27A266a --platform-family macOS --deployment-target 13.0 --bundle-identifier org.pasteasfile.PasteAsFile --output /Users/bf/Library/CloudStorage/GoogleDrive-bernynoussi@gmail.com/Mon\ Drive/Formation/Collège\ BDEB/ETE_2026/420-A60-BB\ ALGORITHMES\ D\'APPRENTISSAGE\ PROFOND/Examen\ Final/PasteAsFile/build/Release/PasteAsFile.app/Contents/Resources --target-triple arm64-apple-macos13.0 --target-triple x86_64-apple-macos13.0 --binary-file /Users/bf/Library/CloudStorage/GoogleDrive-bernynoussi@gmail.com/Mon\ Drive/Formation/Collège\ BDEB/ETE_2026/420-A60-BB\ ALGORITHMES\ D\'APPRENTISSAGE\ PROFOND/Examen\ Final/PasteAsFile/build/Release/PasteAsFile.app/Contents/MacOS/PasteAsFile --dependency-file /Users/bf/Library/CloudStorage/GoogleDrive-bernynoussi@gmail.com/Mon\ Drive/Formation/Collège\ BDEB/ETE_2026/420-A60-BB\ ALGORITHMES\ D\'APPRENTISSAGE\ PROFOND/Examen\ Final/PasteAsFile/build/PasteAsFile.build/Release/PasteAsFile.build/Objects-normal/arm64/PasteAsFile_dependency_info.dat --dependency-file /Users/bf/Library/CloudStorage/GoogleDrive-bernynoussi@gmail.com/Mon\ Drive/Formation/Collège\ BDEB/ETE_2026/420-A60-BB\ ALGORITHMES\ D\'APPRENTISSAGE\ PROFOND/Examen\ Final/PasteAsFile/build/PasteAsFile.build/Release/PasteAsFile.build/Objects-normal/x86_64/PasteAsFile_dependency_info.dat --stringsdata-file /Users/bf/Library/CloudStorage/GoogleDrive-bernynoussi@gmail.com/Mon\ Drive/Formation/Collège\ BDEB/ETE_2026/420-A60-BB\ ALGORITHMES\ D\'APPRENTISSAGE\ PROFOND/Examen\ Final/PasteAsFile/build/PasteAsFile.build/Release/PasteAsFile.build/Objects-normal/arm64/ExtractedAppShortcutsMetadata.stringsdata --stringsdata-file /Users/bf/Library/CloudStorage/GoogleDrive-bernynoussi@gmail.com/Mon\ Drive/Formation/Collège\ BDEB/ETE_2026/420-A60-BB\ ALGORITHMES\ D\'APPRENTISSAGE\ PROFOND/Examen\ Final/PasteAsFile/build/PasteAsFile.build/Release/PasteAsFile.build/Objects-normal/x86_64/ExtractedAppShortcutsMetadata.stringsdata --source-file-list /Users/bf/Library/CloudStorage/GoogleDrive-bernynoussi@gmail.com/Mon\ Drive/Formation/Collège\ BDEB/ETE_2026/420-A60-BB\ ALGORITHMES\ D\'APPRENTISSAGE\ PROFOND/Examen\ Final/PasteAsFile/build/PasteAsFile.build/Release/PasteAsFile.build/Objects-normal/arm64/PasteAsFile.SwiftFileList --source-file-list /Users/bf/Library/CloudStorage/GoogleDrive-bernynoussi@gmail.com/Mon\ Drive/Formation/Collège\ BDEB/ETE_2026/420-A60-BB\ ALGORITHMES\ D\'APPRENTISSAGE\ PROFOND/Examen\ Final/PasteAsFile/build/PasteAsFile.build/Release/PasteAsFile.build/Objects-normal/x86_64/PasteAsFile.SwiftFileList --metadata-file-list /Users/bf/Library/CloudStorage/GoogleDrive-bernynoussi@gmail.com/Mon\ Drive/Formation/Collège\ BDEB/ETE_2026/420-A60-BB\ ALGORITHMES\ D\'APPRENTISSAGE\ PROFOND/Examen\ Final/PasteAsFile/build/PasteAsFile.build/Release/PasteAsFile.build/PasteAsFile.DependencyMetadataFileList --static-metadata-file-list /Users/bf/Library/CloudStorage/GoogleDrive-bernynoussi@gmail.com/Mon\ Drive/Formation/Collège\ BDEB/ETE_2026/420-A60-BB\ ALGORITHMES\ D\'APPRENTISSAGE\ PROFOND/Examen\ Final/PasteAsFile/build/PasteAsFile.build/Release/PasteAsFile.build/PasteAsFile.DependencyStaticMetadataFileList --swift-const-vals-list /Users/bf/Library/CloudStorage/GoogleDrive-bernynoussi@gmail.com/Mon\ Drive/Formation/Collège\ BDEB/ETE_2026/420-A60-BB\ ALGORITHMES\ D\'APPRENTISSAGE\ PROFOND/Examen\ Final/PasteAsFile/build/PasteAsFile.build/Release/PasteAsFile.build/Objects-normal/arm64/PasteAsFile.SwiftConstValuesFileList --swift-const-vals-list /Users/bf/Library/CloudStorage/GoogleDrive-bernynoussi@gmail.com/Mon\ Drive/Formation/Collège\ BDEB/ETE_2026/420-A60-BB\ ALGORITHMES\ D\'APPRENTISSAGE\ PROFOND/Examen\ Final/PasteAsFile/build/PasteAsFile.build/Release/PasteAsFile.build/Objects-normal/x86_64/PasteAsFile.SwiftConstValuesFileList --compile-time-extraction --deployment-aware-processing --no-app-shortcuts-localization
2026-09-30 06:11:37.000 appintentsmetadataprocessor[77242:9151644] Starting appintentsmetadataprocessor export
2026-09-30 06:11:37.004 appintentsmetadataprocessor[77242:9151644] warning: Metadata extraction skipped, no AppIntents.framework dependency found

GenerateDSYMFile /Users/bf/Library/CloudStorage/GoogleDrive-bernynoussi@gmail.com/Mon\ Drive/Formation/Collège\ BDEB/ETE_2026/420-A60-BB\ ALGORITHMES\ D\'APPRENTISSAGE\ PROFOND/Examen\ Final/PasteAsFile/build/Release/PasteAsFile.app.dSYM /Users/bf/Library/CloudStorage/GoogleDrive-bernynoussi@gmail.com/Mon\ Drive/Formation/Collège\ BDEB/ETE_2026/420-A60-BB\ ALGORITHMES\ D\'APPRENTISSAGE\ PROFOND/Examen\ Final/PasteAsFile/build/Release/PasteAsFile.app/Contents/MacOS/PasteAsFile (in target 'PasteAsFile' from project 'PasteAsFile')
    cd /Users/bf/Library/CloudStorage/GoogleDrive-bernynoussi@gmail.com/Mon\ Drive/Formation/Collège\ BDEB/ETE_2026/420-A60-BB\ ALGORITHMES\ D\'APPRENTISSAGE\ PROFOND/Examen\ Final/PasteAsFile
    export PATH\=/Applications/Xcode.app/Contents/SharedFrameworks/SwiftBuild.framework/Versions/A/PlugIns/SWBBuildService.bundle/Contents/PlugIns/SWBUniversalPlatformPlugin.bundle/Contents/Frameworks/SWBUniversalPlatform.framework/Resources:/Applications/Xcode.app/Contents/Developer/Toolchains/XcodeDefault.xctoolchain/usr/bin:/Applications/Xcode.app/Contents/Developer/Toolchains/XcodeDefault.xctoolchain/usr/local/bin:/Applications/Xcode.app/Contents/Developer/Toolchains/XcodeDefault.xctoolchain/usr/libexec:/Applications/Xcode.app/Contents/Developer/Platforms/MacOSX.platform/usr/bin:/Applications/Xcode.app/Contents/Developer/Platforms/MacOSX.platform/usr/local/bin:/Applications/Xcode.app/Contents/Developer/Platforms/MacOSX.platform/Developer/usr/bin:/Applications/Xcode.app/Contents/Developer/Platforms/MacOSX.platform/Developer/usr/local/bin:/Applications/Xcode.app/Contents/Developer/usr/bin:/Applications/Xcode.app/Contents/Developer/usr/local/bin:/Users/bf/bin:/Users/bf/.codex/browser-tools/bin:/Users/bf/.holo/bin:/Users/bf/.opencode/bin:/Users/bf/.local/bin:/opt/homebrew/bin:/opt/homebrew/sbin:/usr/local/bin:/System/Cryptexes/App/usr/bin:/usr/bin:/bin:/usr/sbin:/sbin:/var/run/com.apple.security.cryptexd/codex.system/bootstrap/usr/local/bin:/var/run/com.apple.security.cryptexd/codex.system/bootstrap/usr/bin:/var/run/com.apple.security.cryptexd/codex.system/bootstrap/usr/appleinternal/bin:/pkg/env/global/bin:/Library/Apple/usr/bin:/Users/bf/.cargo/bin:/Users/bf/.orbstack/bin:/Users/bf/.dotnet
    /Applications/Xcode.app/Contents/Developer/Toolchains/XcodeDefault.xctoolchain/usr/bin/dsymutil /Users/bf/Library/CloudStorage/GoogleDrive-bernynoussi@gmail.com/Mon\ Drive/Formation/Collège\ BDEB/ETE_2026/420-A60-BB\ ALGORITHMES\ D\'APPRENTISSAGE\ PROFOND/Examen\ Final/PasteAsFile/build/Release/PasteAsFile.app/Contents/MacOS/PasteAsFile -o /Users/bf/Library/CloudStorage/GoogleDrive-bernynoussi@gmail.com/Mon\ Drive/Formation/Collège\ BDEB/ETE_2026/420-A60-BB\ ALGORITHMES\ D\'APPRENTISSAGE\ PROFOND/Examen\ Final/PasteAsFile/build/Release/PasteAsFile.app.dSYM

CodeSign /Users/bf/Library/CloudStorage/GoogleDrive-bernynoussi@gmail.com/Mon\ Drive/Formation/Collège\ BDEB/ETE_2026/420-A60-BB\ ALGORITHMES\ D\'APPRENTISSAGE\ PROFOND/Examen\ Final/PasteAsFile/build/Release/PasteAsFile.app (in target 'PasteAsFile' from project 'PasteAsFile')
    cd /Users/bf/Library/CloudStorage/GoogleDrive-bernynoussi@gmail.com/Mon\ Drive/Formation/Collège\ BDEB/ETE_2026/420-A60-BB\ ALGORITHMES\ D\'APPRENTISSAGE\ PROFOND/Examen\ Final/PasteAsFile
    
    Signing Identity:     "Sign to Run Locally"
    
    /usr/bin/codesign --force --sign - --entitlements /Users/bf/Library/CloudStorage/GoogleDrive-bernynoussi@gmail.com/Mon\ Drive/Formation/Collège\ BDEB/ETE_2026/420-A60-BB\ ALGORITHMES\ D\'APPRENTISSAGE\ PROFOND/Examen\ Final/PasteAsFile/build/PasteAsFile.build/Release/PasteAsFile.build/PasteAsFile.app.xcent --timestamp\=none --generate-entitlement-der /Users/bf/Library/CloudStorage/GoogleDrive-bernynoussi@gmail.com/Mon\ Drive/Formation/Collège\ BDEB/ETE_2026/420-A60-BB\ ALGORITHMES\ D\'APPRENTISSAGE\ PROFOND/Examen\ Final/PasteAsFile/build/Release/PasteAsFile.app

ValidateEmbeddedBinary /Users/bf/Library/CloudStorage/GoogleDrive-bernynoussi@gmail.com/Mon\ Drive/Formation/Collège\ BDEB/ETE_2026/420-A60-BB\ ALGORITHMES\ D\'APPRENTISSAGE\ PROFOND/Examen\ Final/PasteAsFile/build/Release/PasteAsFile.app/Contents/PlugIns/PasteAsFileFinder.appex (in target 'PasteAsFile' from project 'PasteAsFile')
    cd /Users/bf/Library/CloudStorage/GoogleDrive-bernynoussi@gmail.com/Mon\ Drive/Formation/Collège\ BDEB/ETE_2026/420-A60-BB\ ALGORITHMES\ D\'APPRENTISSAGE\ PROFOND/Examen\ Final/PasteAsFile
    /Applications/Xcode.app/Contents/Developer/usr/bin/embeddedBinaryValidationUtility /Users/bf/Library/CloudStorage/GoogleDrive-bernynoussi@gmail.com/Mon\ Drive/Formation/Collège\ BDEB/ETE_2026/420-A60-BB\ ALGORITHMES\ D\'APPRENTISSAGE\ PROFOND/Examen\ Final/PasteAsFile/build/Release/PasteAsFile.app/Contents/PlugIns/PasteAsFileFinder.appex -signing-cert - -info-plist-path /Users/bf/Library/CloudStorage/GoogleDrive-bernynoussi@gmail.com/Mon\ Drive/Formation/Collège\ BDEB/ETE_2026/420-A60-BB\ ALGORITHMES\ D\'APPRENTISSAGE\ PROFOND/Examen\ Final/PasteAsFile/build/Release/PasteAsFile.app/Contents/Info.plist

RegisterExecutionPolicyException /Users/bf/Library/CloudStorage/GoogleDrive-bernynoussi@gmail.com/Mon\ Drive/Formation/Collège\ BDEB/ETE_2026/420-A60-BB\ ALGORITHMES\ D\'APPRENTISSAGE\ PROFOND/Examen\ Final/PasteAsFile/build/Release/PasteAsFile.app (in target 'PasteAsFile' from project 'PasteAsFile')
    cd /Users/bf/Library/CloudStorage/GoogleDrive-bernynoussi@gmail.com/Mon\ Drive/Formation/Collège\ BDEB/ETE_2026/420-A60-BB\ ALGORITHMES\ D\'APPRENTISSAGE\ PROFOND/Examen\ Final/PasteAsFile
    builtin-RegisterExecutionPolicyException /Users/bf/Library/CloudStorage/GoogleDrive-bernynoussi@gmail.com/Mon\ Drive/Formation/Collège\ BDEB/ETE_2026/420-A60-BB\ ALGORITHMES\ D\'APPRENTISSAGE\ PROFOND/Examen\ Final/PasteAsFile/build/Release/PasteAsFile.app

Validate /Users/bf/Library/CloudStorage/GoogleDrive-bernynoussi@gmail.com/Mon\ Drive/Formation/Collège\ BDEB/ETE_2026/420-A60-BB\ ALGORITHMES\ D\'APPRENTISSAGE\ PROFOND/Examen\ Final/PasteAsFile/build/Release/PasteAsFile.app (in target 'PasteAsFile' from project 'PasteAsFile')
    cd /Users/bf/Library/CloudStorage/GoogleDrive-bernynoussi@gmail.com/Mon\ Drive/Formation/Collège\ BDEB/ETE_2026/420-A60-BB\ ALGORITHMES\ D\'APPRENTISSAGE\ PROFOND/Examen\ Final/PasteAsFile
    builtin-validationUtility /Users/bf/Library/CloudStorage/GoogleDrive-bernynoussi@gmail.com/Mon\ Drive/Formation/Collège\ BDEB/ETE_2026/420-A60-BB\ ALGORITHMES\ D\'APPRENTISSAGE\ PROFOND/Examen\ Final/PasteAsFile/build/Release/PasteAsFile.app -no-validate-extension -infoplist-subpath Contents/Info.plist

Touch /Users/bf/Library/CloudStorage/GoogleDrive-bernynoussi@gmail.com/Mon\ Drive/Formation/Collège\ BDEB/ETE_2026/420-A60-BB\ ALGORITHMES\ D\'APPRENTISSAGE\ PROFOND/Examen\ Final/PasteAsFile/build/Release/PasteAsFile.app (in target 'PasteAsFile' from project 'PasteAsFile')
    cd /Users/bf/Library/CloudStorage/GoogleDrive-bernynoussi@gmail.com/Mon\ Drive/Formation/Collège\ BDEB/ETE_2026/420-A60-BB\ ALGORITHMES\ D\'APPRENTISSAGE\ PROFOND/Examen\ Final/PasteAsFile
    /usr/bin/touch -c /Users/bf/Library/CloudStorage/GoogleDrive-bernynoussi@gmail.com/Mon\ Drive/Formation/Collège\ BDEB/ETE_2026/420-A60-BB\ ALGORITHMES\ D\'APPRENTISSAGE\ PROFOND/Examen\ Final/PasteAsFile/build/Release/PasteAsFile.app

RegisterWithLaunchServices /Users/bf/Library/CloudStorage/GoogleDrive-bernynoussi@gmail.com/Mon\ Drive/Formation/Collège\ BDEB/ETE_2026/420-A60-BB\ ALGORITHMES\ D\'APPRENTISSAGE\ PROFOND/Examen\ Final/PasteAsFile/build/Release/PasteAsFile.app (in target 'PasteAsFile' from project 'PasteAsFile')
    cd /Users/bf/Library/CloudStorage/GoogleDrive-bernynoussi@gmail.com/Mon\ Drive/Formation/Collège\ BDEB/ETE_2026/420-A60-BB\ ALGORITHMES\ D\'APPRENTISSAGE\ PROFOND/Examen\ Final/PasteAsFile
    builtin-lsregisterurl --record-path /Users/bf/Library/CloudStorage/GoogleDrive-bernynoussi@gmail.com/Mon\ Drive/Formation/Collège\ BDEB/ETE_2026/420-A60-BB\ ALGORITHMES\ D\'APPRENTISSAGE\ PROFOND/Examen\ Final/PasteAsFile/build/XCBuildData/registered-launchservices.txt -- /System/Library/Frameworks/CoreServices.framework/Versions/Current/Frameworks/LaunchServices.framework/Versions/Current/Support/lsregister -f -R -trusted /Users/bf/Library/CloudStorage/GoogleDrive-bernynoussi@gmail.com/Mon\ Drive/Formation/Collège\ BDEB/ETE_2026/420-A60-BB\ ALGORITHMES\ D\'APPRENTISSAGE\ PROFOND/Examen\ Final/PasteAsFile/build/Release/PasteAsFile.app

PruneExplicitPrecompiledModules /Users/bf/Library/CloudStorage/GoogleDrive-bernynoussi@gmail.com/Mon Drive/Formation/Collège BDEB/ETE_2026/420-A60-BB ALGORITHMES D'APPRENTISSAGE PROFOND/Examen Final/PasteAsFile/build/ExplicitPrecompiledModules

PruneExplicitPrecompiledModules /Users/bf/Library/CloudStorage/GoogleDrive-bernynoussi@gmail.com/Mon Drive/Formation/Collège BDEB/ETE_2026/420-A60-BB ALGORITHMES D'APPRENTISSAGE PROFOND/Examen Final/PasteAsFile/build/SwiftExplicitPrecompiledModules

** BUILD SUCCEEDED **

./PasteAsFile/Info.plist: OK
./.build/out/Intermediates.noindex/PasteAsFileCore.build/Debug/PasteAsFileCoreTests-p.build/empty-PasteAsFileCoreTests.plist: OK
./.build/out/Intermediates.noindex/PasteAsFileCore.build/Debug/PasteAsFileCoreTests-p.build/DerivedSources/Entitlements.plist: OK
./.build/out/Products/Debug/PasteAsFileCoreTests.xctest/Contents/Info.plist: OK
./PasteAsFileFinder/Info.plist: OK
./PasteAsFile.xcodeproj/xcuserdata/bf.xcuserdatad/xcschemes/xcschememanagement.plist: OK
--prepared:/Users/bf/Library/CloudStorage/GoogleDrive-bernynoussi@gmail.com/Mon Drive/Formation/Collège BDEB/ETE_2026/420-A60-BB ALGORITHMES D'APPRENTISSAGE PROFOND/Examen Final/PasteAsFile/build/Release/PasteAsFile.app/Contents/PlugIns/PasteAsFileFinder.appex
./build/Release/PasteAsFile.app: resource fork, Finder information, or similar detritus not allowed
In subcomponent: /Users/bf/Library/CloudStorage/GoogleDrive-bernynoussi@gmail.com/Mon Drive/Formation/Collège BDEB/ETE_2026/420-A60-BB ALGORITHMES D'APPRENTISSAGE PROFOND/Examen Final/PasteAsFile/build/Release/PasteAsFile.app/Contents/PlugIns/PasteAsFileFinder.appex
file with invalid attached data: Disallowed xattr com.apple.FinderInfo found on /Users/bf/Library/CloudStorage/GoogleDrive-bernynoussi@gmail.com/Mon Drive/Formation/ColleÃÄge BDEB/ETE_2026/420-A60-BB ALGORITHMES D'APPRENTISSAGE PROFOND/Examen Final/PasteAsFile/build/Release/PasteAsFile.app/Contents/PlugIns/PasteAsFileFinder.appex
